product_id,title,category,subcategory,brand,original_price,discounted_price,discount_percentage,rating,review_count,availability,seller_name,image_url,product_url,description,colors_available,sizes_available,material,cod_available,return_policy,delivery_time,scraped_at,source_page,_source_file
MEESHO_1000000,Manthan Handbag - Home Decor,Home & Kitchen,Home Decor,Manthan,1166,653,44,3.7,4909,Out of Stock,Seller_829,https://images.meesho.com/images/products/1000000/1_512.jpg,https://www.meesho.com/product/1000000,High quality handbag from Manthan. Perfect for daily wear.,4,Free Size,Cotton Blend,False,No return,3 days,2025-08-18T21:35:19.366675,category/home-&-kitchen,meesho_complete_dataset_20250902_213519.json
MEESHO_1000001,Vishudh Denim Jeans - Sports & Fitness,Sports & Fitness,Sports & Fitness,Vishudh,2089,982,53,4.1,1569,Out of Stock,Seller_141,https://images.meesho.com/images/products/1000001/1_512.jpg,https://www.meesho.com/product/1000001,High quality denim jeans from Vishudh. Perfect for daily wear.,5,One Size,Rayon,True,15 days,6 days,2025-08-11T21:35:19.366695,category/sports-&-fitness,meesho_complete_dataset_20250902_213519.json
MEESHO_1000002,Roadster Kitchen Set - Books,Books,Books,Roadster,225,155,31,3.9,4726,Out of Stock,Seller_625,https://images.meesho.com/images/products/1000002/1_512.jpg,https://www.meesho.com/product/1000002,High quality kitchen set from Roadster. Perfect for daily wear.,7,Free Size,Rayon,True,No return,6 days,2025-08-23T21:35:19.366705,category/books,meesho_complete_dataset_20250902_213519.json
MEESHO_1000003,Vishudh Face Cream - Books,Books,Books,Vishudh,477,315,34,4.2,835,Limited Stock,Seller_629,https://images.meesho.com/images/products/1000003/1_512.jpg,https://www.meesho.com/product/1000003,High quality face cream from Vishudh. Perfect for daily wear.,6,One Size,Cotton Blend,True,15 days,9 days,2025-08-24T21:35:19.366713,category/books,meesho_complete_dataset_20250902_213519.json
MEESHO_1000004,Janasya Cotton Kurti - Toys & Games,Toys & Games,Toys & Games,Janasya,1064,596,44,4.1,1323,In Stock,Seller_604,https://images.meesho.com/images/products/1000004/1_512.jpg,https://www.meesho.com/product/1000004,High quality cotton kurti from Janasya. Perfect for daily wear.,5,"28,30,32,34",Cotton Blend,True,7 days,6 days,2025-08-26T21:35:19.366720,category/toys-&-games,meesho_complete_dataset_20250902_213519.json
MEESHO_1000005,Roadster Cotton Kurti - Girls Clothing,Kids Clothing,Girls Clothing,Roadster,1296,739,43,3.7,4719,Limited Stock,Seller_431,https://images.meesho.com/images/products/1000005/1_512.jpg,https://www.meesho.com/product/1000005,High quality cotton kurti from Roadster. Perfect for daily wear.,4,Free Size,Cotton,True,7 days,6 days,2025-08-12T21:35:19.366727,category/kids-clothing,meesho_complete_dataset_20250902_213519.json
MEESHO_1000006,Varanga Running Shoes - Tops,Women Clothing,Tops,Varanga,1648,676,59,3.3,4427,In Stock,Seller_973,https://images.meesho.com/images/products/1000006/1_512.jpg,https://www.meesho.com/product/1000006,High quality running shoes from Varanga. Perfect for daily wear.,8,Free Size,Rayon,True,7 days,3 days,2025-08-14T21:35:19.366733,category/women-clothing,meesho_complete_dataset_20250902_213519.json
MEESHO_1000007,Indya Handbag - Sports & Fitness,Sports & Fitness,Sports & Fitness,Indya,2321,766,67,4.2,2420,In Stock,Seller_150,https://images.meesho.com/images/products/1000007/1_512.jpg,https://www.meesho.com/product/1000007,High quality handbag from Indya. Perfect for daily wear.,6,"28,30,32,34",Silk,False,15 days,8 days,2025-08-14T21:35:19.366740,category/sports-&-fitness,meesho_complete_dataset_20250902_213519.json
MEESHO_1000008,Indya Face Cream - Kurtas,Women Clothing,Kurtas,Indya,982,520,47,3.8,1056,Out of Stock,Seller_395,https://images.meesho.com/images/products/1000008/1_512.jpg,https://www.meesho.com/product/1000008,High quality face cream from Indya. Perfect for daily wear.,2,One Size,Polyester,False,7 days,7 days,2025-08-12T21:35:19.366747,category/women-clothing,meesho_complete_dataset_20250902_213519.json
MEESHO_1000009,Mast & Harbour Kids T-Shirt - Chargers,Electronics,Chargers,Mast & Harbour,1404,800,43,4.1,307,Limited Stock,Seller_683,https://images.meesho.com/images/products/1000009/1_512.jpg,https://www.meesho.com/product/1000009,High quality kids t-shirt from Mast & Harbour. Perfect for daily wear.,7,"28,30,32,34",Cotton Blend,True,15 days,4 days,2025-08-19T21:35:19.366755,category/electronics,meesho_complete_dataset_20250902_213519.json
MEESHO_1000010,Manthan Cotton Kurti - Automotive,Automotive,Automotive,Manthan,1815,1089,40,4.6,859,Out of Stock,Seller_36,https://images.meesho.com/images/products/1000010/1_512.jpg,https://www.meesho.com/product/1000010,High quality cotton kurti from Manthan. Perfect for daily wear.,6,"S,M,L,XL",Polyester,False,15 days,6 days,2025-08-27T21:35:19.366762,category/automotive,meesho_complete_dataset_20250902_213519.json
MEESHO_1000011,DressBerry Wall Clock - School Uniforms,Kids Clothing,School Uniforms,DressBerry,2221,1777,20,4.3,2234,In Stock,Seller_665,https://images.meesho.com/images/products/1000011/1_512.jpg,https://www.meesho.com/product/1000011,High quality wall clock from DressBerry. Perfect for daily wear.,4,Free Size,Silk,True,7 days,10 days,2025-08-17T21:35:19.366769,category/kids-clothing,meesho_complete_dataset_20250902_213519.json
MEESHO_1000012,Manthan Running Shoes - Sports & Fitness,Sports & Fitness,Sports & Fitness,Manthan,472,170,64,4.0,550,In Stock,Seller_334,https://images.meesho.com/images/products/1000012/1_512.jpg,https://www.meesho.com/product/1000012,High quality running shoes from Manthan. Perfect for daily wear.,8,"S,M,L,XL",Polyester,False,15 days,8 days,2025-08-23T21:35:19.366776,category/sports-&-fitness,meesho_complete_dataset_20250902_213519.json
MEESHO_1000013,MIMOSA Ethnic Suit - Books,Books,Books,MIMOSA,1093,809,26,3.8,4650,In Stock,Seller_678,https://images.meesho.com/images/products/1000013/1_512.jpg,https://www.meesho.com/product/1000013,High quality ethnic suit from MIMOSA. Perfect for daily wear.,1,Free Size,Rayon,False,15 days,7 days,2025-08-10T21:35:19.366782,category/books,meesho_complete_dataset_20250902_213519.json
MEESHO_1000014,Anouk Hair Oil - Hair Accessories,Accessories,Hair Accessories,Anouk,1152,357,69,4.6,3542,In Stock,Seller_25,https://images.meesho.com/images/products/1000014/1_512.jpg,https://www.meesho.com/product/1000014,High quality hair oil from Anouk. Perfect for daily wear.,4,"S,M,L,XL",Silk,False,No return,6 days,2025-08-17T21:35:19.366789,category/accessories,meesho_complete_dataset_20250902_213519.json
MEESHO_1000015,Sangria Kitchen Set - Toys & Games,Toys & Games,Toys & Games,Sangria,1695,1271,25,3.6,1811,Limited Stock,Seller_473,https://images.meesho.com/images/products/1000015/1_512.jpg,https://www.meesho.com/product/1000015,High quality kitchen set from Sangria. Perfect for daily wear.,1,Free Size,Silk,False,No return,10 days,2025-08-07T21:35:19.366796,category/toys-&-games,meesho_complete_dataset_20250902_213519.json
MEESHO_1000016,Sangria Handbag - Bedding,Home & Kitchen,Bedding,Sangria,2179,915,58,3.4,448,Limited Stock,Seller_366,https://images.meesho.com/images/products/1000016/1_512.jpg,https://www.meesho.com/product/1000016,High quality handbag from Sangria. Perfect for daily wear.,8,"S,M,L,XL",Silk,True,15 days,5 days,2025-08-22T21:35:19.366802,category/home-&-kitchen,meesho_complete_dataset_20250902_213519.json
MEESHO_1000017,Anouk Kitchen Set - Sports & Fitness,Sports & Fitness,Sports & Fitness,Anouk,893,438,51,3.6,3764,Limited Stock,Seller_794,https://images.meesho.com/images/products/1000017/1_512.jpg,https://www.meesho.com/product/1000017,High quality kitchen set from Anouk. Perfect for daily wear.,5,"28,30,32,34",Rayon,False,7 days,7 days,2025-09-01T21:35:19.366809,category/sports-&-fitness,meesho_complete_dataset_20250902_213519.json
MEESHO_1000018,Libas Kids T-Shirt - Books,Books,Books,Libas,2295,872,62,4.2,2508,Out of Stock,Seller_552,https://images.meesho.com/images/products/1000018/1_512.jpg,https://www.meesho.com/product/1000018,High quality kids t-shirt from Libas. Perfect for daily wear.,1,"S,M,L,XL",Silk,False,15 days,5 days,2025-09-01T21:35:19.366815,category/books,meesho_complete_dataset_20250902_213519.json
MEESHO_1000019,Sangria Printed Saree - Health Supplements,Beauty & Health,Health Supplements,Sangria,697,411,41,3.7,3989,Limited Stock,Seller_690,https://images.meesho.com/images/products/1000019/1_512.jpg,https://www.meesho.com/product/1000019,High quality printed saree from Sangria. Perfect for daily wear.,8,One Size,Rayon,True,7 days,9 days,2025-08-19T21:35:19.366822,category/beauty-&-health,meesho_complete_dataset_20250902_213519.json
MEESHO_1000020,HERE&NOW Cotton Kurti - Wallets,Bags & Footwear,Wallets,HERE&NOW,2843,2274,20,4.1,4776,Limited Stock,Seller_985,https://images.meesho.com/images/products/1000020/1_512.jpg,https://www.meesho.com/product/1000020,High quality cotton kurti from HERE&NOW. Perfect for daily wear.,5,"28,30,32,34",Cotton Blend,True,No return,6 days,2025-09-01T21:35:19.366829,category/bags-&-footwear,meesho_complete_dataset_20250902_213519.json
MEESHO_1000021,Sangria Cotton Kurti - School Uniforms,Kids Clothing,School Uniforms,Sangria,467,187,60,3.7,1065,Out of Stock,Seller_128,https://images.meesho.com/images/products/1000021/1_512.jpg,https://www.meesho.com/product/1000021,High quality cotton kurti from Sangria. Perfect for daily wear.,3,"S,M,L,XL",Polyester,False,7 days,3 days,2025-08-30T21:35:19.366836,category/kids-clothing,meesho_complete_dataset_20250902_213519.json
MEESHO_1000022,Vishudh Casual Dress - Ethnic Wear,Women Clothing,Ethnic Wear,Vishudh,601,385,36,3.2,2440,Out of Stock,Seller_335,https://images.meesho.com/images/products/1000022/1_512.jpg,https://www.meesho.com/product/1000022,High quality casual dress from Vishudh. Perfect for daily wear.,3,"S,M,L,XL",Rayon,True,15 days,9 days,2025-08-10T21:35:19.366843,category/women-clothing,meesho_complete_dataset_20250902_213519.json
MEESHO_1000023,SASSAFRAS Denim Jeans - Baby Clothing,Kids Clothing,Baby Clothing,SASSAFRAS,2687,2123,21,3.8,3557,Limited Stock,Seller_932,https://images.meesho.com/images/products/1000023/1_512.jpg,https://www.meesho.com/product/1000023,High quality denim jeans from SASSAFRAS. Perfect for daily wear.,2,"28,30,32,34",Cotton Blend,False,15 days,4 days,2025-08-08T21:35:19.366849,category/kids-clothing,meesho_complete_dataset_20250902_213519.json
MEESHO_1000024,Soch Bedsheet Set - Backpacks,Bags & Footwear,Backpacks,Soch,2120,1230,42,4.0,1073,Out of Stock,Seller_963,https://images.meesho.com/images/products/1000024/1_512.jpg,https://www.meesho.com/product/1000024,High quality bedsheet set from Soch. Perfect for daily wear.,6,Free Size,Rayon,True,No return,10 days,2025-08-23T21:35:19.366856,category/bags-&-footwear,meesho_complete_dataset_20250902_213519.json
MEESHO_1000025,Global Desi Formal Shirt - Sports & Fitness,Sports & Fitness,Sports & Fitness,Global Desi,717,351,51,4.1,876,Out of Stock,Seller_728,https://images.meesho.com/images/products/1000025/1_512.jpg,https://www.meesho.com/product/1000025,High quality formal shirt from Global Desi. Perfect for daily wear.,5,"28,30,32,34",Rayon,False,15 days,7 days,2025-08-28T21:35:19.366862,category/sports-&-fitness,meesho_complete_dataset_20250902_213519.json
MEESHO_1000026,Global Desi Wall Clock - Shirts,Men Clothing,Shirts,Global Desi,2357,2051,13,3.6,3779,In Stock,Seller_396,https://images.meesho.com/images/products/1000026/1_512.jpg,https://www.meesho.com/product/1000026,High quality wall clock from Global Desi. Perfect for daily wear.,7,"S,M,L,XL",Polyester,True,No return,6 days,2025-08-11T21:35:19.366869,category/men-clothing,meesho_complete_dataset_20250902_213519.json
MEESHO_1000027,Global Desi Hair Oil - Toys & Games,Toys & Games,Toys & Games,Global Desi,718,388,46,4.3,2574,In Stock,Seller_709,https://images.meesho.com/images/products/1000027/1_512.jpg,https://www.meesho.com/product/1000027,High quality hair oil from Global Desi. Perfect for daily wear.,5,"28,30,32,34",Rayon,False,No return,6 days,2025-08-07T21:35:19.366875,category/toys-&-games,meesho_complete_dataset_20250902_213519.json
MEESHO_1000028,Libas Handbag - Books,Books,Books,Libas,2622,2150,18,3.6,1117,Out of Stock,Seller_759,https://images.meesho.com/images/products/1000028/1_512.jpg,https://www.meesho.com/product/1000028,High quality handbag from Libas. Perfect for daily wear.,4,Free Size,Cotton,False,7 days,6 days,2025-08-30T21:35:19.366882,category/books,meesho_complete_dataset_20250902_213519.json
MEESHO_1000029,DressBerry Bedsheet Set - Backpacks,Bags & Footwear,Backpacks,DressBerry,108,77,29,3.5,3398,In Stock,Seller_228,https://images.meesho.com/images/products/1000029/1_512.jpg,https://www.meesho.com/product/1000029,High quality bedsheet set from DressBerry. Perfect for daily wear.,5,Free Size,Rayon,False,7 days,3 days,2025-08-16T21:35:19.366888,category/bags-&-footwear,meesho_complete_dataset_20250902_213519.json
MEESHO_1000030,Soch Denim Jeans - Ethnic Wear,Men Clothing,Ethnic Wear,Soch,1771,1133,36,4.7,302,Out of Stock,Seller_958,https://images.meesho.com/images/products/1000030/1_512.jpg,https://www.meesho.com/product/1000030,High quality denim jeans from Soch. Perfect for daily wear.,7,Free Size,Rayon,False,No return,5 days,2025-08-15T21:35:19.366896,category/men-clothing,meesho_complete_dataset_20250902_213519.json
MEESHO_1000031,Vishudh Mobile Cover - Automotive,Automotive,Automotive,Vishudh,288,92,68,4.3,3169,Out of Stock,Seller_433,https://images.meesho.com/images/products/1000031/1_512.jpg,https://www.meesho.com/product/1000031,High quality mobile cover from Vishudh. Perfect for daily wear.,6,Free Size,Silk,True,7 days,6 days,2025-08-08T21:35:19.366903,category/automotive,meesho_complete_dataset_20250902_213519.json
MEESHO_1000032,Indya Denim Jeans - Shirts,Men Clothing,Shirts,Indya,169,152,10,3.6,3092,In Stock,Seller_762,https://images.meesho.com/images/products/1000032/1_512.jpg,https://www.meesho.com/product/1000032,High quality denim jeans from Indya. Perfect for daily wear.,5,One Size,Silk,True,15 days,6 days,2025-08-04T21:35:19.366909,category/men-clothing,meesho_complete_dataset_20250902_213519.json
MEESHO_1000033,Roadster Wall Clock - Toys & Games,Toys & Games,Toys & Games,Roadster,939,282,70,3.3,2438,In Stock,Seller_138,https://images.meesho.com/images/products/1000033/1_512.jpg,https://www.meesho.com/product/1000033,High quality wall clock from Roadster. Perfect for daily wear.,4,"S,M,L,XL",Cotton Blend,True,7 days,5 days,2025-08-22T21:35:19.366916,category/toys-&-games,meesho_complete_dataset_20250902_213519.json
MEESHO_1000034,Roadster Ethnic Suit - Baby Clothing,Kids Clothing,Baby Clothing,Roadster,1848,813,56,4.5,4843,In Stock,Seller_712,https://images.meesho.com/images/products/1000034/1_512.jpg,https://www.meesho.com/product/1000034,High quality ethnic suit from Roadster. Perfect for daily wear.,5,One Size,Cotton Blend,True,No return,6 days,2025-08-09T21:35:19.366922,category/kids-clothing,meesho_complete_dataset_20250902_213519.json
MEESHO_1000035,Soch Denim Jeans - Sarees,Women Clothing,Sarees,Soch,1295,777,40,3.2,2844,In Stock,Seller_394,https://images.meesho.com/images/products/1000035/1_512.jpg,https://www.meesho.com/product/1000035,High quality denim jeans from Soch. Perfect for daily wear.,5,"S,M,L,XL",Polyester,False,15 days,4 days,2025-08-10T21:35:19.366929,category/women-clothing,meesho_complete_dataset_20250902_213519.json
MEESHO_1000036,Manthan Denim Jeans - Automotive,Automotive,Automotive,Manthan,2413,1858,23,3.1,4360,In Stock,Seller_264,https://images.meesho.com/images/products/1000036/1_512.jpg,https://www.meesho.com/product/1000036,High quality denim jeans from Manthan. Perfect for daily wear.,2,"S,M,L,XL",Rayon,True,No return,10 days,2025-08-11T21:35:19.366935,category/automotive,meesho_complete_dataset_20250902_213519.json
MEESHO_1000037,Indya Cotton Kurti - Mobile Accessories,Electronics,Mobile Accessories,Indya,376,256,32,4.5,1521,In Stock,Seller_523,https://images.meesho.com/images/products/1000037/1_512.jpg,https://www.meesho.com/product/1000037,High quality cotton kurti from Indya. Perfect for daily wear.,3,"28,30,32,34",Silk,False,7 days,3 days,2025-08-26T21:35:19.366941,category/electronics,meesho_complete_dataset_20250902_213519.json
MEESHO_1000038,Mast & Harbour Bedsheet Set - Personal Care,Beauty & Health,Personal Care,Mast & Harbour,798,311,61,3.3,4904,In Stock,Seller_2,https://images.meesho.com/images/products/1000038/1_512.jpg,https://www.meesho.com/product/1000038,High quality bedsheet set from Mast & Harbour. Perfect for daily wear.,6,"28,30,32,34",Cotton Blend,False,7 days,4 days,2025-08-14T21:35:19.366948,category/beauty-&-health,meesho_complete_dataset_20250902_213519.json
MEESHO_1000039,HERE&NOW Kids T-Shirt - Headphones,Electronics,Headphones,HERE&NOW,2669,2322,13,4.3,1466,Out of Stock,Seller_926,https://images.meesho.com/images/products/1000039/1_512.jpg,https://www.meesho.com/product/1000039,High quality kids t-shirt from HERE&NOW. Perfect for daily wear.,1,One Size,Cotton,True,7 days,5 days,2025-08-08T21:35:19.366954,category/electronics,meesho_complete_dataset_20250902_213519.json
MEESHO_1000040,Roadster Casual Dress - School Uniforms,Kids Clothing,School Uniforms,Roadster,2938,2439,17,4.7,2971,Limited Stock,Seller_833,https://images.meesho.com/images/products/1000040/1_512.jpg,https://www.meesho.com/product/1000040,High quality casual dress from Roadster. Perfect for daily wear.,5,Free Size,Cotton Blend,False,No return,7 days,2025-08-30T21:35:19.366961,category/kids-clothing,meesho_complete_dataset_20250902_213519.json
MEESHO_1000041,Soch Ethnic Suit - Toys & Games,Toys & Games,Toys & Games,Soch,2220,1931,13,3.2,3050,Limited Stock,Seller_916,https://images.meesho.com/images/products/1000041/1_512.jpg,https://www.meesho.com/product/1000041,High quality ethnic suit from Soch. Perfect for daily wear.,7,One Size,Polyester,False,7 days,5 days,2025-08-18T21:35:19.366967,category/toys-&-games,meesho_complete_dataset_20250902_213519.json
MEESHO_1000042,SASSAFRAS Kitchen Set - Bedding,Home & Kitchen,Bedding,SASSAFRAS,1792,1326,26,3.5,2202,Limited Stock,Seller_600,https://images.meesho.com/images/products/1000042/1_512.jpg,https://www.meesho.com/product/1000042,High quality kitchen set from SASSAFRAS. Perfect for daily wear.,6,Free Size,Rayon,False,15 days,8 days,2025-08-03T21:35:19.366973,category/home-&-kitchen,meesho_complete_dataset_20250902_213519.json
MEESHO_1000043,Manthan Handbag - Sports & Fitness,Sports & Fitness,Sports & Fitness,Manthan,2310,1617,30,4.5,4651,In Stock,Seller_372,https://images.meesho.com/images/products/1000043/1_512.jpg,https://www.meesho.com/product/1000043,High quality handbag from Manthan. Perfect for daily wear.,3,"28,30,32,34",Rayon,True,15 days,3 days,2025-08-03T21:35:19.366980,category/sports-&-fitness,meesho_complete_dataset_20250902_213519.json
MEESHO_1000044,Aks Hair Oil - Kitchen Appliances,Home & Kitchen,Kitchen Appliances,Aks,669,375,44,4.7,1890,Limited Stock,Seller_80,https://images.meesho.com/images/products/1000044/1_512.jpg,https://www.meesho.com/product/1000044,High quality hair oil from Aks. Perfect for daily wear.,4,One Size,Cotton Blend,True,7 days,8 days,2025-08-22T21:35:19.366986,category/home-&-kitchen,meesho_complete_dataset_20250902_213519.json
MEESHO_1000045,Libas Jewelry Set - Kitchen Appliances,Home & Kitchen,Kitchen Appliances,Libas,1513,1120,26,3.7,4748,Limited Stock,Seller_154,https://images.meesho.com/images/products/1000045/1_512.jpg,https://www.meesho.com/product/1000045,High quality jewelry set from Libas. Perfect for daily wear.,8,"S,M,L,XL",Polyester,False,No return,9 days,2025-08-03T21:35:19.366993,category/home-&-kitchen,meesho_complete_dataset_20250902_213519.json
MEESHO_1000046,Mast & Harbour Jewelry Set - Girls Clothing,Kids Clothing,Girls Clothing,Mast & Harbour,204,92,55,3.7,3728,Limited Stock,Seller_520,https://images.meesho.com/images/products/1000046/1_512.jpg,https://www.meesho.com/product/1000046,High quality jewelry set from Mast & Harbour. Perfect for daily wear.,8,"28,30,32,34",Rayon,False,No return,5 days,2025-08-16T21:35:19.367000,category/kids-clothing,meesho_complete_dataset_20250902_213519.json
MEESHO_1000047,Anouk Formal Shirt - Ethnic Wear,Women Clothing,Ethnic Wear,Anouk,2959,1835,38,4.5,2686,Limited Stock,Seller_618,https://images.meesho.com/images/products/1000047/1_512.jpg,https://www.meesho.com/product/1000047,High quality formal shirt from Anouk. Perfect for daily wear.,4,Free Size,Polyester,True,7 days,6 days,2025-09-01T21:35:19.367006,category/women-clothing,meesho_complete_dataset_20250902_213519.json
MEESHO_1000048,Indya Kitchen Set - Sandals,Bags & Footwear,Sandals,Indya,1940,1242,36,3.4,4561,Out of Stock,Seller_427,https://images.meesho.com/images/products/1000048/1_512.jpg,https://www.meesho.com/product/1000048,High quality kitchen set from Indya. Perfect for daily wear.,3,Free Size,Rayon,True,15 days,4 days,2025-08-03T21:35:19.367012,category/bags-&-footwear,meesho_complete_dataset_20250902_213519.json
MEESHO_1000049,Aks Jewelry Set - Backpacks,Bags & Footwear,Backpacks,Aks,1373,412,70,4.1,1320,Out of Stock,Seller_576,https://images.meesho.com/images/products/1000049/1_512.jpg,https://www.meesho.com/product/1000049,High quality jewelry set from Aks. Perfect for daily wear.,5,"28,30,32,34",Cotton,True,15 days,3 days,2025-08-12T21:35:19.367019,category/bags-&-footwear,meesho_complete_dataset_20250902_213519.json
MEESHO_1000050,Indya Running Shoes - Books,Books,Books,Indya,608,480,21,3.0,3681,Limited Stock,Seller_364,https://images.meesho.com/images/products/1000050/1_512.jpg,https://www.meesho.com/product/1000050,High quality running shoes from Indya. Perfect for daily wear.,2,"28,30,32,34",Cotton Blend,True,15 days,8 days,2025-08-27T21:35:19.367025,category/books,meesho_complete_dataset_20250902_213519.json
MEESHO_1000051,Libas Kitchen Set - Dresses,Women Clothing,Dresses,Libas,773,472,39,4.4,2995,Limited Stock,Seller_416,https://images.meesho.com/images/products/1000051/1_512.jpg,https://www.meesho.com/product/1000051,High quality kitchen set from Libas. Perfect for daily wear.,7,"28,30,32,34",Cotton Blend,True,15 days,7 days,2025-08-30T21:35:19.367033,category/women-clothing,meesho_complete_dataset_20250902_213519.json
MEESHO_1000052,MIMOSA Casual Dress - Baby Clothing,Kids Clothing,Baby Clothing,MIMOSA,1717,618,64,3.4,3499,Limited Stock,Seller_704,https://images.meesho.com/images/products/1000052/1_512.jpg,https://www.meesho.com/product/1000052,High quality casual dress from MIMOSA. Perfect for daily wear.,6,One Size,Rayon,False,15 days,6 days,2025-08-12T21:35:19.367039,category/kids-clothing,meesho_complete_dataset_20250902_213519.json
MEESHO_1000053,Libas Casual Dress - Dresses,Women Clothing,Dresses,Libas,1166,676,42,4.7,1197,In Stock,Seller_24,https://images.meesho.com/images/products/1000053/1_512.jpg,https://www.meesho.com/product/1000053,High quality casual dress from Libas. Perfect for daily wear.,1,"S,M,L,XL",Silk,False,No return,7 days,2025-08-20T21:35:19.367046,category/women-clothing,meesho_complete_dataset_20250902_213519.json
MEESHO_1000054,Mast & Harbour Denim Jeans - Health Supplements,Beauty & Health,Health Supplements,Mast & Harbour,756,257,66,3.3,3572,Limited Stock,Seller_632,https://images.meesho.com/images/products/1000054/1_512.jpg,https://www.meesho.com/product/1000054,High quality denim jeans from Mast & Harbour. Perfect for daily wear.,3,One Size,Rayon,False,7 days,6 days,2025-08-26T21:35:19.367052,category/beauty-&-health,meesho_complete_dataset_20250902_213519.json
MEESHO_1000055,Global Desi Handbag - Books,Books,Books,Global Desi,2492,2068,17,3.3,2629,Out of Stock,Seller_448,https://images.meesho.com/images/products/1000055/1_512.jpg,https://www.meesho.com/product/1000055,High quality handbag from Global Desi. Perfect for daily wear.,6,Free Size,Rayon,False,No return,4 days,2025-08-26T21:35:19.367058,category/books,meesho_complete_dataset_20250902_213519.json
MEESHO_1000056,Sangria Formal Shirt - Books,Books,Books,Sangria,699,419,40,3.3,582,Out of Stock,Seller_185,https://images.meesho.com/images/products/1000056/1_512.jpg,https://www.meesho.com/product/1000056,High quality formal shirt from Sangria. Perfect for daily wear.,5,One Size,Polyester,False,No return,7 days,2025-08-07T21:35:19.367065,category/books,meesho_complete_dataset_20250902_213519.json
MEESHO_1000057,Manthan Printed Saree - Health Supplements,Beauty & Health,Health Supplements,Manthan,150,114,24,4.4,618,Limited Stock,Seller_308,https://images.meesho.com/images/products/1000057/1_512.jpg,https://www.meesho.com/product/1000057,High quality printed saree from Manthan. Perfect for daily wear.,1,One Size,Rayon,True,No return,6 days,2025-08-27T21:35:19.367071,category/beauty-&-health,meesho_complete_dataset_20250902_213519.json
MEESHO_1000058,Indya Bedsheet Set - Toys & Games,Toys & Games,Toys & Games,Indya,1310,537,59,3.1,2351,In Stock,Seller_68,https://images.meesho.com/images/products/1000058/1_512.jpg,https://www.meesho.com/product/1000058,High quality bedsheet set from Indya. Perfect for daily wear.,4,"S,M,L,XL",Cotton Blend,True,7 days,3 days,2025-08-08T21:35:19.367078,category/toys-&-games,meesho_complete_dataset_20250902_213519.json
MEESHO_1000059,Manthan Bedsheet Set - Chargers,Electronics,Chargers,Manthan,1816,1525,16,3.2,56,In Stock,Seller_420,https://images.meesho.com/images/products/1000059/1_512.jpg,https://www.meesho.com/product/1000059,High quality bedsheet set from Manthan. Perfect for daily wear.,4,"S,M,L,XL",Cotton,True,No return,3 days,2025-08-11T21:35:19.367084,category/electronics,meesho_complete_dataset_20250902_213519.json
MEESHO_1000060,Anouk Casual Dress - Automotive,Automotive,Automotive,Anouk,547,252,54,4.0,4236,In Stock,Seller_209,https://images.meesho.com/images/products/1000060/1_512.jpg,https://www.meesho.com/product/1000060,High quality casual dress from Anouk. Perfect for daily wear.,5,Free Size,Silk,False,15 days,9 days,2025-08-07T21:35:19.367091,category/automotive,meesho_complete_dataset_20250902_213519.json
MEESHO_1000061,Soch Running Shoes - Wallets,Bags & Footwear,Wallets,Soch,1205,1036,14,4.4,2848,In Stock,Seller_920,https://images.meesho.com/images/products/1000061/1_512.jpg,https://www.meesho.com/product/1000061,High quality running shoes from Soch. Perfect for daily wear.,8,One Size,Polyester,True,15 days,6 days,2025-08-04T21:35:19.367097,category/bags-&-footwear,meesho_complete_dataset_20250902_213519.json
MEESHO_1000062,Libas Kids T-Shirt - Sports & Fitness,Sports & Fitness,Sports & Fitness,Libas,1215,887,27,3.7,3258,Limited Stock,Seller_684,https://images.meesho.com/images/products/1000062/1_512.jpg,https://www.meesho.com/product/1000062,High quality kids t-shirt from Libas. Perfect for daily wear.,6,Free Size,Silk,True,No return,4 days,2025-08-27T21:35:19.367104,category/sports-&-fitness,meesho_complete_dataset_20250902_213519.json
MEESHO_1000063,Varanga Formal Shirt - Automotive,Automotive,Automotive,Varanga,2358,1438,39,4.1,4239,Out of Stock,Seller_577,https://images.meesho.com/images/products/1000063/1_512.jpg,https://www.meesho.com/product/1000063,High quality formal shirt from Varanga. Perfect for daily wear.,5,Free Size,Cotton Blend,False,No return,5 days,2025-08-22T21:35:19.367110,category/automotive,meesho_complete_dataset_20250902_213519.json
MEESHO_1000064,Soch Kitchen Set - Hair Accessories,Accessories,Hair Accessories,Soch,2549,2014,21,3.9,4127,Limited Stock,Seller_546,https://images.meesho.com/images/products/1000064/1_512.jpg,https://www.meesho.com/product/1000064,High quality kitchen set from Soch. Perfect for daily wear.,6,"28,30,32,34",Cotton,True,No return,8 days,2025-08-22T21:35:19.367117,category/accessories,meesho_complete_dataset_20250902_213519.json
MEESHO_1000065,HERE&NOW Ethnic Suit - Books,Books,Books,HERE&NOW,848,619,27,3.7,852,In Stock,Seller_525,https://images.meesho.com/images/products/1000065/1_512.jpg,https://www.meesho.com/product/1000065,High quality ethnic suit from HERE&NOW. Perfect for daily wear.,7,One Size,Cotton Blend,False,15 days,7 days,2025-08-17T21:35:19.367124,category/books,meesho_complete_dataset_20250902_213519.json
MEESHO_1000066,Janasya Cotton Kurti - Automotive,Automotive,Automotive,Janasya,1144,961,16,3.5,2267,Out of Stock,Seller_774,https://images.meesho.com/images/products/1000066/1_512.jpg,https://www.meesho.com/product/1000066,High quality cotton kurti from Janasya. Perfect for daily wear.,4,Free Size,Silk,False,15 days,6 days,2025-08-23T21:35:19.367130,category/automotive,meesho_complete_dataset_20250902_213519.json
MEESHO_1000067,MIMOSA Denim Jeans - Makeup,Beauty & Health,Makeup,MIMOSA,2327,2024,13,3.8,4655,Limited Stock,Seller_817,https://images.meesho.com/images/products/1000067/1_512.jpg,https://www.meesho.com/product/1000067,High quality denim jeans from MIMOSA. Perfect for daily wear.,6,"S,M,L,XL",Polyester,False,15 days,3 days,2025-08-15T21:35:19.367137,category/beauty-&-health,meesho_complete_dataset_20250902_213519.json
MEESHO_1000068,MIMOSA Jewelry Set - Toys & Games,Toys & Games,Toys & Games,MIMOSA,1280,819,36,3.8,3154,In Stock,Seller_181,https://images.meesho.com/images/products/1000068/1_512.jpg,https://www.meesho.com/product/1000068,High quality jewelry set from MIMOSA. Perfect for daily wear.,2,One Size,Rayon,False,15 days,5 days,2025-08-05T21:35:19.367143,category/toys-&-games,meesho_complete_dataset_20250902_213519.json
MEESHO_1000069,Varanga Ethnic Suit - Toys & Games,Toys & Games,Toys & Games,Varanga,2492,1296,48,4.3,1333,Out of Stock,Seller_99,https://images.meesho.com/images/products/1000069/1_512.jpg,https://www.meesho.com/product/1000069,High quality ethnic suit from Varanga. Perfect for daily wear.,4,Free Size,Silk,True,No return,6 days,2025-09-02T21:35:19.367149,category/toys-&-games,meesho_complete_dataset_20250902_213519.json
MEESHO_1000070,Mast & Harbour Running Shoes - Casual Wear,Men Clothing,Casual Wear,Mast & Harbour,1551,962,38,4.1,3308,In Stock,Seller_578,https://images.meesho.com/images/products/1000070/1_512.jpg,https://www.meesho.com/product/1000070,High quality running shoes from Mast & Harbour. Perfect for daily wear.,7,"S,M,L,XL",Cotton,True,7 days,7 days,2025-08-22T21:35:19.367156,category/men-clothing,meesho_complete_dataset_20250902_213519.json
MEESHO_1000071,HERE&NOW Handbag - Automotive,Automotive,Automotive,HERE&NOW,1459,671,54,3.1,1112,Limited Stock,Seller_141,https://images.meesho.com/images/products/1000071/1_512.jpg,https://www.meesho.com/product/1000071,High quality handbag from HERE&NOW. Perfect for daily wear.,7,"S,M,L,XL",Silk,False,No return,6 days,2025-08-09T21:35:19.367162,category/automotive,meesho_complete_dataset_20250902_213519.json
MEESHO_1000072,Manthan Kids T-Shirt - Toys & Games,Toys & Games,Toys & Games,Manthan,269,137,49,3.3,4247,In Stock,Seller_313,https://images.meesho.com/images/products/1000072/1_512.jpg,https://www.meesho.com/product/1000072,High quality kids t-shirt from Manthan. Perfect for daily wear.,2,"28,30,32,34",Cotton,True,No return,6 days,2025-08-24T21:35:19.367169,category/toys-&-games,meesho_complete_dataset_20250902_213519.json
MEESHO_1000073,GoSriKi Face Cream - Backpacks,Bags & Footwear,Backpacks,GoSriKi,2306,1614,30,4.3,408,Limited Stock,Seller_61,https://images.meesho.com/images/products/1000073/1_512.jpg,https://www.meesho.com/product/1000073,High quality face cream from GoSriKi. Perfect for daily wear.,1,"S,M,L,XL",Cotton Blend,True,No return,3 days,2025-08-31T21:35:19.367176,category/bags-&-footwear,meesho_complete_dataset_20250902_213519.json
MEESHO_1000074,Soch Printed Saree - Sunglasses,Accessories,Sunglasses,Soch,277,202,27,3.6,849,Limited Stock,Seller_187,https://images.meesho.com/images/products/1000074/1_512.jpg,https://www.meesho.com/product/1000074,High quality printed saree from Soch. Perfect for daily wear.,7,"28,30,32,34",Cotton,False,7 days,4 days,2025-08-31T21:35:19.367183,category/accessories,meesho_complete_dataset_20250902_213519.json
MEESHO_1000075,DressBerry Face Cream - Tops,Women Clothing,Tops,DressBerry,459,376,18,3.8,4426,In Stock,Seller_298,https://images.meesho.com/images/products/1000075/1_512.jpg,https://www.meesho.com/product/1000075,High quality face cream from DressBerry. Perfect for daily wear.,4,One Size,Polyester,False,7 days,3 days,2025-09-02T21:35:19.367189,category/women-clothing,meesho_complete_dataset_20250902_213519.json
MEESHO_1000076,SASSAFRAS Cotton Kurti - Automotive,Automotive,Automotive,SASSAFRAS,930,316,66,4.5,2462,Limited Stock,Seller_500,https://images.meesho.com/images/products/1000076/1_512.jpg,https://www.meesho.com/product/1000076,High quality cotton kurti from SASSAFRAS. Perfect for daily wear.,2,"S,M,L,XL",Cotton Blend,True,15 days,3 days,2025-08-11T21:35:19.367195,category/automotive,meesho_complete_dataset_20250902_213519.json
MEESHO_1000077,MIMOSA Printed Saree - Cleaning,Home & Kitchen,Cleaning,MIMOSA,2020,768,62,3.9,3025,In Stock,Seller_870,https://images.meesho.com/images/products/1000077/1_512.jpg,https://www.meesho.com/product/1000077,High quality printed saree from MIMOSA. Perfect for daily wear.,1,"S,M,L,XL",Silk,True,7 days,10 days,2025-08-16T21:35:19.367202,category/home-&-kitchen,meesho_complete_dataset_20250902_213519.json
MEESHO_1000078,Libas Mobile Cover - Headphones,Electronics,Headphones,Libas,627,188,70,3.2,1369,Limited Stock,Seller_984,https://images.meesho.com/images/products/1000078/1_512.jpg,https://www.meesho.com/product/1000078,High quality mobile cover from Libas. Perfect for daily wear.,4,Free Size,Cotton,True,15 days,3 days,2025-08-04T21:35:19.367209,category/electronics,meesho_complete_dataset_20250902_213519.json
MEESHO_1000079,Global Desi Face Cream - School Uniforms,Kids Clothing,School Uniforms,Global Desi,2292,1719,25,4.2,4395,In Stock,Seller_667,https://images.meesho.com/images/products/1000079/1_512.jpg,https://www.meesho.com/product/1000079,High quality face cream from Global Desi. Perfect for daily wear.,5,"S,M,L,XL",Rayon,False,No return,4 days,2025-08-24T21:35:19.367215,category/kids-clothing,meesho_complete_dataset_20250902_213519.json
MEESHO_1000080,DressBerry Kids T-Shirt - Books,Books,Books,DressBerry,1373,865,37,4.6,3275,Out of Stock,Seller_751,https://images.meesho.com/images/products/1000080/1_512.jpg,https://www.meesho.com/product/1000080,High quality kids t-shirt from DressBerry. Perfect for daily wear.,2,One Size,Polyester,True,15 days,9 days,2025-08-18T21:35:19.367223,category/books,meesho_complete_dataset_20250902_213519.json
MEESHO_1000081,Global Desi Casual Dress - Chargers,Electronics,Chargers,Global Desi,1578,1089,31,4.3,755,Limited Stock,Seller_142,https://images.meesho.com/images/products/1000081/1_512.jpg,https://www.meesho.com/product/1000081,High quality casual dress from Global Desi. Perfect for daily wear.,8,"S,M,L,XL",Polyester,False,7 days,8 days,2025-08-22T21:35:19.367230,category/electronics,meesho_complete_dataset_20250902_213519.json
MEESHO_1000082,HERE&NOW Hair Oil - Watches,Accessories,Watches,HERE&NOW,1424,555,61,4.6,4273,Out of Stock,Seller_708,https://images.meesho.com/images/products/1000082/1_512.jpg,https://www.meesho.com/product/1000082,High quality hair oil from HERE&NOW. Perfect for daily wear.,3,Free Size,Rayon,False,15 days,3 days,2025-08-10T21:35:19.367238,category/accessories,meesho_complete_dataset_20250902_213519.json
MEESHO_1000083,DressBerry Printed Saree - Toys & Games,Toys & Games,Toys & Games,DressBerry,470,324,31,3.7,1386,Limited Stock,Seller_618,https://images.meesho.com/images/products/1000083/1_512.jpg,https://www.meesho.com/product/1000083,High quality printed saree from DressBerry. Perfect for daily wear.,6,Free Size,Polyester,True,No return,5 days,2025-08-09T21:35:19.367244,category/toys-&-games,meesho_complete_dataset_20250902_213519.json
MEESHO_1000084,SASSAFRAS Hair Oil - Automotive,Automotive,Automotive,SASSAFRAS,1227,417,66,3.2,1037,Limited Stock,Seller_884,https://images.meesho.com/images/products/1000084/1_512.jpg,https://www.meesho.com/product/1000084,High quality hair oil from SASSAFRAS. Perfect for daily wear.,3,"S,M,L,XL",Rayon,True,15 days,8 days,2025-09-02T21:35:19.367251,category/automotive,meesho_complete_dataset_20250902_213519.json
MEESHO_1000085,MIMOSA Running Shoes - Toys & Games,Toys & Games,Toys & Games,MIMOSA,571,428,25,3.0,3273,Out of Stock,Seller_453,https://images.meesho.com/images/products/1000085/1_512.jpg,https://www.meesho.com/product/1000085,High quality running shoes from MIMOSA. Perfect for daily wear.,1,One Size,Polyester,True,15 days,9 days,2025-08-09T21:35:19.367257,category/toys-&-games,meesho_complete_dataset_20250902_213519.json
MEESHO_1000086,Roadster Face Cream - Toys & Games,Toys & Games,Toys & Games,Roadster,1362,994,27,3.4,1357,Out of Stock,Seller_991,https://images.meesho.com/images/products/1000086/1_512.jpg,https://www.meesho.com/product/1000086,High quality face cream from Roadster. Perfect for daily wear.,8,Free Size,Silk,True,7 days,7 days,2025-08-22T21:35:19.367264,category/toys-&-games,meesho_complete_dataset_20250902_213519.json
MEESHO_1000087,Aks Kitchen Set - Kurtas,Men Clothing,Kurtas,Aks,1140,445,61,4.1,1310,Out of Stock,Seller_760,https://images.meesho.com/images/products/1000087/1_512.jpg,https://www.meesho.com/product/1000087,High quality kitchen set from Aks. Perfect for daily wear.,3,Free Size,Rayon,False,7 days,6 days,2025-08-14T21:35:19.367270,category/men-clothing,meesho_complete_dataset_20250902_213519.json
MEESHO_1000088,Libas Running Shoes - Casual Wear,Men Clothing,Casual Wear,Libas,1840,1582,14,3.7,498,In Stock,Seller_413,https://images.meesho.com/images/products/1000088/1_512.jpg,https://www.meesho.com/product/1000088,High quality running shoes from Libas. Perfect for daily wear.,7,"S,M,L,XL",Cotton Blend,True,15 days,6 days,2025-08-27T21:35:19.367277,category/men-clothing,meesho_complete_dataset_20250902_213519.json
MEESHO_1000089,Vishudh Wall Clock - T-Shirts,Men Clothing,T-Shirts,Vishudh,1337,548,59,3.3,2877,In Stock,Seller_550,https://images.meesho.com/images/products/1000089/1_512.jpg,https://www.meesho.com/product/1000089,High quality wall clock from Vishudh. Perfect for daily wear.,1,Free Size,Cotton Blend,True,No return,7 days,2025-08-15T21:35:19.367283,category/men-clothing,meesho_complete_dataset_20250902_213519.json
MEESHO_1000090,Roadster Jewelry Set - Sports & Fitness,Sports & Fitness,Sports & Fitness,Roadster,1893,1306,31,3.3,379,In Stock,Seller_772,https://images.meesho.com/images/products/1000090/1_512.jpg,https://www.meesho.com/product/1000090,High quality jewelry set from Roadster. Perfect for daily wear.,3,Free Size,Polyester,True,No return,7 days,2025-08-17T21:35:19.367290,category/sports-&-fitness,meesho_complete_dataset_20250902_213519.json
MEESHO_1000091,Roadster Jewelry Set - Mobile Accessories,Electronics,Mobile Accessories,Roadster,824,264,68,3.2,3326,Limited Stock,Seller_237,https://images.meesho.com/images/products/1000091/1_512.jpg,https://www.meesho.com/product/1000091,High quality jewelry set from Roadster. Perfect for daily wear.,6,One Size,Cotton Blend,True,15 days,6 days,2025-08-28T21:35:19.367296,category/electronics,meesho_complete_dataset_20250902_213519.json
MEESHO_1000092,Sangria Printed Saree - Skincare,Beauty & Health,Skincare,Sangria,1962,1059,46,3.8,4075,Limited Stock,Seller_379,https://images.meesho.com/images/products/1000092/1_512.jpg,https://www.meesho.com/product/1000092,High quality printed saree from Sangria. Perfect for daily wear.,2,"S,M,L,XL",Rayon,True,15 days,3 days,2025-08-12T21:35:19.367302,category/beauty-&-health,meesho_complete_dataset_20250902_213519.json
MEESHO_1000093,GoSriKi Bedsheet Set - Shirts,Men Clothing,Shirts,GoSriKi,660,574,13,4.3,4251,In Stock,Seller_325,https://images.meesho.com/images/products/1000093/1_512.jpg,https://www.meesho.com/product/1000093,High quality bedsheet set from GoSriKi. Perfect for daily wear.,7,One Size,Cotton Blend,True,7 days,7 days,2025-08-04T21:35:19.367313,category/men-clothing,meesho_complete_dataset_20250902_213519.json
MEESHO_1000094,Vishudh Printed Saree - Boys Clothing,Kids Clothing,Boys Clothing,Vishudh,1450,1204,17,3.1,4423,In Stock,Seller_973,https://images.meesho.com/images/products/1000094/1_512.jpg,https://www.meesho.com/product/1000094,High quality printed saree from Vishudh. Perfect for daily wear.,7,One Size,Cotton,False,No return,7 days,2025-08-17T21:35:19.367321,category/kids-clothing,meesho_complete_dataset_20250902_213519.json
MEESHO_1000095,Vishudh Kids T-Shirt - Sports & Fitness,Sports & Fitness,Sports & Fitness,Vishudh,552,298,46,4.4,3437,Limited Stock,Seller_367,https://images.meesho.com/images/products/1000095/1_512.jpg,https://www.meesho.com/product/1000095,High quality kids t-shirt from Vishudh. Perfect for daily wear.,3,Free Size,Cotton Blend,True,No return,6 days,2025-08-11T21:35:19.367326,category/sports-&-fitness,meesho_complete_dataset_20250902_213519.json
MEESHO_1000096,Manthan Jewelry Set - Automotive,Automotive,Automotive,Manthan,915,659,28,4.3,993,Limited Stock,Seller_477,https://images.meesho.com/images/products/1000096/1_512.jpg,https://www.meesho.com/product/1000096,High quality jewelry set from Manthan. Perfect for daily wear.,6,"28,30,32,34",Silk,True,7 days,9 days,2025-08-28T21:35:19.367333,category/automotive,meesho_complete_dataset_20250902_213519.json
MEESHO_1000097,GoSriKi Handbag - Automotive,Automotive,Automotive,GoSriKi,2248,1978,12,4.1,544,In Stock,Seller_385,https://images.meesho.com/images/products/1000097/1_512.jpg,https://www.meesho.com/product/1000097,High quality handbag from GoSriKi. Perfect for daily wear.,8,"28,30,32,34",Cotton Blend,False,7 days,8 days,2025-09-01T21:35:19.367339,category/automotive,meesho_complete_dataset_20250902_213519.json
MEESHO_1000098,Janasya Kids T-Shirt - Jewelry,Accessories,Jewelry,Janasya,2896,956,67,4.1,2611,Out of Stock,Seller_805,https://images.meesho.com/images/products/1000098/1_512.jpg,https://www.meesho.com/product/1000098,High quality kids t-shirt from Janasya. Perfect for daily wear.,2,One Size,Polyester,False,15 days,10 days,2025-08-27T21:35:19.367345,category/accessories,meesho_complete_dataset_20250902_213519.json
MEESHO_1000099,Mast & Harbour Formal Shirt - Toys & Games,Toys & Games,Toys & Games,Mast & Harbour,939,310,67,4.3,417,In Stock,Seller_31,https://images.meesho.com/images/products/1000099/1_512.jpg,https://www.meesho.com/product/1000099,High quality formal shirt from Mast & Harbour. Perfect for daily wear.,4,"28,30,32,34",Cotton,False,15 days,6 days,2025-08-08T21:35:19.367351,category/toys-&-games,meesho_complete_dataset_20250902_213519.json
MEESHO_1000100,Aks Face Cream - Makeup,Beauty & Health,Makeup,Aks,919,322,65,4.6,2843,In Stock,Seller_409,https://images.meesho.com/images/products/1000100/1_512.jpg,https://www.meesho.com/product/1000100,High quality face cream from Aks. Perfect for daily wear.,3,"28,30,32,34",Silk,False,No return,8 days,2025-08-04T21:35:19.367357,category/beauty-&-health,meesho_complete_dataset_20250902_213519.json
MEESHO_1000101,Varanga Handbag - Handbags,Bags & Footwear,Handbags,Varanga,2061,1690,18,4.6,1588,In Stock,Seller_262,https://images.meesho.com/images/products/1000101/1_512.jpg,https://www.meesho.com/product/1000101,High quality handbag from Varanga. Perfect for daily wear.,2,"28,30,32,34",Polyester,True,No return,9 days,2025-08-24T21:35:19.367363,category/bags-&-footwear,meesho_complete_dataset_20250902_213519.json
MEESHO_1000102,SASSAFRAS Casual Dress - Sports & Fitness,Sports & Fitness,Sports & Fitness,SASSAFRAS,1563,1047,33,3.0,1337,Out of Stock,Seller_662,https://images.meesho.com/images/products/1000102/1_512.jpg,https://www.meesho.com/product/1000102,High quality casual dress from SASSAFRAS. Perfect for daily wear.,5,One Size,Polyester,False,15 days,10 days,2025-08-21T21:35:19.367369,category/sports-&-fitness,meesho_complete_dataset_20250902_213519.json
MEESHO_1000103,HERE&NOW Printed Saree - Backpacks,Bags & Footwear,Backpacks,HERE&NOW,1990,1632,18,4.1,887,Limited Stock,Seller_227,https://images.meesho.com/images/products/1000103/1_512.jpg,https://www.meesho.com/product/1000103,High quality printed saree from HERE&NOW. Perfect for daily wear.,3,"28,30,32,34",Rayon,False,No return,4 days,2025-09-02T21:35:19.367374,category/bags-&-footwear,meesho_complete_dataset_20250902_213519.json
MEESHO_1000104,Libas Bedsheet Set - Health Supplements,Beauty & Health,Health Supplements,Libas,567,312,45,3.1,2316,Limited Stock,Seller_310,https://images.meesho.com/images/products/1000104/1_512.jpg,https://www.meesho.com/product/1000104,High quality bedsheet set from Libas. Perfect for daily wear.,5,"28,30,32,34",Silk,True,7 days,3 days,2025-08-05T21:35:19.367380,category/beauty-&-health,meesho_complete_dataset_20250902_213519.json
MEESHO_1000105,SASSAFRAS Jewelry Set - Storage,Home & Kitchen,Storage,SASSAFRAS,2946,2563,13,4.1,1551,Limited Stock,Seller_213,https://images.meesho.com/images/products/1000105/1_512.jpg,https://www.meesho.com/product/1000105,High quality jewelry set from SASSAFRAS. Perfect for daily wear.,3,One Size,Rayon,False,7 days,4 days,2025-08-25T21:35:19.367386,category/home-&-kitchen,meesho_complete_dataset_20250902_213519.json
MEESHO_1000106,Roadster Running Shoes - Headphones,Electronics,Headphones,Roadster,417,154,63,3.9,4353,Out of Stock,Seller_302,https://images.meesho.com/images/products/1000106/1_512.jpg,https://www.meesho.com/product/1000106,High quality running shoes from Roadster. Perfect for daily wear.,3,One Size,Cotton Blend,False,15 days,5 days,2025-08-23T21:35:19.367392,category/electronics,meesho_complete_dataset_20250902_213519.json
MEESHO_1000107,Soch Cotton Kurti - Jewelry,Accessories,Jewelry,Soch,2919,2627,10,3.1,3968,In Stock,Seller_436,https://images.meesho.com/images/products/1000107/1_512.jpg,https://www.meesho.com/product/1000107,High quality cotton kurti from Soch. Perfect for daily wear.,1,Free Size,Polyester,True,No return,4 days,2025-08-19T21:35:19.367398,category/accessories,meesho_complete_dataset_20250902_213519.json
MEESHO_1000108,DressBerry Kids T-Shirt - Backpacks,Bags & Footwear,Backpacks,DressBerry,2717,1141,58,4.6,1685,Limited Stock,Seller_870,https://images.meesho.com/images/products/1000108/1_512.jpg,https://www.meesho.com/product/1000108,High quality kids t-shirt from DressBerry. Perfect for daily wear.,1,"S,M,L,XL",Polyester,False,7 days,5 days,2025-08-03T21:35:19.367403,category/bags-&-footwear,meesho_complete_dataset_20250902_213519.json
MEESHO_1000109,HERE&NOW Wall Clock - Kitchen Appliances,Home & Kitchen,Kitchen Appliances,HERE&NOW,1200,732,39,3.6,1343,Out of Stock,Seller_598,https://images.meesho.com/images/products/1000109/1_512.jpg,https://www.meesho.com/product/1000109,High quality wall clock from HERE&NOW. Perfect for daily wear.,7,"28,30,32,34",Cotton,True,7 days,10 days,2025-08-17T21:35:19.367409,category/home-&-kitchen,meesho_complete_dataset_20250902_213519.json
MEESHO_1000110,GoSriKi Handbag - Health Supplements,Beauty & Health,Health Supplements,GoSriKi,2348,1456,38,3.9,1712,Out of Stock,Seller_590,https://images.meesho.com/images/products/1000110/1_512.jpg,https://www.meesho.com/product/1000110,High quality handbag from GoSriKi. Perfect for daily wear.,6,One Size,Cotton Blend,True,7 days,3 days,2025-08-03T21:35:19.367415,category/beauty-&-health,meesho_complete_dataset_20250902_213519.json
MEESHO_1000111,Indya Cotton Kurti - Storage,Home & Kitchen,Storage,Indya,2669,1735,35,3.7,4447,Limited Stock,Seller_626,https://images.meesho.com/images/products/1000111/1_512.jpg,https://www.meesho.com/product/1000111,High quality cotton kurti from Indya. Perfect for daily wear.,7,Free Size,Silk,False,No return,3 days,2025-08-14T21:35:19.367421,category/home-&-kitchen,meesho_complete_dataset_20250902_213519.json
MEESHO_1000112,DressBerry Ethnic Suit - Sports & Fitness,Sports & Fitness,Sports & Fitness,DressBerry,1830,1574,14,4.3,4961,In Stock,Seller_860,https://images.meesho.com/images/products/1000112/1_512.jpg,https://www.meesho.com/product/1000112,High quality ethnic suit from DressBerry. Perfect for daily wear.,7,"28,30,32,34",Cotton Blend,False,No return,10 days,2025-08-06T21:35:19.367427,category/sports-&-fitness,meesho_complete_dataset_20250902_213519.json
MEESHO_1000113,Roadster Denim Jeans - Automotive,Automotive,Automotive,Roadster,2363,1371,42,3.7,3992,Out of Stock,Seller_552,https://images.meesho.com/images/products/1000113/1_512.jpg,https://www.meesho.com/product/1000113,High quality denim jeans from Roadster. Perfect for daily wear.,5,One Size,Silk,False,7 days,3 days,2025-08-27T21:35:19.367433,category/automotive,meesho_complete_dataset_20250902_213519.json
MEESHO_1000114,GoSriKi Formal Shirt - Mobile Accessories,Electronics,Mobile Accessories,GoSriKi,1613,613,62,3.5,329,Limited Stock,Seller_834,https://images.meesho.com/images/products/1000114/1_512.jpg,https://www.meesho.com/product/1000114,High quality formal shirt from GoSriKi. Perfect for daily wear.,4,Free Size,Rayon,True,15 days,7 days,2025-08-05T21:35:19.367440,category/electronics,meesho_complete_dataset_20250902_213519.json
MEESHO_1000115,Janasya Ethnic Suit - Handbags,Bags & Footwear,Handbags,Janasya,2368,1539,35,4.3,1827,In Stock,Seller_198,https://images.meesho.com/images/products/1000115/1_512.jpg,https://www.meesho.com/product/1000115,High quality ethnic suit from Janasya. Perfect for daily wear.,8,One Size,Silk,False,No return,10 days,2025-08-30T21:35:19.367446,category/bags-&-footwear,meesho_complete_dataset_20250902_213519.json
MEESHO_1000116,Indya Ethnic Suit - Sports & Fitness,Sports & Fitness,Sports & Fitness,Indya,1469,837,43,3.2,3658,In Stock,Seller_133,https://images.meesho.com/images/products/1000116/1_512.jpg,https://www.meesho.com/product/1000116,High quality ethnic suit from Indya. Perfect for daily wear.,8,"S,M,L,XL",Cotton,False,15 days,9 days,2025-08-15T21:35:19.367451,category/sports-&-fitness,meesho_complete_dataset_20250902_213519.json
MEESHO_1000117,Roadster Bedsheet Set - School Uniforms,Kids Clothing,School Uniforms,Roadster,2086,1585,24,3.8,2373,Out of Stock,Seller_948,https://images.meesho.com/images/products/1000117/1_512.jpg,https://www.meesho.com/product/1000117,High quality bedsheet set from Roadster. Perfect for daily wear.,6,"S,M,L,XL",Polyester,False,7 days,7 days,2025-08-21T21:35:19.367457,category/kids-clothing,meesho_complete_dataset_20250902_213519.json
MEESHO_1000118,Sangria Formal Shirt - Baby Clothing,Kids Clothing,Baby Clothing,Sangria,883,274,69,4.5,1917,Limited Stock,Seller_643,https://images.meesho.com/images/products/1000118/1_512.jpg,https://www.meesho.com/product/1000118,High quality formal shirt from Sangria. Perfect for daily wear.,6,Free Size,Polyester,True,No return,5 days,2025-09-01T21:35:19.367463,category/kids-clothing,meesho_complete_dataset_20250902_213519.json
MEESHO_1000119,Sangria Cotton Kurti - T-Shirts,Men Clothing,T-Shirts,Sangria,347,229,34,3.9,2838,Out of Stock,Seller_229,https://images.meesho.com/images/products/1000119/1_512.jpg,https://www.meesho.com/product/1000119,High quality cotton kurti from Sangria. Perfect for daily wear.,8,"28,30,32,34",Polyester,True,15 days,5 days,2025-09-02T21:35:19.367469,category/men-clothing,meesho_complete_dataset_20250902_213519.json
MEESHO_1000120,Manthan Face Cream - Hair Accessories,Accessories,Hair Accessories,Manthan,1333,640,52,3.4,3065,In Stock,Seller_970,https://images.meesho.com/images/products/1000120/1_512.jpg,https://www.meesho.com/product/1000120,High quality face cream from Manthan. Perfect for daily wear.,6,One Size,Cotton,True,No return,7 days,2025-08-17T21:35:19.367475,category/accessories,meesho_complete_dataset_20250902_213519.json
MEESHO_1000121,Varanga Wall Clock - Sports & Fitness,Sports & Fitness,Sports & Fitness,Varanga,2414,1690,30,4.0,3953,In Stock,Seller_805,https://images.meesho.com/images/products/1000121/1_512.jpg,https://www.meesho.com/product/1000121,High quality wall clock from Varanga. Perfect for daily wear.,3,Free Size,Cotton Blend,True,7 days,3 days,2025-08-31T21:35:19.367480,category/sports-&-fitness,meesho_complete_dataset_20250902_213519.json
MEESHO_1000122,Vishudh Handbag - Toys & Games,Toys & Games,Toys & Games,Vishudh,2734,1066,61,3.6,2891,Limited Stock,Seller_154,https://images.meesho.com/images/products/1000122/1_512.jpg,https://www.meesho.com/product/1000122,High quality handbag from Vishudh. Perfect for daily wear.,4,Free Size,Rayon,True,15 days,4 days,2025-08-25T21:35:19.367486,category/toys-&-games,meesho_complete_dataset_20250902_213519.json
MEESHO_1000123,GoSriKi Jewelry Set - Personal Care,Beauty & Health,Personal Care,GoSriKi,460,377,18,3.8,4737,Limited Stock,Seller_859,https://images.meesho.com/images/products/1000123/1_512.jpg,https://www.meesho.com/product/1000123,High quality jewelry set from GoSriKi. Perfect for daily wear.,1,"28,30,32,34",Cotton,True,7 days,7 days,2025-08-28T21:35:19.367492,category/beauty-&-health,meesho_complete_dataset_20250902_213519.json
MEESHO_1000124,DressBerry Bedsheet Set - Dresses,Women Clothing,Dresses,DressBerry,1464,1171,20,3.6,1298,Out of Stock,Seller_173,https://images.meesho.com/images/products/1000124/1_512.jpg,https://www.meesho.com/product/1000124,High quality bedsheet set from DressBerry. Perfect for daily wear.,4,One Size,Polyester,True,No return,4 days,2025-08-26T21:35:19.367498,category/women-clothing,meesho_complete_dataset_20250902_213519.json
MEESHO_1000125,DressBerry Denim Jeans - Girls Clothing,Kids Clothing,Girls Clothing,DressBerry,223,114,49,3.7,4160,In Stock,Seller_600,https://images.meesho.com/images/products/1000125/1_512.jpg,https://www.meesho.com/product/1000125,High quality denim jeans from DressBerry. Perfect for daily wear.,8,"28,30,32,34",Polyester,False,No return,5 days,2025-09-01T21:35:19.367504,category/kids-clothing,meesho_complete_dataset_20250902_213519.json
MEESHO_1000126,Indya Ethnic Suit - Chargers,Electronics,Chargers,Indya,1532,1318,14,4.0,4734,In Stock,Seller_563,https://images.meesho.com/images/products/1000126/1_512.jpg,https://www.meesho.com/product/1000126,High quality ethnic suit from Indya. Perfect for daily wear.,5,One Size,Cotton,False,No return,7 days,2025-08-18T21:35:19.367511,category/electronics,meesho_complete_dataset_20250902_213519.json
MEESHO_1000127,Indya Formal Shirt - Kurtas,Men Clothing,Kurtas,Indya,2440,1830,25,3.8,4635,Out of Stock,Seller_456,https://images.meesho.com/images/products/1000127/1_512.jpg,https://www.meesho.com/product/1000127,High quality formal shirt from Indya. Perfect for daily wear.,7,"28,30,32,34",Cotton,True,No return,5 days,2025-08-22T21:35:19.367516,category/men-clothing,meesho_complete_dataset_20250902_213519.json
MEESHO_1000128,Mast & Harbour Hair Oil - Automotive,Automotive,Automotive,Mast & Harbour,1811,960,47,4.0,3311,Limited Stock,Seller_715,https://images.meesho.com/images/products/1000128/1_512.jpg,https://www.meesho.com/product/1000128,High quality hair oil from Mast & Harbour. Perfect for daily wear.,4,Free Size,Silk,False,15 days,6 days,2025-08-08T21:35:19.367522,category/automotive,meesho_complete_dataset_20250902_213519.json
MEESHO_1000129,Global Desi Hair Oil - Gadgets,Electronics,Gadgets,Global Desi,2736,1778,35,3.6,2202,Limited Stock,Seller_348,https://images.meesho.com/images/products/1000129/1_512.jpg,https://www.meesho.com/product/1000129,High quality hair oil from Global Desi. Perfect for daily wear.,3,"28,30,32,34",Cotton,False,15 days,9 days,2025-08-19T21:35:19.367529,category/electronics,meesho_complete_dataset_20250902_213519.json
MEESHO_1000130,Roadster Casual Dress - Home Decor,Home & Kitchen,Home Decor,Roadster,1428,771,46,4.4,2896,In Stock,Seller_414,https://images.meesho.com/images/products/1000130/1_512.jpg,https://www.meesho.com/product/1000130,High quality casual dress from Roadster. Perfect for daily wear.,3,One Size,Silk,True,15 days,9 days,2025-08-24T21:35:19.367534,category/home-&-kitchen,meesho_complete_dataset_20250902_213519.json
MEESHO_1000131,MIMOSA Face Cream - Bedding,Home & Kitchen,Bedding,MIMOSA,1821,1420,22,4.7,3807,Limited Stock,Seller_680,https://images.meesho.com/images/products/1000131/1_512.jpg,https://www.meesho.com/product/1000131,High quality face cream from MIMOSA. Perfect for daily wear.,5,"S,M,L,XL",Silk,True,7 days,5 days,2025-08-28T21:35:19.367540,category/home-&-kitchen,meesho_complete_dataset_20250902_213519.json
MEESHO_1000132,Varanga Printed Saree - Skincare,Beauty & Health,Skincare,Varanga,2035,1648,19,3.2,2837,In Stock,Seller_239,https://images.meesho.com/images/products/1000132/1_512.jpg,https://www.meesho.com/product/1000132,High quality printed saree from Varanga. Perfect for daily wear.,5,One Size,Rayon,True,No return,8 days,2025-08-15T21:35:19.367546,category/beauty-&-health,meesho_complete_dataset_20250902_213519.json
MEESHO_1000133,Roadster Printed Saree - Watches,Accessories,Watches,Roadster,2134,1430,33,4.3,1654,In Stock,Seller_373,https://images.meesho.com/images/products/1000133/1_512.jpg,https://www.meesho.com/product/1000133,High quality printed saree from Roadster. Perfect for daily wear.,3,One Size,Cotton,True,7 days,3 days,2025-08-29T21:35:19.367552,category/accessories,meesho_complete_dataset_20250902_213519.json
MEESHO_1000134,GoSriKi Casual Dress - Chargers,Electronics,Chargers,GoSriKi,380,171,55,4.7,711,Limited Stock,Seller_516,https://images.meesho.com/images/products/1000134/1_512.jpg,https://www.meesho.com/product/1000134,High quality casual dress from GoSriKi. Perfect for daily wear.,5,"28,30,32,34",Polyester,True,No return,9 days,2025-08-27T21:35:19.367557,category/electronics,meesho_complete_dataset_20250902_213519.json
MEESHO_1000135,DressBerry Formal Shirt - Sports & Fitness,Sports & Fitness,Sports & Fitness,DressBerry,2922,877,70,4.7,1111,Out of Stock,Seller_180,https://images.meesho.com/images/products/1000135/1_512.jpg,https://www.meesho.com/product/1000135,High quality formal shirt from DressBerry. Perfect for daily wear.,8,"28,30,32,34",Silk,False,15 days,5 days,2025-08-15T21:35:19.367563,category/sports-&-fitness,meesho_complete_dataset_20250902_213519.json
MEESHO_1000136,DressBerry Bedsheet Set - Backpacks,Bags & Footwear,Backpacks,DressBerry,760,236,69,3.2,222,Limited Stock,Seller_40,https://images.meesho.com/images/products/1000136/1_512.jpg,https://www.meesho.com/product/1000136,High quality bedsheet set from DressBerry. Perfect for daily wear.,6,"28,30,32,34",Cotton Blend,True,7 days,3 days,2025-09-01T21:35:19.367570,category/bags-&-footwear,meesho_complete_dataset_20250902_213519.json
MEESHO_1000137,Libas Denim Jeans - Shirts,Men Clothing,Shirts,Libas,1364,532,61,3.3,4775,Limited Stock,Seller_189,https://images.meesho.com/images/products/1000137/1_512.jpg,https://www.meesho.com/product/1000137,High quality denim jeans from Libas. Perfect for daily wear.,5,"28,30,32,34",Silk,True,No return,5 days,2025-08-27T21:35:19.367576,category/men-clothing,meesho_complete_dataset_20250902_213519.json
MEESHO_1000138,Soch Wall Clock - Books,Books,Books,Soch,2903,1655,43,4.2,1743,Out of Stock,Seller_445,https://images.meesho.com/images/products/1000138/1_512.jpg,https://www.meesho.com/product/1000138,High quality wall clock from Soch. Perfect for daily wear.,6,"S,M,L,XL",Rayon,True,7 days,3 days,2025-08-21T21:35:19.367582,category/books,meesho_complete_dataset_20250902_213519.json
MEESHO_1000139,Janasya Kitchen Set - Automotive,Automotive,Automotive,Janasya,1671,869,48,3.5,3904,Limited Stock,Seller_634,https://images.meesho.com/images/products/1000139/1_512.jpg,https://www.meesho.com/product/1000139,High quality kitchen set from Janasya. Perfect for daily wear.,2,One Size,Cotton Blend,True,15 days,5 days,2025-09-01T21:35:19.367588,category/automotive,meesho_complete_dataset_20250902_213519.json
MEESHO_1000140,Anouk Wall Clock - Sports & Fitness,Sports & Fitness,Sports & Fitness,Anouk,751,488,35,4.4,4084,Limited Stock,Seller_791,https://images.meesho.com/images/products/1000140/1_512.jpg,https://www.meesho.com/product/1000140,High quality wall clock from Anouk. Perfect for daily wear.,2,"28,30,32,34",Silk,False,15 days,4 days,2025-08-30T21:35:19.367594,category/sports-&-fitness,meesho_complete_dataset_20250902_213519.json
MEESHO_1000141,Aks Wall Clock - Sarees,Women Clothing,Sarees,Aks,750,240,68,3.7,2068,Out of Stock,Seller_961,https://images.meesho.com/images/products/1000141/1_512.jpg,https://www.meesho.com/product/1000141,High quality wall clock from Aks. Perfect for daily wear.,4,"28,30,32,34",Cotton Blend,False,7 days,7 days,2025-08-04T21:35:19.367600,category/women-clothing,meesho_complete_dataset_20250902_213519.json
MEESHO_1000142,Aks Formal Shirt - Sports & Fitness,Sports & Fitness,Sports & Fitness,Aks,957,670,30,4.4,3478,Out of Stock,Seller_566,https://images.meesho.com/images/products/1000142/1_512.jpg,https://www.meesho.com/product/1000142,High quality formal shirt from Aks. Perfect for daily wear.,3,One Size,Rayon,True,7 days,4 days,2025-08-03T21:35:19.367606,category/sports-&-fitness,meesho_complete_dataset_20250902_213519.json
MEESHO_1000143,Sangria Wall Clock - Shoes,Bags & Footwear,Shoes,Sangria,2482,1986,20,3.6,3244,Limited Stock,Seller_345,https://images.meesho.com/images/products/1000143/1_512.jpg,https://www.meesho.com/product/1000143,High quality wall clock from Sangria. Perfect for daily wear.,6,"28,30,32,34",Silk,False,7 days,9 days,2025-08-11T21:35:19.367611,category/bags-&-footwear,meesho_complete_dataset_20250902_213519.json
MEESHO_1000144,Sangria Handbag - Chargers,Electronics,Chargers,Sangria,363,149,59,4.3,4735,In Stock,Seller_800,https://images.meesho.com/images/products/1000144/1_512.jpg,https://www.meesho.com/product/1000144,High quality handbag from Sangria. Perfect for daily wear.,5,"28,30,32,34",Cotton Blend,False,7 days,3 days,2025-08-25T21:35:19.367619,category/electronics,meesho_complete_dataset_20250902_213519.json
MEESHO_1000145,MIMOSA Casual Dress - Tops,Women Clothing,Tops,MIMOSA,1335,534,60,3.1,1219,In Stock,Seller_359,https://images.meesho.com/images/products/1000145/1_512.jpg,https://www.meesho.com/product/1000145,High quality casual dress from MIMOSA. Perfect for daily wear.,6,"S,M,L,XL",Silk,True,7 days,3 days,2025-08-31T21:35:19.367625,category/women-clothing,meesho_complete_dataset_20250902_213519.json
MEESHO_1000146,Varanga Bedsheet Set - Hair Care,Beauty & Health,Hair Care,Varanga,2886,1154,60,4.4,286,Out of Stock,Seller_966,https://images.meesho.com/images/products/1000146/1_512.jpg,https://www.meesho.com/product/1000146,High quality bedsheet set from Varanga. Perfect for daily wear.,5,Free Size,Polyester,False,No return,10 days,2025-08-12T21:35:19.367631,category/beauty-&-health,meesho_complete_dataset_20250902_213519.json
MEESHO_1000147,Soch Denim Jeans - Cleaning,Home & Kitchen,Cleaning,Soch,2083,1354,35,3.3,4001,Out of Stock,Seller_942,https://images.meesho.com/images/products/1000147/1_512.jpg,https://www.meesho.com/product/1000147,High quality denim jeans from Soch. Perfect for daily wear.,3,Free Size,Silk,False,15 days,10 days,2025-08-22T21:35:19.367638,category/home-&-kitchen,meesho_complete_dataset_20250902_213519.json
MEESHO_1000148,MIMOSA Mobile Cover - Watches,Accessories,Watches,MIMOSA,1643,542,67,3.9,3923,In Stock,Seller_9,https://images.meesho.com/images/products/1000148/1_512.jpg,https://www.meesho.com/product/1000148,High quality mobile cover from MIMOSA. Perfect for daily wear.,2,"28,30,32,34",Rayon,False,No return,8 days,2025-08-04T21:35:19.367644,category/accessories,meesho_complete_dataset_20250902_213519.json
MEESHO_1000149,GoSriKi Casual Dress - Sandals,Bags & Footwear,Sandals,GoSriKi,2854,1941,32,3.4,80,In Stock,Seller_592,https://images.meesho.com/images/products/1000149/1_512.jpg,https://www.meesho.com/product/1000149,High quality casual dress from GoSriKi. Perfect for daily wear.,3,One Size,Cotton Blend,False,15 days,9 days,2025-08-23T21:35:19.367650,category/bags-&-footwear,meesho_complete_dataset_20250902_213519.json
MEESHO_1000150,HERE&NOW Jewelry Set - Boys Clothing,Kids Clothing,Boys Clothing,HERE&NOW,2041,1612,21,4.3,4075,In Stock,Seller_818,https://images.meesho.com/images/products/1000150/1_512.jpg,https://www.meesho.com/product/1000150,High quality jewelry set from HERE&NOW. Perfect for daily wear.,8,"28,30,32,34",Cotton,False,7 days,8 days,2025-08-11T21:35:19.367656,category/kids-clothing,meesho_complete_dataset_20250902_213519.json
MEESHO_1000151,Libas Running Shoes - Shirts,Men Clothing,Shirts,Libas,281,84,70,3.4,4157,Limited Stock,Seller_293,https://images.meesho.com/images/products/1000151/1_512.jpg,https://www.meesho.com/product/1000151,High quality running shoes from Libas. Perfect for daily wear.,6,"28,30,32,34",Cotton Blend,True,7 days,7 days,2025-08-25T21:35:19.367661,category/men-clothing,meesho_complete_dataset_20250902_213519.json
MEESHO_1000152,Aks Hair Oil - Handbags,Bags & Footwear,Handbags,Aks,2540,2184,14,3.6,3173,Limited Stock,Seller_587,https://images.meesho.com/images/products/1000152/1_512.jpg,https://www.meesho.com/product/1000152,High quality hair oil from Aks. Perfect for daily wear.,1,"28,30,32,34",Cotton,False,No return,8 days,2025-08-27T21:35:19.367667,category/bags-&-footwear,meesho_complete_dataset_20250902_213519.json
MEESHO_1000153,Libas Denim Jeans - School Uniforms,Kids Clothing,School Uniforms,Libas,470,216,54,3.6,1046,Limited Stock,Seller_337,https://images.meesho.com/images/products/1000153/1_512.jpg,https://www.meesho.com/product/1000153,High quality denim jeans from Libas. Perfect for daily wear.,1,One Size,Cotton Blend,True,15 days,4 days,2025-08-21T21:35:19.367673,category/kids-clothing,meesho_complete_dataset_20250902_213519.json
MEESHO_1000154,Aks Wall Clock - T-Shirts,Men Clothing,T-Shirts,Aks,1958,1625,17,3.8,1609,In Stock,Seller_663,https://images.meesho.com/images/products/1000154/1_512.jpg,https://www.meesho.com/product/1000154,High quality wall clock from Aks. Perfect for daily wear.,7,One Size,Cotton Blend,True,7 days,7 days,2025-08-12T21:35:19.367679,category/men-clothing,meesho_complete_dataset_20250902_213519.json
MEESHO_1000155,Indya Denim Jeans - Cleaning,Home & Kitchen,Cleaning,Indya,1676,587,65,3.4,1747,In Stock,Seller_577,https://images.meesho.com/images/products/1000155/1_512.jpg,https://www.meesho.com/product/1000155,High quality denim jeans from Indya. Perfect for daily wear.,1,Free Size,Cotton,True,No return,4 days,2025-08-26T21:35:19.367686,category/home-&-kitchen,meesho_complete_dataset_20250902_213519.json
MEESHO_1000156,Anouk Hair Oil - Handbags,Bags & Footwear,Handbags,Anouk,217,169,22,3.2,2389,Out of Stock,Seller_951,https://images.meesho.com/images/products/1000156/1_512.jpg,https://www.meesho.com/product/1000156,High quality hair oil from Anouk. Perfect for daily wear.,7,One Size,Cotton Blend,True,15 days,7 days,2025-08-18T21:35:19.367692,category/bags-&-footwear,meesho_complete_dataset_20250902_213519.json
MEESHO_1000157,Anouk Face Cream - Girls Clothing,Kids Clothing,Girls Clothing,Anouk,1254,740,41,4.7,4385,Out of Stock,Seller_282,https://images.meesho.com/images/products/1000157/1_512.jpg,https://www.meesho.com/product/1000157,High quality face cream from Anouk. Perfect for daily wear.,1,"S,M,L,XL",Cotton Blend,True,7 days,6 days,2025-08-29T21:35:19.367699,category/kids-clothing,meesho_complete_dataset_20250902_213519.json
MEESHO_1000158,Indya Hair Oil - School Uniforms,Kids Clothing,School Uniforms,Indya,1998,839,58,3.6,4287,In Stock,Seller_583,https://images.meesho.com/images/products/1000158/1_512.jpg,https://www.meesho.com/product/1000158,High quality hair oil from Indya. Perfect for daily wear.,4,Free Size,Cotton Blend,False,15 days,6 days,2025-08-15T21:35:19.367705,category/kids-clothing,meesho_complete_dataset_20250902_213519.json
MEESHO_1000159,Soch Formal Shirt - Ethnic Wear,Men Clothing,Ethnic Wear,Soch,1313,972,26,3.3,1161,In Stock,Seller_601,https://images.meesho.com/images/products/1000159/1_512.jpg,https://www.meesho.com/product/1000159,High quality formal shirt from Soch. Perfect for daily wear.,6,"28,30,32,34",Silk,True,7 days,4 days,2025-08-26T21:35:19.367710,category/men-clothing,meesho_complete_dataset_20250902_213519.json
MEESHO_1000160,HERE&NOW Hair Oil - Toys & Games,Toys & Games,Toys & Games,HERE&NOW,1270,1143,10,3.4,4391,In Stock,Seller_340,https://images.meesho.com/images/products/1000160/1_512.jpg,https://www.meesho.com/product/1000160,High quality hair oil from HERE&NOW. Perfect for daily wear.,3,One Size,Cotton,True,7 days,10 days,2025-08-22T21:35:19.367716,category/toys-&-games,meesho_complete_dataset_20250902_213519.json
MEESHO_1000161,Janasya Bedsheet Set - Casual Wear,Men Clothing,Casual Wear,Janasya,297,190,36,3.3,566,Out of Stock,Seller_24,https://images.meesho.com/images/products/1000161/1_512.jpg,https://www.meesho.com/product/1000161,High quality bedsheet set from Janasya. Perfect for daily wear.,6,"S,M,L,XL",Rayon,True,15 days,9 days,2025-08-22T21:35:19.367722,category/men-clothing,meesho_complete_dataset_20250902_213519.json
MEESHO_1000162,Janasya Kids T-Shirt - Cleaning,Home & Kitchen,Cleaning,Janasya,1421,995,30,4.3,3983,In Stock,Seller_646,https://images.meesho.com/images/products/1000162/1_512.jpg,https://www.meesho.com/product/1000162,High quality kids t-shirt from Janasya. Perfect for daily wear.,4,"S,M,L,XL",Polyester,False,15 days,10 days,2025-08-19T21:35:19.367728,category/home-&-kitchen,meesho_complete_dataset_20250902_213519.json
MEESHO_1000163,SASSAFRAS Kitchen Set - Tops,Women Clothing,Tops,SASSAFRAS,303,155,49,3.8,4376,Out of Stock,Seller_257,https://images.meesho.com/images/products/1000163/1_512.jpg,https://www.meesho.com/product/1000163,High quality kitchen set from SASSAFRAS. Perfect for daily wear.,1,"S,M,L,XL",Silk,True,15 days,9 days,2025-08-29T21:35:19.367733,category/women-clothing,meesho_complete_dataset_20250902_213519.json
MEESHO_1000164,Varanga Formal Shirt - Chargers,Electronics,Chargers,Varanga,172,86,50,4.8,4983,Limited Stock,Seller_522,https://images.meesho.com/images/products/1000164/1_512.jpg,https://www.meesho.com/product/1000164,High quality formal shirt from Varanga. Perfect for daily wear.,3,Free Size,Silk,True,7 days,10 days,2025-08-14T21:35:19.367739,category/electronics,meesho_complete_dataset_20250902_213519.json
MEESHO_1000165,MIMOSA Face Cream - Health Supplements,Beauty & Health,Health Supplements,MIMOSA,2618,2278,13,4.1,3138,Out of Stock,Seller_704,https://images.meesho.com/images/products/1000165/1_512.jpg,https://www.meesho.com/product/1000165,High quality face cream from MIMOSA. Perfect for daily wear.,3,Free Size,Rayon,True,15 days,9 days,2025-08-12T21:35:19.367745,category/beauty-&-health,meesho_complete_dataset_20250902_213519.json
MEESHO_1000166,Soch Bedsheet Set - Automotive,Automotive,Automotive,Soch,1996,1078,46,4.7,324,Limited Stock,Seller_274,https://images.meesho.com/images/products/1000166/1_512.jpg,https://www.meesho.com/product/1000166,High quality bedsheet set from Soch. Perfect for daily wear.,3,One Size,Cotton Blend,False,7 days,9 days,2025-08-23T21:35:19.367751,category/automotive,meesho_complete_dataset_20250902_213519.json
MEESHO_1000167,Janasya Running Shoes - T-Shirts,Men Clothing,T-Shirts,Janasya,1627,1188,27,4.7,2777,In Stock,Seller_968,https://images.meesho.com/images/products/1000167/1_512.jpg,https://www.meesho.com/product/1000167,High quality running shoes from Janasya. Perfect for daily wear.,2,"28,30,32,34",Polyester,True,No return,5 days,2025-08-10T21:35:19.367757,category/men-clothing,meesho_complete_dataset_20250902_213519.json
MEESHO_1000168,GoSriKi Denim Jeans - Ethnic Wear,Men Clothing,Ethnic Wear,GoSriKi,736,655,11,3.8,4377,In Stock,Seller_573,https://images.meesho.com/images/products/1000168/1_512.jpg,https://www.meesho.com/product/1000168,High quality denim jeans from GoSriKi. Perfect for daily wear.,7,Free Size,Rayon,False,No return,5 days,2025-08-12T21:35:19.367762,category/men-clothing,meesho_complete_dataset_20250902_213519.json
MEESHO_1000169,Aks Cotton Kurti - Toys & Games,Toys & Games,Toys & Games,Aks,1444,433,70,3.7,2304,In Stock,Seller_488,https://images.meesho.com/images/products/1000169/1_512.jpg,https://www.meesho.com/product/1000169,High quality cotton kurti from Aks. Perfect for daily wear.,8,"28,30,32,34",Rayon,False,15 days,8 days,2025-08-23T21:35:19.367768,category/toys-&-games,meesho_complete_dataset_20250902_213519.json
MEESHO_1000170,Soch Denim Jeans - Books,Books,Books,Soch,1098,527,52,4.6,3395,In Stock,Seller_972,https://images.meesho.com/images/products/1000170/1_512.jpg,https://www.meesho.com/product/1000170,High quality denim jeans from Soch. Perfect for daily wear.,3,"S,M,L,XL",Cotton,False,7 days,7 days,2025-08-14T21:35:19.367774,category/books,meesho_complete_dataset_20250902_213519.json
MEESHO_1000171,Indya Denim Jeans - Baby Clothing,Kids Clothing,Baby Clothing,Indya,2955,2216,25,4.0,3558,Limited Stock,Seller_282,https://images.meesho.com/images/products/1000171/1_512.jpg,https://www.meesho.com/product/1000171,High quality denim jeans from Indya. Perfect for daily wear.,7,"S,M,L,XL",Cotton,True,15 days,3 days,2025-08-19T21:35:19.367780,category/kids-clothing,meesho_complete_dataset_20250902_213519.json
MEESHO_1000172,Sangria Face Cream - Kitchen Appliances,Home & Kitchen,Kitchen Appliances,Sangria,2291,1466,36,4.5,855,Out of Stock,Seller_866,https://images.meesho.com/images/products/1000172/1_512.jpg,https://www.meesho.com/product/1000172,High quality face cream from Sangria. Perfect for daily wear.,5,"S,M,L,XL",Polyester,False,No return,7 days,2025-08-31T21:35:19.367786,category/home-&-kitchen,meesho_complete_dataset_20250902_213519.json
MEESHO_1000173,Global Desi Bedsheet Set - Casual Wear,Men Clothing,Casual Wear,Global Desi,491,427,13,3.4,3359,In Stock,Seller_792,https://images.meesho.com/images/products/1000173/1_512.jpg,https://www.meesho.com/product/1000173,High quality bedsheet set from Global Desi. Perfect for daily wear.,8,Free Size,Rayon,False,15 days,5 days,2025-08-27T21:35:19.367792,category/men-clothing,meesho_complete_dataset_20250902_213519.json
MEESHO_1000174,Anouk Handbag - Sunglasses,Accessories,Sunglasses,Anouk,2524,1817,28,4.2,3429,In Stock,Seller_660,https://images.meesho.com/images/products/1000174/1_512.jpg,https://www.meesho.com/product/1000174,High quality handbag from Anouk. Perfect for daily wear.,7,One Size,Cotton Blend,False,No return,5 days,2025-08-08T21:35:19.367798,category/accessories,meesho_complete_dataset_20250902_213519.json
MEESHO_1000175,Libas Jewelry Set - Dresses,Women Clothing,Dresses,Libas,1402,995,29,3.5,3260,Out of Stock,Seller_361,https://images.meesho.com/images/products/1000175/1_512.jpg,https://www.meesho.com/product/1000175,High quality jewelry set from Libas. Perfect for daily wear.,1,"28,30,32,34",Polyester,True,7 days,5 days,2025-08-16T21:35:19.367804,category/women-clothing,meesho_complete_dataset_20250902_213519.json
MEESHO_1000176,Aks Printed Saree - Hair Accessories,Accessories,Hair Accessories,Aks,317,174,45,4.7,2521,In Stock,Seller_410,https://images.meesho.com/images/products/1000176/1_512.jpg,https://www.meesho.com/product/1000176,High quality printed saree from Aks. Perfect for daily wear.,7,"28,30,32,34",Polyester,False,No return,5 days,2025-08-27T21:35:19.367809,category/accessories,meesho_complete_dataset_20250902_213519.json
MEESHO_1000177,Manthan Kitchen Set - Hair Accessories,Accessories,Hair Accessories,Manthan,2855,1684,41,3.2,4393,Limited Stock,Seller_745,https://images.meesho.com/images/products/1000177/1_512.jpg,https://www.meesho.com/product/1000177,High quality kitchen set from Manthan. Perfect for daily wear.,5,"S,M,L,XL",Rayon,True,7 days,6 days,2025-08-28T21:35:19.367815,category/accessories,meesho_complete_dataset_20250902_213519.json
MEESHO_1000178,Global Desi Kids T-Shirt - Cleaning,Home & Kitchen,Cleaning,Global Desi,2284,1873,18,3.3,2543,Limited Stock,Seller_199,https://images.meesho.com/images/products/1000178/1_512.jpg,https://www.meesho.com/product/1000178,High quality kids t-shirt from Global Desi. Perfect for daily wear.,8,Free Size,Cotton,True,15 days,8 days,2025-08-19T21:35:19.367823,category/home-&-kitchen,meesho_complete_dataset_20250902_213519.json
MEESHO_1000179,Anouk Wall Clock - Home Decor,Home & Kitchen,Home Decor,Anouk,1322,1058,20,4.2,1986,In Stock,Seller_148,https://images.meesho.com/images/products/1000179/1_512.jpg,https://www.meesho.com/product/1000179,High quality wall clock from Anouk. Perfect for daily wear.,5,One Size,Silk,False,No return,10 days,2025-08-30T21:35:19.367829,category/home-&-kitchen,meesho_complete_dataset_20250902_213519.json
MEESHO_1000180,Anouk Face Cream - Jewelry,Accessories,Jewelry,Anouk,2307,1546,33,3.8,2313,Out of Stock,Seller_375,https://images.meesho.com/images/products/1000180/1_512.jpg,https://www.meesho.com/product/1000180,High quality face cream from Anouk. Perfect for daily wear.,6,One Size,Cotton,True,No return,7 days,2025-08-26T21:35:19.367835,category/accessories,meesho_complete_dataset_20250902_213519.json
MEESHO_1000181,GoSriKi Kitchen Set - Ethnic Wear,Women Clothing,Ethnic Wear,GoSriKi,162,100,38,4.2,3969,In Stock,Seller_274,https://images.meesho.com/images/products/1000181/1_512.jpg,https://www.meesho.com/product/1000181,High quality kitchen set from GoSriKi. Perfect for daily wear.,1,One Size,Cotton Blend,True,No return,6 days,2025-08-12T21:35:19.367841,category/women-clothing,meesho_complete_dataset_20250902_213519.json
MEESHO_1000182,Mast & Harbour Bedsheet Set - Sports & Fitness,Sports & Fitness,Sports & Fitness,Mast & Harbour,174,144,17,3.2,3450,In Stock,Seller_755,https://images.meesho.com/images/products/1000182/1_512.jpg,https://www.meesho.com/product/1000182,High quality bedsheet set from Mast & Harbour. Perfect for daily wear.,5,Free Size,Cotton,False,No return,5 days,2025-08-20T21:35:19.367847,category/sports-&-fitness,meesho_complete_dataset_20250902_213519.json
MEESHO_1000183,Sangria Running Shoes - Automotive,Automotive,Automotive,Sangria,2724,2370,13,4.6,4603,Limited Stock,Seller_822,https://images.meesho.com/images/products/1000183/1_512.jpg,https://www.meesho.com/product/1000183,High quality running shoes from Sangria. Perfect for daily wear.,8,"28,30,32,34",Rayon,False,No return,7 days,2025-08-30T21:35:19.367853,category/automotive,meesho_complete_dataset_20250902_213519.json
MEESHO_1000184,Aks Jewelry Set - Books,Books,Books,Aks,172,120,30,4.2,3008,Limited Stock,Seller_463,https://images.meesho.com/images/products/1000184/1_512.jpg,https://www.meesho.com/product/1000184,High quality jewelry set from Aks. Perfect for daily wear.,8,"28,30,32,34",Polyester,True,No return,3 days,2025-08-29T21:35:19.367859,category/books,meesho_complete_dataset_20250902_213519.json
MEESHO_1000185,MIMOSA Cotton Kurti - T-Shirts,Men Clothing,T-Shirts,MIMOSA,1240,645,48,3.7,2353,Limited Stock,Seller_887,https://images.meesho.com/images/products/1000185/1_512.jpg,https://www.meesho.com/product/1000185,High quality cotton kurti from MIMOSA. Perfect for daily wear.,3,Free Size,Cotton,True,15 days,9 days,2025-08-09T21:35:19.367864,category/men-clothing,meesho_complete_dataset_20250902_213519.json
MEESHO_1000186,Anouk Kids T-Shirt - Books,Books,Books,Anouk,2932,2170,26,3.4,117,Out of Stock,Seller_262,https://images.meesho.com/images/products/1000186/1_512.jpg,https://www.meesho.com/product/1000186,High quality kids t-shirt from Anouk. Perfect for daily wear.,1,One Size,Polyester,True,15 days,10 days,2025-08-15T21:35:19.367870,category/books,meesho_complete_dataset_20250902_213519.json
MEESHO_1000187,MIMOSA Formal Shirt - Automotive,Automotive,Automotive,MIMOSA,1412,508,64,3.1,4337,Out of Stock,Seller_841,https://images.meesho.com/images/products/1000187/1_512.jpg,https://www.meesho.com/product/1000187,High quality formal shirt from MIMOSA. Perfect for daily wear.,7,"S,M,L,XL",Polyester,True,7 days,9 days,2025-08-05T21:35:19.367876,category/automotive,meesho_complete_dataset_20250902_213519.json
MEESHO_1000188,Libas Ethnic Suit - Baby Clothing,Kids Clothing,Baby Clothing,Libas,1578,1215,23,4.7,3972,In Stock,Seller_746,https://images.meesho.com/images/products/1000188/1_512.jpg,https://www.meesho.com/product/1000188,High quality ethnic suit from Libas. Perfect for daily wear.,4,"28,30,32,34",Cotton,False,15 days,8 days,2025-08-17T21:35:19.367882,category/kids-clothing,meesho_complete_dataset_20250902_213519.json
MEESHO_1000189,DressBerry Kids T-Shirt - Toys & Games,Toys & Games,Toys & Games,DressBerry,910,410,55,4.6,529,Out of Stock,Seller_107,https://images.meesho.com/images/products/1000189/1_512.jpg,https://www.meesho.com/product/1000189,High quality kids t-shirt from DressBerry. Perfect for daily wear.,7,"S,M,L,XL",Cotton,True,7 days,10 days,2025-08-05T21:35:19.367887,category/toys-&-games,meesho_complete_dataset_20250902_213519.json
MEESHO_1000190,Varanga Hair Oil - Sandals,Bags & Footwear,Sandals,Varanga,1870,1384,26,4.5,4469,In Stock,Seller_30,https://images.meesho.com/images/products/1000190/1_512.jpg,https://www.meesho.com/product/1000190,High quality hair oil from Varanga. Perfect for daily wear.,2,Free Size,Cotton Blend,False,No return,5 days,2025-09-01T21:35:19.367893,category/bags-&-footwear,meesho_complete_dataset_20250902_213519.json
MEESHO_1000191,Vishudh Cotton Kurti - Boys Clothing,Kids Clothing,Boys Clothing,Vishudh,1770,620,65,3.2,2672,In Stock,Seller_96,https://images.meesho.com/images/products/1000191/1_512.jpg,https://www.meesho.com/product/1000191,High quality cotton kurti from Vishudh. Perfect for daily wear.,8,One Size,Polyester,False,15 days,7 days,2025-08-13T21:35:19.367899,category/kids-clothing,meesho_complete_dataset_20250902_213519.json
MEESHO_1000192,Sangria Kids T-Shirt - Automotive,Automotive,Automotive,Sangria,2535,2028,20,3.9,267,In Stock,Seller_814,https://images.meesho.com/images/products/1000192/1_512.jpg,https://www.meesho.com/product/1000192,High quality kids t-shirt from Sangria. Perfect for daily wear.,3,One Size,Silk,True,7 days,5 days,2025-09-01T21:35:19.367905,category/automotive,meesho_complete_dataset_20250902_213519.json
MEESHO_1000193,Global Desi Hair Oil - Books,Books,Books,Global Desi,298,149,50,3.7,4343,Limited Stock,Seller_471,https://images.meesho.com/images/products/1000193/1_512.jpg,https://www.meesho.com/product/1000193,High quality hair oil from Global Desi. Perfect for daily wear.,8,Free Size,Cotton Blend,False,No return,8 days,2025-09-01T21:35:19.367910,category/books,meesho_complete_dataset_20250902_213519.json
MEESHO_1000194,Soch Bedsheet Set - Girls Clothing,Kids Clothing,Girls Clothing,Soch,2327,1070,54,4.4,1937,In Stock,Seller_107,https://images.meesho.com/images/products/1000194/1_512.jpg,https://www.meesho.com/product/1000194,High quality bedsheet set from Soch. Perfect for daily wear.,2,Free Size,Polyester,True,7 days,4 days,2025-08-03T21:35:19.367916,category/kids-clothing,meesho_complete_dataset_20250902_213519.json
MEESHO_1000195,Varanga Ethnic Suit - Automotive,Automotive,Automotive,Varanga,974,448,54,4.5,3558,In Stock,Seller_873,https://images.meesho.com/images/products/1000195/1_512.jpg,https://www.meesho.com/product/1000195,High quality ethnic suit from Varanga. Perfect for daily wear.,8,One Size,Polyester,False,15 days,4 days,2025-08-31T21:35:19.367922,category/automotive,meesho_complete_dataset_20250902_213519.json
MEESHO_1000196,Indya Running Shoes - Personal Care,Beauty & Health,Personal Care,Indya,397,195,51,3.5,1052,Out of Stock,Seller_374,https://images.meesho.com/images/products/1000196/1_512.jpg,https://www.meesho.com/product/1000196,High quality running shoes from Indya. Perfect for daily wear.,6,"S,M,L,XL",Polyester,False,15 days,3 days,2025-08-08T21:35:19.367928,category/beauty-&-health,meesho_complete_dataset_20250902_213519.json
MEESHO_1000197,Global Desi Running Shoes - Toys & Games,Toys & Games,Toys & Games,Global Desi,1622,1119,31,3.7,4641,Out of Stock,Seller_542,https://images.meesho.com/images/products/1000197/1_512.jpg,https://www.meesho.com/product/1000197,High quality running shoes from Global Desi. Perfect for daily wear.,2,"28,30,32,34",Rayon,False,No return,5 days,2025-08-29T21:35:19.367933,category/toys-&-games,meesho_complete_dataset_20250902_213519.json
MEESHO_1000198,HERE&NOW Wall Clock - Automotive,Automotive,Automotive,HERE&NOW,1040,614,41,3.1,2633,Out of Stock,Seller_151,https://images.meesho.com/images/products/1000198/1_512.jpg,https://www.meesho.com/product/1000198,High quality wall clock from HERE&NOW. Perfect for daily wear.,7,Free Size,Cotton Blend,True,15 days,4 days,2025-08-27T21:35:19.367939,category/automotive,meesho_complete_dataset_20250902_213519.json
MEESHO_1000199,Varanga Ethnic Suit - Ethnic Wear,Women Clothing,Ethnic Wear,Varanga,1325,716,46,3.5,4163,In Stock,Seller_55,https://images.meesho.com/images/products/1000199/1_512.jpg,https://www.meesho.com/product/1000199,High quality ethnic suit from Varanga. Perfect for daily wear.,1,One Size,Rayon,False,No return,7 days,2025-08-23T21:35:19.367945,category/women-clothing,meesho_complete_dataset_20250902_213519.json
MEESHO_1000200,Varanga Formal Shirt - School Uniforms,Kids Clothing,School Uniforms,Varanga,2707,1245,54,3.9,4828,Limited Stock,Seller_519,https://images.meesho.com/images/products/1000200/1_512.jpg,https://www.meesho.com/product/1000200,High quality formal shirt from Varanga. Perfect for daily wear.,4,One Size,Rayon,True,7 days,9 days,2025-08-23T21:35:19.367953,category/kids-clothing,meesho_complete_dataset_20250902_213519.json
MEESHO_1000201,Varanga Printed Saree - Gadgets,Electronics,Gadgets,Varanga,2475,1411,43,4.2,4205,Limited Stock,Seller_523,https://images.meesho.com/images/products/1000201/1_512.jpg,https://www.meesho.com/product/1000201,High quality printed saree from Varanga. Perfect for daily wear.,1,Free Size,Rayon,True,7 days,5 days,2025-08-26T21:35:19.367959,category/electronics,meesho_complete_dataset_20250902_213519.json
MEESHO_1000202,Varanga Denim Jeans - Health Supplements,Beauty & Health,Health Supplements,Varanga,1447,1027,29,3.4,3187,Limited Stock,Seller_842,https://images.meesho.com/images/products/1000202/1_512.jpg,https://www.meesho.com/product/1000202,High quality denim jeans from Varanga. Perfect for daily wear.,8,"S,M,L,XL",Polyester,True,15 days,7 days,2025-08-25T21:35:19.367965,category/beauty-&-health,meesho_complete_dataset_20250902_213519.json
MEESHO_1000203,HERE&NOW Cotton Kurti - Toys & Games,Toys & Games,Toys & Games,HERE&NOW,2182,1920,12,4.0,4012,In Stock,Seller_58,https://images.meesho.com/images/products/1000203/1_512.jpg,https://www.meesho.com/product/1000203,High quality cotton kurti from HERE&NOW. Perfect for daily wear.,7,One Size,Rayon,True,7 days,9 days,2025-08-30T21:35:19.367971,category/toys-&-games,meesho_complete_dataset_20250902_213519.json
MEESHO_1000204,Vishudh Casual Dress - Tops,Women Clothing,Tops,Vishudh,2761,1574,43,4.7,2497,Out of Stock,Seller_174,https://images.meesho.com/images/products/1000204/1_512.jpg,https://www.meesho.com/product/1000204,High quality casual dress from Vishudh. Perfect for daily wear.,5,One Size,Cotton,True,15 days,8 days,2025-08-14T21:35:19.367976,category/women-clothing,meesho_complete_dataset_20250902_213519.json
MEESHO_1000205,HERE&NOW Handbag - Dresses,Women Clothing,Dresses,HERE&NOW,2709,1625,40,4.1,3506,Limited Stock,Seller_393,https://images.meesho.com/images/products/1000205/1_512.jpg,https://www.meesho.com/product/1000205,High quality handbag from HERE&NOW. Perfect for daily wear.,4,"S,M,L,XL",Rayon,False,7 days,4 days,2025-08-15T21:35:19.367982,category/women-clothing,meesho_complete_dataset_20250902_213519.json
MEESHO_1000206,Janasya Ethnic Suit - Skincare,Beauty & Health,Skincare,Janasya,1659,1178,29,3.0,2665,Out of Stock,Seller_684,https://images.meesho.com/images/products/1000206/1_512.jpg,https://www.meesho.com/product/1000206,High quality ethnic suit from Janasya. Perfect for daily wear.,6,One Size,Cotton,True,15 days,3 days,2025-08-14T21:35:19.367988,category/beauty-&-health,meesho_complete_dataset_20250902_213519.json
MEESHO_1000207,Indya Printed Saree - Books,Books,Books,Indya,646,568,12,4.4,1435,In Stock,Seller_44,https://images.meesho.com/images/products/1000207/1_512.jpg,https://www.meesho.com/product/1000207,High quality printed saree from Indya. Perfect for daily wear.,4,One Size,Cotton,False,No return,10 days,2025-08-28T21:35:19.367994,category/books,meesho_complete_dataset_20250902_213519.json
MEESHO_1000208,Mast & Harbour Handbag - Tops,Women Clothing,Tops,Mast & Harbour,2461,1378,44,3.0,1141,In Stock,Seller_882,https://images.meesho.com/images/products/1000208/1_512.jpg,https://www.meesho.com/product/1000208,High quality handbag from Mast & Harbour. Perfect for daily wear.,1,One Size,Silk,False,15 days,7 days,2025-08-05T21:35:19.368000,category/women-clothing,meesho_complete_dataset_20250902_213519.json
MEESHO_1000209,MIMOSA Handbag - Automotive,Automotive,Automotive,MIMOSA,1205,494,59,4.4,4589,Out of Stock,Seller_501,https://images.meesho.com/images/products/1000209/1_512.jpg,https://www.meesho.com/product/1000209,High quality handbag from MIMOSA. Perfect for daily wear.,2,One Size,Cotton,False,7 days,5 days,2025-08-30T21:35:19.368006,category/automotive,meesho_complete_dataset_20250902_213519.json
MEESHO_1000210,GoSriKi Wall Clock - Cleaning,Home & Kitchen,Cleaning,GoSriKi,1540,693,55,3.7,1836,In Stock,Seller_959,https://images.meesho.com/images/products/1000210/1_512.jpg,https://www.meesho.com/product/1000210,High quality wall clock from GoSriKi. Perfect for daily wear.,5,"S,M,L,XL",Rayon,True,7 days,5 days,2025-08-22T21:35:19.368012,category/home-&-kitchen,meesho_complete_dataset_20250902_213519.json
MEESHO_1000211,DressBerry Face Cream - Wallets,Bags & Footwear,Wallets,DressBerry,2148,1912,11,4.5,1453,Out of Stock,Seller_815,https://images.meesho.com/images/products/1000211/1_512.jpg,https://www.meesho.com/product/1000211,High quality face cream from DressBerry. Perfect for daily wear.,4,One Size,Polyester,True,7 days,9 days,2025-08-19T21:35:19.368019,category/bags-&-footwear,meesho_complete_dataset_20250902_213519.json
MEESHO_1000212,Libas Casual Dress - Dresses,Women Clothing,Dresses,Libas,1498,1019,32,3.9,1237,Out of Stock,Seller_272,https://images.meesho.com/images/products/1000212/1_512.jpg,https://www.meesho.com/product/1000212,High quality casual dress from Libas. Perfect for daily wear.,2,"28,30,32,34",Silk,False,No return,5 days,2025-09-02T21:35:19.368025,category/women-clothing,meesho_complete_dataset_20250902_213519.json
MEESHO_1000213,Indya Kids T-Shirt - Sports & Fitness,Sports & Fitness,Sports & Fitness,Indya,379,205,46,4.3,4340,Out of Stock,Seller_10,https://images.meesho.com/images/products/1000213/1_512.jpg,https://www.meesho.com/product/1000213,High quality kids t-shirt from Indya. Perfect for daily wear.,4,"S,M,L,XL",Rayon,True,7 days,9 days,2025-08-17T21:35:19.368032,category/sports-&-fitness,meesho_complete_dataset_20250902_213519.json
MEESHO_1000214,HERE&NOW Ethnic Suit - Kitchen Appliances,Home & Kitchen,Kitchen Appliances,HERE&NOW,1938,1434,26,4.6,855,Out of Stock,Seller_821,https://images.meesho.com/images/products/1000214/1_512.jpg,https://www.meesho.com/product/1000214,High quality ethnic suit from HERE&NOW. Perfect for daily wear.,7,One Size,Rayon,True,15 days,4 days,2025-08-07T21:35:19.368038,category/home-&-kitchen,meesho_complete_dataset_20250902_213519.json
MEESHO_1000215,Soch Face Cream - Automotive,Automotive,Automotive,Soch,2221,1666,25,4.5,3738,Out of Stock,Seller_58,https://images.meesho.com/images/products/1000215/1_512.jpg,https://www.meesho.com/product/1000215,High quality face cream from Soch. Perfect for daily wear.,6,"S,M,L,XL",Cotton,False,7 days,6 days,2025-08-14T21:35:19.368044,category/automotive,meesho_complete_dataset_20250902_213519.json
MEESHO_1000216,HERE&NOW Jewelry Set - Sunglasses,Accessories,Sunglasses,HERE&NOW,2333,1003,57,3.8,4058,Out of Stock,Seller_760,https://images.meesho.com/images/products/1000216/1_512.jpg,https://www.meesho.com/product/1000216,High quality jewelry set from HERE&NOW. Perfect for daily wear.,2,One Size,Polyester,True,7 days,6 days,2025-08-27T21:35:19.368050,category/accessories,meesho_complete_dataset_20250902_213519.json
MEESHO_1000217,Vishudh Kids T-Shirt - Automotive,Automotive,Automotive,Vishudh,2567,2002,22,4.4,2799,Out of Stock,Seller_179,https://images.meesho.com/images/products/1000217/1_512.jpg,https://www.meesho.com/product/1000217,High quality kids t-shirt from Vishudh. Perfect for daily wear.,5,One Size,Rayon,False,15 days,7 days,2025-08-25T21:35:19.368055,category/automotive,meesho_complete_dataset_20250902_213519.json
MEESHO_1000218,Aks Handbag - Books,Books,Books,Aks,1737,730,58,4.1,2767,In Stock,Seller_297,https://images.meesho.com/images/products/1000218/1_512.jpg,https://www.meesho.com/product/1000218,High quality handbag from Aks. Perfect for daily wear.,8,"S,M,L,XL",Cotton,True,7 days,7 days,2025-08-06T21:35:19.368061,category/books,meesho_complete_dataset_20250902_213519.json
MEESHO_1000219,Aks Bedsheet Set - Home Decor,Home & Kitchen,Home Decor,Aks,886,673,24,3.3,2469,Out of Stock,Seller_139,https://images.meesho.com/images/products/1000219/1_512.jpg,https://www.meesho.com/product/1000219,High quality bedsheet set from Aks. Perfect for daily wear.,2,One Size,Silk,False,No return,9 days,2025-08-31T21:35:19.368067,category/home-&-kitchen,meesho_complete_dataset_20250902_213519.json
MEESHO_1000220,GoSriKi Cotton Kurti - Kitchen Appliances,Home & Kitchen,Kitchen Appliances,GoSriKi,410,316,23,3.8,4002,Out of Stock,Seller_707,https://images.meesho.com/images/products/1000220/1_512.jpg,https://www.meesho.com/product/1000220,High quality cotton kurti from GoSriKi. Perfect for daily wear.,2,"S,M,L,XL",Silk,False,No return,9 days,2025-08-08T21:35:19.368072,category/home-&-kitchen,meesho_complete_dataset_20250902_213519.json
MEESHO_1000221,Soch Jewelry Set - Automotive,Automotive,Automotive,Soch,230,133,42,4.5,114,In Stock,Seller_348,https://images.meesho.com/images/products/1000221/1_512.jpg,https://www.meesho.com/product/1000221,High quality jewelry set from Soch. Perfect for daily wear.,3,One Size,Silk,False,7 days,10 days,2025-08-03T21:35:19.368079,category/automotive,meesho_complete_dataset_20250902_213519.json
MEESHO_1000222,Mast & Harbour Face Cream - Skincare,Beauty & Health,Skincare,Mast & Harbour,2559,1766,31,3.7,3486,Out of Stock,Seller_296,https://images.meesho.com/images/products/1000222/1_512.jpg,https://www.meesho.com/product/1000222,High quality face cream from Mast & Harbour. Perfect for daily wear.,5,"S,M,L,XL",Cotton Blend,False,15 days,7 days,2025-08-16T21:35:19.368085,category/beauty-&-health,meesho_complete_dataset_20250902_213519.json
MEESHO_1000223,Aks Mobile Cover - Hair Accessories,Accessories,Hair Accessories,Aks,2410,1470,39,3.5,3639,In Stock,Seller_276,https://images.meesho.com/images/products/1000223/1_512.jpg,https://www.meesho.com/product/1000223,High quality mobile cover from Aks. Perfect for daily wear.,4,"S,M,L,XL",Cotton Blend,False,No return,5 days,2025-08-22T21:35:19.368091,category/accessories,meesho_complete_dataset_20250902_213519.json
MEESHO_1000224,Indya Casual Dress - Books,Books,Books,Indya,2009,1627,19,3.5,3318,Out of Stock,Seller_270,https://images.meesho.com/images/products/1000224/1_512.jpg,https://www.meesho.com/product/1000224,High quality casual dress from Indya. Perfect for daily wear.,5,"28,30,32,34",Rayon,False,15 days,8 days,2025-08-25T21:35:19.368097,category/books,meesho_complete_dataset_20250902_213519.json
MEESHO_1000225,Vishudh Running Shoes - Automotive,Automotive,Automotive,Vishudh,1022,756,26,3.9,930,Limited Stock,Seller_794,https://images.meesho.com/images/products/1000225/1_512.jpg,https://www.meesho.com/product/1000225,High quality running shoes from Vishudh. Perfect for daily wear.,7,"S,M,L,XL",Cotton,True,7 days,7 days,2025-08-07T21:35:19.368103,category/automotive,meesho_complete_dataset_20250902_213519.json
MEESHO_1000226,Global Desi Bedsheet Set - Makeup,Beauty & Health,Makeup,Global Desi,2216,1596,28,3.9,566,In Stock,Seller_508,https://images.meesho.com/images/products/1000226/1_512.jpg,https://www.meesho.com/product/1000226,High quality bedsheet set from Global Desi. Perfect for daily wear.,8,Free Size,Silk,False,15 days,7 days,2025-09-02T21:35:19.368109,category/beauty-&-health,meesho_complete_dataset_20250902_213519.json
MEESHO_1000227,Manthan Face Cream - Sandals,Bags & Footwear,Sandals,Manthan,2021,1778,12,3.7,4708,Limited Stock,Seller_896,https://images.meesho.com/images/products/1000227/1_512.jpg,https://www.meesho.com/product/1000227,High quality face cream from Manthan. Perfect for daily wear.,1,"S,M,L,XL",Cotton,True,No return,3 days,2025-08-22T21:35:19.368114,category/bags-&-footwear,meesho_complete_dataset_20250902_213519.json
MEESHO_1000228,Manthan Denim Jeans - Baby Clothing,Kids Clothing,Baby Clothing,Manthan,2260,994,56,4.2,1902,In Stock,Seller_371,https://images.meesho.com/images/products/1000228/1_512.jpg,https://www.meesho.com/product/1000228,High quality denim jeans from Manthan. Perfect for daily wear.,1,One Size,Silk,True,15 days,10 days,2025-08-04T21:35:19.368121,category/kids-clothing,meesho_complete_dataset_20250902_213519.json
MEESHO_1000229,Libas Casual Dress - Makeup,Beauty & Health,Makeup,Libas,903,271,70,4.5,3907,Out of Stock,Seller_190,https://images.meesho.com/images/products/1000229/1_512.jpg,https://www.meesho.com/product/1000229,High quality casual dress from Libas. Perfect for daily wear.,3,One Size,Cotton,True,No return,9 days,2025-08-28T21:35:19.368127,category/beauty-&-health,meesho_complete_dataset_20250902_213519.json
MEESHO_1000230,MIMOSA Kids T-Shirt - Mobile Accessories,Electronics,Mobile Accessories,MIMOSA,1539,708,54,4.0,385,In Stock,Seller_970,https://images.meesho.com/images/products/1000230/1_512.jpg,https://www.meesho.com/product/1000230,High quality kids t-shirt from MIMOSA. Perfect for daily wear.,3,"28,30,32,34",Cotton,False,15 days,9 days,2025-08-15T21:35:19.368135,category/electronics,meesho_complete_dataset_20250902_213519.json
MEESHO_1000231,Roadster Kitchen Set - Tops,Women Clothing,Tops,Roadster,1670,1119,33,4.3,2778,Limited Stock,Seller_424,https://images.meesho.com/images/products/1000231/1_512.jpg,https://www.meesho.com/product/1000231,High quality kitchen set from Roadster. Perfect for daily wear.,2,"28,30,32,34",Polyester,False,15 days,6 days,2025-08-06T21:35:19.368141,category/women-clothing,meesho_complete_dataset_20250902_213519.json
MEESHO_1000232,Global Desi Mobile Cover - Hair Care,Beauty & Health,Hair Care,Global Desi,630,239,62,3.3,1993,Limited Stock,Seller_93,https://images.meesho.com/images/products/1000232/1_512.jpg,https://www.meesho.com/product/1000232,High quality mobile cover from Global Desi. Perfect for daily wear.,4,"S,M,L,XL",Rayon,True,15 days,7 days,2025-08-13T21:35:19.368146,category/beauty-&-health,meesho_complete_dataset_20250902_213519.json
MEESHO_1000233,Global Desi Cotton Kurti - Skincare,Beauty & Health,Skincare,Global Desi,1715,1526,11,3.1,1332,In Stock,Seller_223,https://images.meesho.com/images/products/1000233/1_512.jpg,https://www.meesho.com/product/1000233,High quality cotton kurti from Global Desi. Perfect for daily wear.,3,"28,30,32,34",Cotton,False,15 days,6 days,2025-08-18T21:35:19.368152,category/beauty-&-health,meesho_complete_dataset_20250902_213519.json
MEESHO_1000234,Anouk Kitchen Set - Headphones,Electronics,Headphones,Anouk,1535,645,58,3.2,4468,Out of Stock,Seller_808,https://images.meesho.com/images/products/1000234/1_512.jpg,https://www.meesho.com/product/1000234,High quality kitchen set from Anouk. Perfect for daily wear.,4,"S,M,L,XL",Rayon,True,15 days,10 days,2025-08-03T21:35:19.368158,category/electronics,meesho_complete_dataset_20250902_213519.json
MEESHO_1000235,Roadster Bedsheet Set - Backpacks,Bags & Footwear,Backpacks,Roadster,2424,1188,51,4.5,1397,In Stock,Seller_334,https://images.meesho.com/images/products/1000235/1_512.jpg,https://www.meesho.com/product/1000235,High quality bedsheet set from Roadster. Perfect for daily wear.,2,"28,30,32,34",Silk,False,7 days,10 days,2025-08-05T21:35:19.368164,category/bags-&-footwear,meesho_complete_dataset_20250902_213519.json
MEESHO_1000236,Global Desi Kids T-Shirt - Dresses,Women Clothing,Dresses,Global Desi,1152,760,34,3.5,2087,Limited Stock,Seller_31,https://images.meesho.com/images/products/1000236/1_512.jpg,https://www.meesho.com/product/1000236,High quality kids t-shirt from Global Desi. Perfect for daily wear.,5,"S,M,L,XL",Cotton,True,7 days,4 days,2025-08-09T21:35:19.368170,category/women-clothing,meesho_complete_dataset_20250902_213519.json
MEESHO_1000237,Mast & Harbour Face Cream - Watches,Accessories,Watches,Mast & Harbour,2370,877,63,4.6,3460,Limited Stock,Seller_745,https://images.meesho.com/images/products/1000237/1_512.jpg,https://www.meesho.com/product/1000237,High quality face cream from Mast & Harbour. Perfect for daily wear.,1,"28,30,32,34",Rayon,True,15 days,7 days,2025-08-09T21:35:19.368175,category/accessories,meesho_complete_dataset_20250902_213519.json
MEESHO_1000238,Varanga Bedsheet Set - Home Decor,Home & Kitchen,Home Decor,Varanga,475,152,68,3.1,3048,In Stock,Seller_192,https://images.meesho.com/images/products/1000238/1_512.jpg,https://www.meesho.com/product/1000238,High quality bedsheet set from Varanga. Perfect for daily wear.,2,"28,30,32,34",Polyester,True,No return,5 days,2025-08-27T21:35:19.368181,category/home-&-kitchen,meesho_complete_dataset_20250902_213519.json
MEESHO_1000239,Soch Casual Dress - Toys & Games,Toys & Games,Toys & Games,Soch,2486,1740,30,3.5,1687,In Stock,Seller_68,https://images.meesho.com/images/products/1000239/1_512.jpg,https://www.meesho.com/product/1000239,High quality casual dress from Soch. Perfect for daily wear.,4,Free Size,Polyester,False,No return,4 days,2025-08-15T21:35:19.368187,category/toys-&-games,meesho_complete_dataset_20250902_213519.json
MEESHO_1000240,Mast & Harbour Kids T-Shirt - Backpacks,Bags & Footwear,Backpacks,Mast & Harbour,2867,1405,51,3.0,4293,Limited Stock,Seller_214,https://images.meesho.com/images/products/1000240/1_512.jpg,https://www.meesho.com/product/1000240,High quality kids t-shirt from Mast & Harbour. Perfect for daily wear.,2,"28,30,32,34",Polyester,True,No return,6 days,2025-08-15T21:35:19.368192,category/bags-&-footwear,meesho_complete_dataset_20250902_213519.json
MEESHO_1000241,HERE&NOW Handbag - Automotive,Automotive,Automotive,HERE&NOW,1413,1215,14,3.3,3151,In Stock,Seller_712,https://images.meesho.com/images/products/1000241/1_512.jpg,https://www.meesho.com/product/1000241,High quality handbag from HERE&NOW. Perfect for daily wear.,6,Free Size,Cotton,True,No return,3 days,2025-08-22T21:35:19.368198,category/automotive,meesho_complete_dataset_20250902_213519.json
MEESHO_1000242,Libas Face Cream - Sports & Fitness,Sports & Fitness,Sports & Fitness,Libas,1212,848,30,4.4,2463,Limited Stock,Seller_386,https://images.meesho.com/images/products/1000242/1_512.jpg,https://www.meesho.com/product/1000242,High quality face cream from Libas. Perfect for daily wear.,1,One Size,Cotton,True,7 days,8 days,2025-08-13T21:35:19.368205,category/sports-&-fitness,meesho_complete_dataset_20250902_213519.json
MEESHO_1000243,Indya Casual Dress - Books,Books,Books,Indya,1362,858,37,4.7,2656,Out of Stock,Seller_252,https://images.meesho.com/images/products/1000243/1_512.jpg,https://www.meesho.com/product/1000243,High quality casual dress from Indya. Perfect for daily wear.,4,"28,30,32,34",Cotton Blend,False,15 days,3 days,2025-08-21T21:35:19.368211,category/books,meesho_complete_dataset_20250902_213519.json
MEESHO_1000244,Anouk Kitchen Set - Shoes,Bags & Footwear,Shoes,Anouk,824,445,46,3.1,1499,In Stock,Seller_712,https://images.meesho.com/images/products/1000244/1_512.jpg,https://www.meesho.com/product/1000244,High quality kitchen set from Anouk. Perfect for daily wear.,3,"S,M,L,XL",Cotton Blend,False,7 days,3 days,2025-08-16T21:35:19.368216,category/bags-&-footwear,meesho_complete_dataset_20250902_213519.json
MEESHO_1000245,Libas Wall Clock - Tops,Women Clothing,Tops,Libas,917,642,30,4.2,3174,In Stock,Seller_225,https://images.meesho.com/images/products/1000245/1_512.jpg,https://www.meesho.com/product/1000245,High quality wall clock from Libas. Perfect for daily wear.,7,One Size,Silk,True,15 days,10 days,2025-08-22T21:35:19.368222,category/women-clothing,meesho_complete_dataset_20250902_213519.json
MEESHO_1000246,Varanga Kids T-Shirt - Backpacks,Bags & Footwear,Backpacks,Varanga,951,580,39,3.8,4151,Out of Stock,Seller_996,https://images.meesho.com/images/products/1000246/1_512.jpg,https://www.meesho.com/product/1000246,High quality kids t-shirt from Varanga. Perfect for daily wear.,2,One Size,Polyester,False,7 days,8 days,2025-09-02T21:35:19.368228,category/bags-&-footwear,meesho_complete_dataset_20250902_213519.json
MEESHO_1000247,DressBerry Bedsheet Set - Toys & Games,Toys & Games,Toys & Games,DressBerry,2963,2015,32,4.0,3281,In Stock,Seller_201,https://images.meesho.com/images/products/1000247/1_512.jpg,https://www.meesho.com/product/1000247,High quality bedsheet set from DressBerry. Perfect for daily wear.,5,"S,M,L,XL",Silk,False,No return,3 days,2025-08-04T21:35:19.368234,category/toys-&-games,meesho_complete_dataset_20250902_213519.json
MEESHO_1000248,DressBerry Hair Oil - Automotive,Automotive,Automotive,DressBerry,1599,1439,10,4.3,425,In Stock,Seller_511,https://images.meesho.com/images/products/1000248/1_512.jpg,https://www.meesho.com/product/1000248,High quality hair oil from DressBerry. Perfect for daily wear.,1,"28,30,32,34",Polyester,True,No return,7 days,2025-08-04T21:35:19.368240,category/automotive,meesho_complete_dataset_20250902_213519.json
MEESHO_1000249,Sangria Formal Shirt - Watches,Accessories,Watches,Sangria,465,167,64,3.6,4414,Out of Stock,Seller_670,https://images.meesho.com/images/products/1000249/1_512.jpg,https://www.meesho.com/product/1000249,High quality formal shirt from Sangria. Perfect for daily wear.,2,"28,30,32,34",Cotton Blend,False,7 days,5 days,2025-08-26T21:35:19.368246,category/accessories,meesho_complete_dataset_20250902_213519.json
MEESHO_1000250,SASSAFRAS Mobile Cover - Dresses,Women Clothing,Dresses,SASSAFRAS,1458,554,62,4.2,3925,Out of Stock,Seller_631,https://images.meesho.com/images/products/1000250/1_512.jpg,https://www.meesho.com/product/1000250,High quality mobile cover from SASSAFRAS. Perfect for daily wear.,4,Free Size,Silk,True,No return,10 days,2025-08-31T21:35:19.368252,category/women-clothing,meesho_complete_dataset_20250902_213519.json
MEESHO_1000251,Libas Wall Clock - Personal Care,Beauty & Health,Personal Care,Libas,2534,1672,34,4.1,1260,Limited Stock,Seller_422,https://images.meesho.com/images/products/1000251/1_512.jpg,https://www.meesho.com/product/1000251,High quality wall clock from Libas. Perfect for daily wear.,5,"28,30,32,34",Cotton,True,15 days,7 days,2025-08-12T21:35:19.368258,category/beauty-&-health,meesho_complete_dataset_20250902_213519.json
MEESHO_1000252,GoSriKi Printed Saree - Automotive,Automotive,Automotive,GoSriKi,1404,997,29,4.6,4681,Out of Stock,Seller_945,https://images.meesho.com/images/products/1000252/1_512.jpg,https://www.meesho.com/product/1000252,High quality printed saree from GoSriKi. Perfect for daily wear.,8,Free Size,Silk,False,15 days,8 days,2025-08-29T21:35:19.368264,category/automotive,meesho_complete_dataset_20250902_213519.json
MEESHO_1000253,DressBerry Ethnic Suit - Handbags,Bags & Footwear,Handbags,DressBerry,1269,1041,18,4.0,2787,Out of Stock,Seller_323,https://images.meesho.com/images/products/1000253/1_512.jpg,https://www.meesho.com/product/1000253,High quality ethnic suit from DressBerry. Perfect for daily wear.,7,Free Size,Polyester,True,15 days,3 days,2025-08-12T21:35:19.368269,category/bags-&-footwear,meesho_complete_dataset_20250902_213519.json
MEESHO_1000254,Varanga Formal Shirt - Sports & Fitness,Sports & Fitness,Sports & Fitness,Varanga,2179,1133,48,4.1,313,Limited Stock,Seller_14,https://images.meesho.com/images/products/1000254/1_512.jpg,https://www.meesho.com/product/1000254,High quality formal shirt from Varanga. Perfect for daily wear.,8,"28,30,32,34",Cotton Blend,False,No return,6 days,2025-08-25T21:35:19.368275,category/sports-&-fitness,meesho_complete_dataset_20250902_213519.json
MEESHO_1000255,Indya Cotton Kurti - Kitchen Appliances,Home & Kitchen,Kitchen Appliances,Indya,1016,518,49,4.0,2650,In Stock,Seller_220,https://images.meesho.com/images/products/1000255/1_512.jpg,https://www.meesho.com/product/1000255,High quality cotton kurti from Indya. Perfect for daily wear.,6,"28,30,32,34",Cotton Blend,False,15 days,5 days,2025-08-13T21:35:19.368281,category/home-&-kitchen,meesho_complete_dataset_20250902_213519.json
MEESHO_1000256,GoSriKi Casual Dress - T-Shirts,Men Clothing,T-Shirts,GoSriKi,432,134,69,4.1,2983,Out of Stock,Seller_828,https://images.meesho.com/images/products/1000256/1_512.jpg,https://www.meesho.com/product/1000256,High quality casual dress from GoSriKi. Perfect for daily wear.,3,Free Size,Silk,True,No return,5 days,2025-08-12T21:35:19.368287,category/men-clothing,meesho_complete_dataset_20250902_213519.json
MEESHO_1000257,Soch Mobile Cover - Suits,Women Clothing,Suits,Soch,1050,546,48,4.7,1106,Limited Stock,Seller_329,https://images.meesho.com/images/products/1000257/1_512.jpg,https://www.meesho.com/product/1000257,High quality mobile cover from Soch. Perfect for daily wear.,1,One Size,Polyester,False,7 days,3 days,2025-08-05T21:35:19.368292,category/women-clothing,meesho_complete_dataset_20250902_213519.json
MEESHO_1000258,Varanga Printed Saree - School Uniforms,Kids Clothing,School Uniforms,Varanga,1613,1307,19,4.3,293,In Stock,Seller_32,https://images.meesho.com/images/products/1000258/1_512.jpg,https://www.meesho.com/product/1000258,High quality printed saree from Varanga. Perfect for daily wear.,6,One Size,Cotton,False,No return,3 days,2025-08-10T21:35:19.368298,category/kids-clothing,meesho_complete_dataset_20250902_213519.json
MEESHO_1000259,Soch Jewelry Set - Sunglasses,Accessories,Sunglasses,Soch,1631,979,40,3.5,3053,Limited Stock,Seller_196,https://images.meesho.com/images/products/1000259/1_512.jpg,https://www.meesho.com/product/1000259,High quality jewelry set from Soch. Perfect for daily wear.,3,"28,30,32,34",Rayon,False,7 days,3 days,2025-08-04T21:35:19.368304,category/accessories,meesho_complete_dataset_20250902_213519.json
MEESHO_1000260,GoSriKi Kids T-Shirt - Baby Clothing,Kids Clothing,Baby Clothing,GoSriKi,2760,2070,25,3.7,793,Limited Stock,Seller_488,https://images.meesho.com/images/products/1000260/1_512.jpg,https://www.meesho.com/product/1000260,High quality kids t-shirt from GoSriKi. Perfect for daily wear.,7,"28,30,32,34",Polyester,False,7 days,5 days,2025-08-29T21:35:19.368310,category/kids-clothing,meesho_complete_dataset_20250902_213519.json
MEESHO_1000261,Global Desi Formal Shirt - Sunglasses,Accessories,Sunglasses,Global Desi,2784,1420,49,4.0,1997,Limited Stock,Seller_285,https://images.meesho.com/images/products/1000261/1_512.jpg,https://www.meesho.com/product/1000261,High quality formal shirt from Global Desi. Perfect for daily wear.,8,"S,M,L,XL",Rayon,True,No return,7 days,2025-08-18T21:35:19.368316,category/accessories,meesho_complete_dataset_20250902_213519.json
MEESHO_1000262,Janasya Bedsheet Set - Books,Books,Books,Janasya,1057,750,29,3.9,2215,Out of Stock,Seller_886,https://images.meesho.com/images/products/1000262/1_512.jpg,https://www.meesho.com/product/1000262,High quality bedsheet set from Janasya. Perfect for daily wear.,6,"28,30,32,34",Polyester,False,7 days,10 days,2025-08-11T21:35:19.368322,category/books,meesho_complete_dataset_20250902_213519.json
MEESHO_1000263,Indya Wall Clock - Sunglasses,Accessories,Sunglasses,Indya,2159,1576,27,3.8,1340,In Stock,Seller_218,https://images.meesho.com/images/products/1000263/1_512.jpg,https://www.meesho.com/product/1000263,High quality wall clock from Indya. Perfect for daily wear.,1,"28,30,32,34",Cotton Blend,True,15 days,5 days,2025-08-11T21:35:19.368327,category/accessories,meesho_complete_dataset_20250902_213519.json
MEESHO_1000264,Soch Kids T-Shirt - Automotive,Automotive,Automotive,Soch,201,165,18,3.4,4662,In Stock,Seller_564,https://images.meesho.com/images/products/1000264/1_512.jpg,https://www.meesho.com/product/1000264,High quality kids t-shirt from Soch. Perfect for daily wear.,8,"S,M,L,XL",Rayon,True,No return,10 days,2025-08-18T21:35:19.368338,category/automotive,meesho_complete_dataset_20250902_213519.json
MEESHO_1000265,Janasya Casual Dress - Storage,Home & Kitchen,Storage,Janasya,119,68,43,4.0,4933,In Stock,Seller_47,https://images.meesho.com/images/products/1000265/1_512.jpg,https://www.meesho.com/product/1000265,High quality casual dress from Janasya. Perfect for daily wear.,5,"28,30,32,34",Cotton,False,15 days,7 days,2025-08-18T21:35:19.368343,category/home-&-kitchen,meesho_complete_dataset_20250902_213519.json
MEESHO_1000266,Anouk Face Cream - Wallets,Bags & Footwear,Wallets,Anouk,1284,501,61,3.3,2209,In Stock,Seller_48,https://images.meesho.com/images/products/1000266/1_512.jpg,https://www.meesho.com/product/1000266,High quality face cream from Anouk. Perfect for daily wear.,7,One Size,Cotton,True,No return,3 days,2025-08-27T21:35:19.368349,category/bags-&-footwear,meesho_complete_dataset_20250902_213519.json
MEESHO_1000267,Vishudh Handbag - Storage,Home & Kitchen,Storage,Vishudh,2306,922,60,4.6,141,Limited Stock,Seller_902,https://images.meesho.com/images/products/1000267/1_512.jpg,https://www.meesho.com/product/1000267,High quality handbag from Vishudh. Perfect for daily wear.,8,"28,30,32,34",Cotton Blend,False,7 days,6 days,2025-08-13T21:35:19.368355,category/home-&-kitchen,meesho_complete_dataset_20250902_213519.json
MEESHO_1000268,Janasya Formal Shirt - Toys & Games,Toys & Games,Toys & Games,Janasya,2980,2354,21,4.6,3539,Out of Stock,Seller_26,https://images.meesho.com/images/products/1000268/1_512.jpg,https://www.meesho.com/product/1000268,High quality formal shirt from Janasya. Perfect for daily wear.,4,One Size,Rayon,False,7 days,5 days,2025-08-18T21:35:19.368361,category/toys-&-games,meesho_complete_dataset_20250902_213519.json
MEESHO_1000269,Sangria Handbag - Automotive,Automotive,Automotive,Sangria,1444,881,39,4.8,2846,In Stock,Seller_96,https://images.meesho.com/images/products/1000269/1_512.jpg,https://www.meesho.com/product/1000269,High quality handbag from Sangria. Perfect for daily wear.,1,"28,30,32,34",Polyester,False,15 days,6 days,2025-08-19T21:35:19.368366,category/automotive,meesho_complete_dataset_20250902_213519.json
MEESHO_1000270,Roadster Jewelry Set - School Uniforms,Kids Clothing,School Uniforms,Roadster,2335,1027,56,3.8,1492,Limited Stock,Seller_693,https://images.meesho.com/images/products/1000270/1_512.jpg,https://www.meesho.com/product/1000270,High quality jewelry set from Roadster. Perfect for daily wear.,2,Free Size,Cotton,True,15 days,4 days,2025-08-10T21:35:19.368372,category/kids-clothing,meesho_complete_dataset_20250902_213519.json
MEESHO_1000271,Global Desi Face Cream - Toys & Games,Toys & Games,Toys & Games,Global Desi,2775,888,68,3.9,635,Out of Stock,Seller_438,https://images.meesho.com/images/products/1000271/1_512.jpg,https://www.meesho.com/product/1000271,High quality face cream from Global Desi. Perfect for daily wear.,1,One Size,Cotton Blend,False,No return,6 days,2025-08-07T21:35:19.368378,category/toys-&-games,meesho_complete_dataset_20250902_213519.json
MEESHO_1000272,MIMOSA Wall Clock - Toys & Games,Toys & Games,Toys & Games,MIMOSA,2141,1242,42,3.8,1991,In Stock,Seller_195,https://images.meesho.com/images/products/1000272/1_512.jpg,https://www.meesho.com/product/1000272,High quality wall clock from MIMOSA. Perfect for daily wear.,5,"S,M,L,XL",Silk,True,No return,3 days,2025-08-28T21:35:19.368384,category/toys-&-games,meesho_complete_dataset_20250902_213519.json
MEESHO_1000273,Vishudh Face Cream - Sports & Fitness,Sports & Fitness,Sports & Fitness,Vishudh,1306,444,66,4.2,467,In Stock,Seller_641,https://images.meesho.com/images/products/1000273/1_512.jpg,https://www.meesho.com/product/1000273,High quality face cream from Vishudh. Perfect for daily wear.,5,"S,M,L,XL",Silk,False,7 days,8 days,2025-08-04T21:35:19.368391,category/sports-&-fitness,meesho_complete_dataset_20250902_213519.json
MEESHO_1000274,MIMOSA Kitchen Set - Bedding,Home & Kitchen,Bedding,MIMOSA,1089,457,58,3.2,3645,Limited Stock,Seller_927,https://images.meesho.com/images/products/1000274/1_512.jpg,https://www.meesho.com/product/1000274,High quality kitchen set from MIMOSA. Perfect for daily wear.,3,"28,30,32,34",Cotton Blend,True,7 days,10 days,2025-08-18T21:35:19.368398,category/home-&-kitchen,meesho_complete_dataset_20250902_213519.json
MEESHO_1000275,Soch Cotton Kurti - Sports & Fitness,Sports & Fitness,Sports & Fitness,Soch,2449,1469,40,3.0,2092,Limited Stock,Seller_56,https://images.meesho.com/images/products/1000275/1_512.jpg,https://www.meesho.com/product/1000275,High quality cotton kurti from Soch. Perfect for daily wear.,8,One Size,Polyester,False,7 days,8 days,2025-08-16T21:35:19.368404,category/sports-&-fitness,meesho_complete_dataset_20250902_213519.json
MEESHO_1000276,Vishudh Formal Shirt - Books,Books,Books,Vishudh,1430,1015,29,3.7,2720,Limited Stock,Seller_578,https://images.meesho.com/images/products/1000276/1_512.jpg,https://www.meesho.com/product/1000276,High quality formal shirt from Vishudh. Perfect for daily wear.,8,One Size,Polyester,False,No return,6 days,2025-08-23T21:35:19.368410,category/books,meesho_complete_dataset_20250902_213519.json
MEESHO_1000277,GoSriKi Bedsheet Set - Backpacks,Bags & Footwear,Backpacks,GoSriKi,1125,506,55,4.4,2177,Limited Stock,Seller_998,https://images.meesho.com/images/products/1000277/1_512.jpg,https://www.meesho.com/product/1000277,High quality bedsheet set from GoSriKi. Perfect for daily wear.,8,Free Size,Silk,True,No return,10 days,2025-08-25T21:35:19.368416,category/bags-&-footwear,meesho_complete_dataset_20250902_213519.json
MEESHO_1000278,DressBerry Mobile Cover - Jewelry,Accessories,Jewelry,DressBerry,1983,1130,43,3.9,3692,In Stock,Seller_926,https://images.meesho.com/images/products/1000278/1_512.jpg,https://www.meesho.com/product/1000278,High quality mobile cover from DressBerry. Perfect for daily wear.,5,One Size,Cotton Blend,True,7 days,9 days,2025-08-31T21:35:19.368422,category/accessories,meesho_complete_dataset_20250902_213519.json
MEESHO_1000279,Mast & Harbour Kids T-Shirt - Hair Care,Beauty & Health,Hair Care,Mast & Harbour,1569,957,39,4.7,81,Limited Stock,Seller_719,https://images.meesho.com/images/products/1000279/1_512.jpg,https://www.meesho.com/product/1000279,High quality kids t-shirt from Mast & Harbour. Perfect for daily wear.,4,One Size,Silk,False,No return,4 days,2025-08-29T21:35:19.368428,category/beauty-&-health,meesho_complete_dataset_20250902_213519.json
MEESHO_1000280,Vishudh Handbag - Ethnic Wear,Women Clothing,Ethnic Wear,Vishudh,2954,1654,44,4.5,1339,Limited Stock,Seller_149,https://images.meesho.com/images/products/1000280/1_512.jpg,https://www.meesho.com/product/1000280,High quality handbag from Vishudh. Perfect for daily wear.,3,"28,30,32,34",Cotton Blend,False,No return,4 days,2025-08-21T21:35:19.368433,category/women-clothing,meesho_complete_dataset_20250902_213519.json
MEESHO_1000281,Anouk Mobile Cover - Toys & Games,Toys & Games,Toys & Games,Anouk,734,661,10,4.0,3795,Limited Stock,Seller_33,https://images.meesho.com/images/products/1000281/1_512.jpg,https://www.meesho.com/product/1000281,High quality mobile cover from Anouk. Perfect for daily wear.,6,One Size,Rayon,True,15 days,5 days,2025-08-09T21:35:19.368442,category/toys-&-games,meesho_complete_dataset_20250902_213519.json
MEESHO_1000282,Indya Kitchen Set - Shirts,Men Clothing,Shirts,Indya,1429,629,56,4.2,4155,Out of Stock,Seller_543,https://images.meesho.com/images/products/1000282/1_512.jpg,https://www.meesho.com/product/1000282,High quality kitchen set from Indya. Perfect for daily wear.,6,One Size,Cotton,False,15 days,4 days,2025-08-30T21:35:19.368448,category/men-clothing,meesho_complete_dataset_20250902_213519.json
MEESHO_1000283,Anouk Wall Clock - Watches,Accessories,Watches,Anouk,2822,2370,16,4.4,1180,Limited Stock,Seller_278,https://images.meesho.com/images/products/1000283/1_512.jpg,https://www.meesho.com/product/1000283,High quality wall clock from Anouk. Perfect for daily wear.,4,"28,30,32,34",Cotton,False,No return,5 days,2025-08-03T21:35:19.368453,category/accessories,meesho_complete_dataset_20250902_213519.json
MEESHO_1000284,Varanga Cotton Kurti - Jewelry,Accessories,Jewelry,Varanga,2380,1357,43,4.6,1428,Out of Stock,Seller_149,https://images.meesho.com/images/products/1000284/1_512.jpg,https://www.meesho.com/product/1000284,High quality cotton kurti from Varanga. Perfect for daily wear.,6,"28,30,32,34",Polyester,False,7 days,5 days,2025-08-25T21:35:19.368459,category/accessories,meesho_complete_dataset_20250902_213519.json
MEESHO_1000285,GoSriKi Face Cream - Books,Books,Books,GoSriKi,248,92,63,3.5,1359,Limited Stock,Seller_314,https://images.meesho.com/images/products/1000285/1_512.jpg,https://www.meesho.com/product/1000285,High quality face cream from GoSriKi. Perfect for daily wear.,7,"28,30,32,34",Cotton,True,7 days,10 days,2025-08-27T21:35:19.368466,category/books,meesho_complete_dataset_20250902_213519.json
MEESHO_1000286,Anouk Cotton Kurti - School Uniforms,Kids Clothing,School Uniforms,Anouk,1267,456,64,3.4,3252,Out of Stock,Seller_179,https://images.meesho.com/images/products/1000286/1_512.jpg,https://www.meesho.com/product/1000286,High quality cotton kurti from Anouk. Perfect for daily wear.,3,"S,M,L,XL",Silk,True,15 days,7 days,2025-08-17T21:35:19.368471,category/kids-clothing,meesho_complete_dataset_20250902_213519.json
MEESHO_1000287,Roadster Cotton Kurti - Sarees,Women Clothing,Sarees,Roadster,1772,638,64,4.0,1296,Limited Stock,Seller_835,https://images.meesho.com/images/products/1000287/1_512.jpg,https://www.meesho.com/product/1000287,High quality cotton kurti from Roadster. Perfect for daily wear.,7,Free Size,Cotton,False,No return,4 days,2025-08-05T21:35:19.368477,category/women-clothing,meesho_complete_dataset_20250902_213519.json
MEESHO_1000288,Varanga Wall Clock - Automotive,Automotive,Automotive,Varanga,1016,345,66,3.1,3145,Out of Stock,Seller_904,https://images.meesho.com/images/products/1000288/1_512.jpg,https://www.meesho.com/product/1000288,High quality wall clock from Varanga. Perfect for daily wear.,4,One Size,Cotton Blend,False,No return,8 days,2025-08-29T21:35:19.368483,category/automotive,meesho_complete_dataset_20250902_213519.json
MEESHO_1000289,Sangria Ethnic Suit - Headphones,Electronics,Headphones,Sangria,2262,679,70,3.8,3830,Out of Stock,Seller_982,https://images.meesho.com/images/products/1000289/1_512.jpg,https://www.meesho.com/product/1000289,High quality ethnic suit from Sangria. Perfect for daily wear.,7,"S,M,L,XL",Cotton,False,No return,6 days,2025-08-09T21:35:19.368489,category/electronics,meesho_complete_dataset_20250902_213519.json
MEESHO_1000290,Roadster Kitchen Set - Health Supplements,Beauty & Health,Health Supplements,Roadster,2083,1562,25,4.0,1389,Limited Stock,Seller_712,https://images.meesho.com/images/products/1000290/1_512.jpg,https://www.meesho.com/product/1000290,High quality kitchen set from Roadster. Perfect for daily wear.,5,Free Size,Rayon,True,7 days,8 days,2025-08-18T21:35:19.368494,category/beauty-&-health,meesho_complete_dataset_20250902_213519.json
MEESHO_1000291,HERE&NOW Cotton Kurti - Kitchen Appliances,Home & Kitchen,Kitchen Appliances,HERE&NOW,2694,2344,13,3.7,1770,Out of Stock,Seller_173,https://images.meesho.com/images/products/1000291/1_512.jpg,https://www.meesho.com/product/1000291,High quality cotton kurti from HERE&NOW. Perfect for daily wear.,5,"28,30,32,34",Cotton,False,15 days,10 days,2025-08-15T21:35:19.368500,category/home-&-kitchen,meesho_complete_dataset_20250902_213519.json
MEESHO_1000292,Manthan Kitchen Set - Tops,Women Clothing,Tops,Manthan,1893,1003,47,4.6,1726,In Stock,Seller_677,https://images.meesho.com/images/products/1000292/1_512.jpg,https://www.meesho.com/product/1000292,High quality kitchen set from Manthan. Perfect for daily wear.,8,"28,30,32,34",Silk,False,No return,10 days,2025-08-27T21:35:19.368506,category/women-clothing,meesho_complete_dataset_20250902_213519.json
MEESHO_1000293,Mast & Harbour Wall Clock - Shoes,Bags & Footwear,Shoes,Mast & Harbour,1019,418,59,3.3,364,In Stock,Seller_162,https://images.meesho.com/images/products/1000293/1_512.jpg,https://www.meesho.com/product/1000293,High quality wall clock from Mast & Harbour. Perfect for daily wear.,3,Free Size,Silk,True,No return,9 days,2025-08-08T21:35:19.368513,category/bags-&-footwear,meesho_complete_dataset_20250902_213519.json
MEESHO_1000294,GoSriKi Ethnic Suit - Cleaning,Home & Kitchen,Cleaning,GoSriKi,1089,686,37,3.5,2676,Out of Stock,Seller_753,https://images.meesho.com/images/products/1000294/1_512.jpg,https://www.meesho.com/product/1000294,High quality ethnic suit from GoSriKi. Perfect for daily wear.,1,Free Size,Cotton Blend,False,No return,8 days,2025-08-15T21:35:19.368518,category/home-&-kitchen,meesho_complete_dataset_20250902_213519.json
MEESHO_1000295,MIMOSA Denim Jeans - Wallets,Bags & Footwear,Wallets,MIMOSA,2642,1110,58,3.3,2725,Limited Stock,Seller_130,https://images.meesho.com/images/products/1000295/1_512.jpg,https://www.meesho.com/product/1000295,High quality denim jeans from MIMOSA. Perfect for daily wear.,4,"28,30,32,34",Cotton,False,7 days,6 days,2025-08-11T21:35:19.368524,category/bags-&-footwear,meesho_complete_dataset_20250902_213519.json
MEESHO_1000296,Vishudh Mobile Cover - Kurtas,Men Clothing,Kurtas,Vishudh,958,335,65,4.7,2573,Limited Stock,Seller_851,https://images.meesho.com/images/products/1000296/1_512.jpg,https://www.meesho.com/product/1000296,High quality mobile cover from Vishudh. Perfect for daily wear.,5,"S,M,L,XL",Cotton,True,15 days,4 days,2025-08-23T21:35:19.368530,category/men-clothing,meesho_complete_dataset_20250902_213519.json
MEESHO_1000297,Anouk Cotton Kurti - Books,Books,Books,Anouk,2431,1191,51,3.4,4078,In Stock,Seller_882,https://images.meesho.com/images/products/1000297/1_512.jpg,https://www.meesho.com/product/1000297,High quality cotton kurti from Anouk. Perfect for daily wear.,2,One Size,Cotton Blend,False,7 days,3 days,2025-08-21T21:35:19.368536,category/books,meesho_complete_dataset_20250902_213519.json
MEESHO_1000298,Janasya Casual Dress - Personal Care,Beauty & Health,Personal Care,Janasya,2679,1929,28,4.5,1415,In Stock,Seller_706,https://images.meesho.com/images/products/1000298/1_512.jpg,https://www.meesho.com/product/1000298,High quality casual dress from Janasya. Perfect for daily wear.,7,One Size,Silk,False,7 days,9 days,2025-08-08T21:35:19.368541,category/beauty-&-health,meesho_complete_dataset_20250902_213519.json
MEESHO_1000299,Sangria Handbag - Automotive,Automotive,Automotive,Sangria,1646,609,63,4.4,4233,Out of Stock,Seller_156,https://images.meesho.com/images/products/1000299/1_512.jpg,https://www.meesho.com/product/1000299,High quality handbag from Sangria. Perfect for daily wear.,1,One Size,Cotton,False,15 days,10 days,2025-08-26T21:35:19.368547,category/automotive,meesho_complete_dataset_20250902_213519.json
MEESHO_1000300,SASSAFRAS Handbag - Baby Clothing,Kids Clothing,Baby Clothing,SASSAFRAS,1924,1443,25,4.3,2699,Out of Stock,Seller_926,https://images.meesho.com/images/products/1000300/1_512.jpg,https://www.meesho.com/product/1000300,High quality handbag from SASSAFRAS. Perfect for daily wear.,4,One Size,Rayon,False,15 days,10 days,2025-09-01T21:35:19.368553,category/kids-clothing,meesho_complete_dataset_20250902_213519.json
MEESHO_1000301,MIMOSA Printed Saree - Girls Clothing,Kids Clothing,Girls Clothing,MIMOSA,1489,774,48,4.8,171,Out of Stock,Seller_987,https://images.meesho.com/images/products/1000301/1_512.jpg,https://www.meesho.com/product/1000301,High quality printed saree from MIMOSA. Perfect for daily wear.,3,"S,M,L,XL",Silk,False,15 days,3 days,2025-08-22T21:35:19.368560,category/kids-clothing,meesho_complete_dataset_20250902_213519.json
MEESHO_1000302,Soch Mobile Cover - Books,Books,Books,Soch,351,161,54,3.4,779,In Stock,Seller_244,https://images.meesho.com/images/products/1000302/1_512.jpg,https://www.meesho.com/product/1000302,High quality mobile cover from Soch. Perfect for daily wear.,5,Free Size,Rayon,True,15 days,8 days,2025-08-11T21:35:19.368566,category/books,meesho_complete_dataset_20250902_213519.json
MEESHO_1000303,Manthan Bedsheet Set - Books,Books,Books,Manthan,310,105,66,3.1,2865,Out of Stock,Seller_141,https://images.meesho.com/images/products/1000303/1_512.jpg,https://www.meesho.com/product/1000303,High quality bedsheet set from Manthan. Perfect for daily wear.,6,Free Size,Polyester,True,15 days,7 days,2025-08-17T21:35:19.368571,category/books,meesho_complete_dataset_20250902_213519.json
MEESHO_1000304,Indya Casual Dress - Books,Books,Books,Indya,649,409,37,4.4,1582,In Stock,Seller_75,https://images.meesho.com/images/products/1000304/1_512.jpg,https://www.meesho.com/product/1000304,High quality casual dress from Indya. Perfect for daily wear.,3,"28,30,32,34",Rayon,True,15 days,3 days,2025-08-15T21:35:19.368577,category/books,meesho_complete_dataset_20250902_213519.json
MEESHO_1000305,MIMOSA Printed Saree - Headphones,Electronics,Headphones,MIMOSA,550,314,43,3.1,1037,In Stock,Seller_223,https://images.meesho.com/images/products/1000305/1_512.jpg,https://www.meesho.com/product/1000305,High quality printed saree from MIMOSA. Perfect for daily wear.,3,Free Size,Cotton,False,15 days,9 days,2025-08-09T21:35:19.368583,category/electronics,meesho_complete_dataset_20250902_213519.json
MEESHO_1000306,Aks Bedsheet Set - Toys & Games,Toys & Games,Toys & Games,Aks,1502,946,37,4.5,2505,In Stock,Seller_317,https://images.meesho.com/images/products/1000306/1_512.jpg,https://www.meesho.com/product/1000306,High quality bedsheet set from Aks. Perfect for daily wear.,8,"S,M,L,XL",Rayon,True,7 days,3 days,2025-08-07T21:35:19.368590,category/toys-&-games,meesho_complete_dataset_20250902_213519.json
MEESHO_1000307,Roadster Kids T-Shirt - Jewelry,Accessories,Jewelry,Roadster,1300,507,61,4.5,1869,Out of Stock,Seller_227,https://images.meesho.com/images/products/1000307/1_512.jpg,https://www.meesho.com/product/1000307,High quality kids t-shirt from Roadster. Perfect for daily wear.,4,Free Size,Silk,False,7 days,7 days,2025-08-14T21:35:19.368596,category/accessories,meesho_complete_dataset_20250902_213519.json
MEESHO_1000308,Sangria Wall Clock - Chargers,Electronics,Chargers,Sangria,1206,1025,15,3.5,453,In Stock,Seller_835,https://images.meesho.com/images/products/1000308/1_512.jpg,https://www.meesho.com/product/1000308,High quality wall clock from Sangria. Perfect for daily wear.,4,Free Size,Cotton,False,No return,3 days,2025-08-12T21:35:19.368602,category/electronics,meesho_complete_dataset_20250902_213519.json
MEESHO_1000309,Vishudh Face Cream - Sports & Fitness,Sports & Fitness,Sports & Fitness,Vishudh,1213,1019,16,4.2,2753,Out of Stock,Seller_44,https://images.meesho.com/images/products/1000309/1_512.jpg,https://www.meesho.com/product/1000309,High quality face cream from Vishudh. Perfect for daily wear.,1,"S,M,L,XL",Polyester,True,No return,7 days,2025-08-12T21:35:19.368608,category/sports-&-fitness,meesho_complete_dataset_20250902_213519.json
MEESHO_1000310,Aks Ethnic Suit - Hair Accessories,Accessories,Hair Accessories,Aks,2990,2272,24,3.3,2621,Limited Stock,Seller_92,https://images.meesho.com/images/products/1000310/1_512.jpg,https://www.meesho.com/product/1000310,High quality ethnic suit from Aks. Perfect for daily wear.,4,One Size,Rayon,False,No return,4 days,2025-08-18T21:35:19.368613,category/accessories,meesho_complete_dataset_20250902_213519.json
MEESHO_1000311,Sangria Hair Oil - Bedding,Home & Kitchen,Bedding,Sangria,2781,1502,46,4.7,1985,In Stock,Seller_294,https://images.meesho.com/images/products/1000311/1_512.jpg,https://www.meesho.com/product/1000311,High quality hair oil from Sangria. Perfect for daily wear.,4,"28,30,32,34",Polyester,True,7 days,3 days,2025-08-16T21:35:19.368619,category/home-&-kitchen,meesho_complete_dataset_20250902_213519.json
MEESHO_1000312,DressBerry Formal Shirt - Sunglasses,Accessories,Sunglasses,DressBerry,403,238,41,3.8,758,In Stock,Seller_544,https://images.meesho.com/images/products/1000312/1_512.jpg,https://www.meesho.com/product/1000312,High quality formal shirt from DressBerry. Perfect for daily wear.,1,Free Size,Silk,False,15 days,9 days,2025-08-24T21:35:19.368625,category/accessories,meesho_complete_dataset_20250902_213519.json
MEESHO_1000313,MIMOSA Ethnic Suit - Makeup,Beauty & Health,Makeup,MIMOSA,1829,549,70,3.5,902,Limited Stock,Seller_708,https://images.meesho.com/images/products/1000313/1_512.jpg,https://www.meesho.com/product/1000313,High quality ethnic suit from MIMOSA. Perfect for daily wear.,8,One Size,Silk,True,15 days,10 days,2025-09-02T21:35:19.368631,category/beauty-&-health,meesho_complete_dataset_20250902_213519.json
MEESHO_1000314,GoSriKi Cotton Kurti - Gadgets,Electronics,Gadgets,GoSriKi,2613,1359,48,4.7,468,Limited Stock,Seller_165,https://images.meesho.com/images/products/1000314/1_512.jpg,https://www.meesho.com/product/1000314,High quality cotton kurti from GoSriKi. Perfect for daily wear.,8,Free Size,Polyester,False,No return,6 days,2025-08-20T21:35:19.368637,category/electronics,meesho_complete_dataset_20250902_213519.json
MEESHO_1000315,Soch Jewelry Set - Sandals,Bags & Footwear,Sandals,Soch,1034,744,28,3.7,679,Out of Stock,Seller_8,https://images.meesho.com/images/products/1000315/1_512.jpg,https://www.meesho.com/product/1000315,High quality jewelry set from Soch. Perfect for daily wear.,4,Free Size,Cotton Blend,False,15 days,10 days,2025-08-24T21:35:19.368643,category/bags-&-footwear,meesho_complete_dataset_20250902_213519.json
MEESHO_1000316,Global Desi Jewelry Set - Books,Books,Books,Global Desi,2897,1477,49,4.2,4287,In Stock,Seller_706,https://images.meesho.com/images/products/1000316/1_512.jpg,https://www.meesho.com/product/1000316,High quality jewelry set from Global Desi. Perfect for daily wear.,2,Free Size,Cotton,True,7 days,10 days,2025-08-07T21:35:19.368649,category/books,meesho_complete_dataset_20250902_213519.json
MEESHO_1000317,Soch Jewelry Set - Automotive,Automotive,Automotive,Soch,2903,987,66,4.1,2666,Out of Stock,Seller_961,https://images.meesho.com/images/products/1000317/1_512.jpg,https://www.meesho.com/product/1000317,High quality jewelry set from Soch. Perfect for daily wear.,2,Free Size,Rayon,False,No return,7 days,2025-08-26T21:35:19.368655,category/automotive,meesho_complete_dataset_20250902_213519.json
MEESHO_1000318,Roadster Ethnic Suit - Automotive,Automotive,Automotive,Roadster,197,91,54,4.1,1774,Limited Stock,Seller_673,https://images.meesho.com/images/products/1000318/1_512.jpg,https://www.meesho.com/product/1000318,High quality ethnic suit from Roadster. Perfect for daily wear.,8,Free Size,Cotton Blend,False,15 days,9 days,2025-08-31T21:35:19.368661,category/automotive,meesho_complete_dataset_20250902_213519.json
MEESHO_1000319,Mast & Harbour Cotton Kurti - Home Decor,Home & Kitchen,Home Decor,Mast & Harbour,2597,1195,54,3.1,194,In Stock,Seller_273,https://images.meesho.com/images/products/1000319/1_512.jpg,https://www.meesho.com/product/1000319,High quality cotton kurti from Mast & Harbour. Perfect for daily wear.,6,Free Size,Cotton Blend,True,7 days,7 days,2025-09-02T21:35:19.368667,category/home-&-kitchen,meesho_complete_dataset_20250902_213519.json
MEESHO_1000320,Libas Formal Shirt - Sunglasses,Accessories,Sunglasses,Libas,1376,1004,27,3.4,4732,In Stock,Seller_959,https://images.meesho.com/images/products/1000320/1_512.jpg,https://www.meesho.com/product/1000320,High quality formal shirt from Libas. Perfect for daily wear.,2,"S,M,L,XL",Cotton,False,No return,7 days,2025-08-13T21:35:19.368673,category/accessories,meesho_complete_dataset_20250902_213519.json
MEESHO_1000321,Roadster Cotton Kurti - Automotive,Automotive,Automotive,Roadster,2412,2171,10,4.5,4762,In Stock,Seller_960,https://images.meesho.com/images/products/1000321/1_512.jpg,https://www.meesho.com/product/1000321,High quality cotton kurti from Roadster. Perfect for daily wear.,8,"S,M,L,XL",Cotton Blend,True,No return,9 days,2025-08-14T21:35:19.368679,category/automotive,meesho_complete_dataset_20250902_213519.json
MEESHO_1000322,Roadster Running Shoes - Ethnic Wear,Women Clothing,Ethnic Wear,Roadster,1150,644,44,4.0,924,Limited Stock,Seller_137,https://images.meesho.com/images/products/1000322/1_512.jpg,https://www.meesho.com/product/1000322,High quality running shoes from Roadster. Perfect for daily wear.,5,Free Size,Cotton Blend,False,15 days,9 days,2025-08-07T21:35:19.368684,category/women-clothing,meesho_complete_dataset_20250902_213519.json
MEESHO_1000323,Manthan Kitchen Set - Wallets,Bags & Footwear,Wallets,Manthan,819,246,70,3.1,2233,In Stock,Seller_21,https://images.meesho.com/images/products/1000323/1_512.jpg,https://www.meesho.com/product/1000323,High quality kitchen set from Manthan. Perfect for daily wear.,3,"S,M,L,XL",Cotton Blend,True,No return,3 days,2025-08-18T21:35:19.368690,category/bags-&-footwear,meesho_complete_dataset_20250902_213519.json
MEESHO_1000324,Mast & Harbour Jewelry Set - Kurtas,Women Clothing,Kurtas,Mast & Harbour,900,603,33,3.2,703,In Stock,Seller_531,https://images.meesho.com/images/products/1000324/1_512.jpg,https://www.meesho.com/product/1000324,High quality jewelry set from Mast & Harbour. Perfect for daily wear.,7,"S,M,L,XL",Rayon,False,7 days,8 days,2025-08-12T21:35:19.368696,category/women-clothing,meesho_complete_dataset_20250902_213519.json
MEESHO_1000325,HERE&NOW Cotton Kurti - Sports & Fitness,Sports & Fitness,Sports & Fitness,HERE&NOW,1306,1071,18,4.0,3350,Limited Stock,Seller_457,https://images.meesho.com/images/products/1000325/1_512.jpg,https://www.meesho.com/product/1000325,High quality cotton kurti from HERE&NOW. Perfect for daily wear.,3,One Size,Rayon,True,15 days,8 days,2025-08-18T21:35:19.368703,category/sports-&-fitness,meesho_complete_dataset_20250902_213519.json
MEESHO_1000326,Roadster Kids T-Shirt - Chargers,Electronics,Chargers,Roadster,1622,584,64,3.6,3348,Out of Stock,Seller_799,https://images.meesho.com/images/products/1000326/1_512.jpg,https://www.meesho.com/product/1000326,High quality kids t-shirt from Roadster. Perfect for daily wear.,8,One Size,Polyester,False,15 days,5 days,2025-08-13T21:35:19.368709,category/electronics,meesho_complete_dataset_20250902_213519.json
MEESHO_1000327,Sangria Hair Oil - Sports & Fitness,Sports & Fitness,Sports & Fitness,Sangria,476,233,51,4.6,4189,In Stock,Seller_830,https://images.meesho.com/images/products/1000327/1_512.jpg,https://www.meesho.com/product/1000327,High quality hair oil from Sangria. Perfect for daily wear.,7,"S,M,L,XL",Polyester,False,No return,6 days,2025-08-27T21:35:19.368715,category/sports-&-fitness,meesho_complete_dataset_20250902_213519.json
MEESHO_1000328,MIMOSA Formal Shirt - Dresses,Women Clothing,Dresses,MIMOSA,594,244,59,4.5,704,In Stock,Seller_511,https://images.meesho.com/images/products/1000328/1_512.jpg,https://www.meesho.com/product/1000328,High quality formal shirt from MIMOSA. Perfect for daily wear.,8,Free Size,Silk,True,7 days,3 days,2025-08-24T21:35:19.368722,category/women-clothing,meesho_complete_dataset_20250902_213519.json
MEESHO_1000329,SASSAFRAS Hair Oil - Personal Care,Beauty & Health,Personal Care,SASSAFRAS,1903,1503,21,4.2,2903,Limited Stock,Seller_186,https://images.meesho.com/images/products/1000329/1_512.jpg,https://www.meesho.com/product/1000329,High quality hair oil from SASSAFRAS. Perfect for daily wear.,2,"S,M,L,XL",Polyester,False,15 days,8 days,2025-08-30T21:35:19.368727,category/beauty-&-health,meesho_complete_dataset_20250902_213519.json
MEESHO_1000330,Varanga Bedsheet Set - Books,Books,Books,Varanga,413,347,16,4.1,1087,Limited Stock,Seller_839,https://images.meesho.com/images/products/1000330/1_512.jpg,https://www.meesho.com/product/1000330,High quality bedsheet set from Varanga. Perfect for daily wear.,7,Free Size,Silk,True,7 days,8 days,2025-08-27T21:35:19.368733,category/books,meesho_complete_dataset_20250902_213519.json
MEESHO_1000331,Varanga Face Cream - Boys Clothing,Kids Clothing,Boys Clothing,Varanga,2423,1042,57,4.5,3016,Out of Stock,Seller_227,https://images.meesho.com/images/products/1000331/1_512.jpg,https://www.meesho.com/product/1000331,High quality face cream from Varanga. Perfect for daily wear.,2,Free Size,Rayon,False,15 days,7 days,2025-08-19T21:35:19.368739,category/kids-clothing,meesho_complete_dataset_20250902_213519.json
MEESHO_1000332,Libas Casual Dress - Gadgets,Electronics,Gadgets,Libas,467,322,31,3.6,4452,Out of Stock,Seller_110,https://images.meesho.com/images/products/1000332/1_512.jpg,https://www.meesho.com/product/1000332,High quality casual dress from Libas. Perfect for daily wear.,2,"S,M,L,XL",Cotton Blend,True,15 days,6 days,2025-08-19T21:35:19.368745,category/electronics,meesho_complete_dataset_20250902_213519.json
MEESHO_1000333,Manthan Kitchen Set - Shoes,Bags & Footwear,Shoes,Manthan,526,363,31,3.5,2922,In Stock,Seller_887,https://images.meesho.com/images/products/1000333/1_512.jpg,https://www.meesho.com/product/1000333,High quality kitchen set from Manthan. Perfect for daily wear.,1,One Size,Rayon,False,15 days,9 days,2025-08-20T21:35:19.368750,category/bags-&-footwear,meesho_complete_dataset_20250902_213519.json
MEESHO_1000334,Libas Face Cream - Sandals,Bags & Footwear,Sandals,Libas,182,95,48,3.9,206,Limited Stock,Seller_673,https://images.meesho.com/images/products/1000334/1_512.jpg,https://www.meesho.com/product/1000334,High quality face cream from Libas. Perfect for daily wear.,4,"S,M,L,XL",Polyester,False,15 days,7 days,2025-08-28T21:35:19.368756,category/bags-&-footwear,meesho_complete_dataset_20250902_213519.json
MEESHO_1000335,Global Desi Kids T-Shirt - Toys & Games,Toys & Games,Toys & Games,Global Desi,1461,1300,11,4.3,776,In Stock,Seller_708,https://images.meesho.com/images/products/1000335/1_512.jpg,https://www.meesho.com/product/1000335,High quality kids t-shirt from Global Desi. Perfect for daily wear.,5,One Size,Rayon,False,No return,10 days,2025-09-01T21:35:19.368762,category/toys-&-games,meesho_complete_dataset_20250902_213519.json
MEESHO_1000336,Global Desi Face Cream - Toys & Games,Toys & Games,Toys & Games,Global Desi,250,112,55,4.7,1794,In Stock,Seller_474,https://images.meesho.com/images/products/1000336/1_512.jpg,https://www.meesho.com/product/1000336,High quality face cream from Global Desi. Perfect for daily wear.,7,Free Size,Rayon,True,No return,4 days,2025-08-05T21:35:19.368768,category/toys-&-games,meesho_complete_dataset_20250902_213519.json
MEESHO_1000337,HERE&NOW Casual Dress - Skincare,Beauty & Health,Skincare,HERE&NOW,1160,371,68,4.0,551,In Stock,Seller_594,https://images.meesho.com/images/products/1000337/1_512.jpg,https://www.meesho.com/product/1000337,High quality casual dress from HERE&NOW. Perfect for daily wear.,1,One Size,Rayon,False,No return,10 days,2025-08-25T21:35:19.368774,category/beauty-&-health,meesho_complete_dataset_20250902_213519.json
MEESHO_1000338,Manthan Jewelry Set - Automotive,Automotive,Automotive,Manthan,1164,431,63,3.6,4304,Out of Stock,Seller_936,https://images.meesho.com/images/products/1000338/1_512.jpg,https://www.meesho.com/product/1000338,High quality jewelry set from Manthan. Perfect for daily wear.,7,"28,30,32,34",Cotton Blend,False,15 days,8 days,2025-08-10T21:35:19.368782,category/automotive,meesho_complete_dataset_20250902_213519.json
MEESHO_1000339,Indya Hair Oil - Books,Books,Books,Indya,1496,509,66,4.3,2395,Out of Stock,Seller_513,https://images.meesho.com/images/products/1000339/1_512.jpg,https://www.meesho.com/product/1000339,High quality hair oil from Indya. Perfect for daily wear.,1,"28,30,32,34",Silk,False,15 days,10 days,2025-09-01T21:35:19.368788,category/books,meesho_complete_dataset_20250902_213519.json
MEESHO_1000340,Janasya Printed Saree - Girls Clothing,Kids Clothing,Girls Clothing,Janasya,1333,720,46,4.1,4609,Out of Stock,Seller_258,https://images.meesho.com/images/products/1000340/1_512.jpg,https://www.meesho.com/product/1000340,High quality printed saree from Janasya. Perfect for daily wear.,2,One Size,Rayon,False,7 days,5 days,2025-08-10T21:35:19.368794,category/kids-clothing,meesho_complete_dataset_20250902_213519.json
MEESHO_1000341,Indya Bedsheet Set - Dresses,Women Clothing,Dresses,Indya,1447,825,43,3.9,415,Limited Stock,Seller_358,https://images.meesho.com/images/products/1000341/1_512.jpg,https://www.meesho.com/product/1000341,High quality bedsheet set from Indya. Perfect for daily wear.,5,"28,30,32,34",Cotton,True,No return,8 days,2025-08-07T21:35:19.368799,category/women-clothing,meesho_complete_dataset_20250902_213519.json
MEESHO_1000342,Sangria Printed Saree - Hair Care,Beauty & Health,Hair Care,Sangria,1208,785,35,4.2,3202,Out of Stock,Seller_488,https://images.meesho.com/images/products/1000342/1_512.jpg,https://www.meesho.com/product/1000342,High quality printed saree from Sangria. Perfect for daily wear.,4,Free Size,Rayon,False,15 days,5 days,2025-09-01T21:35:19.368805,category/beauty-&-health,meesho_complete_dataset_20250902_213519.json
MEESHO_1000343,Libas Jewelry Set - Jeans,Men Clothing,Jeans,Libas,2791,865,69,3.4,3849,Limited Stock,Seller_759,https://images.meesho.com/images/products/1000343/1_512.jpg,https://www.meesho.com/product/1000343,High quality jewelry set from Libas. Perfect for daily wear.,3,"S,M,L,XL",Polyester,False,7 days,9 days,2025-08-08T21:35:19.368811,category/men-clothing,meesho_complete_dataset_20250902_213519.json
MEESHO_1000344,Vishudh Hair Oil - Automotive,Automotive,Automotive,Vishudh,2133,1003,53,4.4,464,Out of Stock,Seller_797,https://images.meesho.com/images/products/1000344/1_512.jpg,https://www.meesho.com/product/1000344,High quality hair oil from Vishudh. Perfect for daily wear.,4,One Size,Cotton,True,No return,3 days,2025-09-01T21:35:19.368817,category/automotive,meesho_complete_dataset_20250902_213519.json
MEESHO_1000345,Global Desi Bedsheet Set - Gadgets,Electronics,Gadgets,Global Desi,1782,873,51,4.5,2210,Limited Stock,Seller_200,https://images.meesho.com/images/products/1000345/1_512.jpg,https://www.meesho.com/product/1000345,High quality bedsheet set from Global Desi. Perfect for daily wear.,7,"S,M,L,XL",Polyester,True,No return,7 days,2025-08-31T21:35:19.368822,category/electronics,meesho_complete_dataset_20250902_213519.json
MEESHO_1000346,Aks Kids T-Shirt - Books,Books,Books,Aks,567,335,41,3.4,1435,In Stock,Seller_261,https://images.meesho.com/images/products/1000346/1_512.jpg,https://www.meesho.com/product/1000346,High quality kids t-shirt from Aks. Perfect for daily wear.,8,"S,M,L,XL",Polyester,True,7 days,4 days,2025-08-16T21:35:19.368828,category/books,meesho_complete_dataset_20250902_213519.json
MEESHO_1000347,DressBerry Handbag - Jewelry,Accessories,Jewelry,DressBerry,2808,2415,14,3.7,1829,Limited Stock,Seller_192,https://images.meesho.com/images/products/1000347/1_512.jpg,https://www.meesho.com/product/1000347,High quality handbag from DressBerry. Perfect for daily wear.,2,Free Size,Rayon,True,15 days,9 days,2025-08-03T21:35:19.368834,category/accessories,meesho_complete_dataset_20250902_213519.json
MEESHO_1000348,SASSAFRAS Formal Shirt - Handbags,Bags & Footwear,Handbags,SASSAFRAS,2481,1116,55,4.8,576,In Stock,Seller_662,https://images.meesho.com/images/products/1000348/1_512.jpg,https://www.meesho.com/product/1000348,High quality formal shirt from SASSAFRAS. Perfect for daily wear.,3,One Size,Cotton Blend,True,No return,9 days,2025-08-21T21:35:19.368841,category/bags-&-footwear,meesho_complete_dataset_20250902_213519.json
MEESHO_1000349,Varanga Running Shoes - Casual Wear,Men Clothing,Casual Wear,Varanga,259,104,60,3.4,2264,In Stock,Seller_793,https://images.meesho.com/images/products/1000349/1_512.jpg,https://www.meesho.com/product/1000349,High quality running shoes from Varanga. Perfect for daily wear.,4,One Size,Cotton,False,No return,5 days,2025-08-09T21:35:19.368848,category/men-clothing,meesho_complete_dataset_20250902_213519.json
MEESHO_1000350,Sangria Hair Oil - Kurtas,Men Clothing,Kurtas,Sangria,908,545,40,3.0,4721,Out of Stock,Seller_855,https://images.meesho.com/images/products/1000350/1_512.jpg,https://www.meesho.com/product/1000350,High quality hair oil from Sangria. Perfect for daily wear.,2,Free Size,Cotton Blend,False,15 days,8 days,2025-08-04T21:35:19.368853,category/men-clothing,meesho_complete_dataset_20250902_213519.json
MEESHO_1000351,Aks Bedsheet Set - Toys & Games,Toys & Games,Toys & Games,Aks,1685,1213,28,4.4,2878,Out of Stock,Seller_8,https://images.meesho.com/images/products/1000351/1_512.jpg,https://www.meesho.com/product/1000351,High quality bedsheet set from Aks. Perfect for daily wear.,5,"28,30,32,34",Polyester,False,7 days,6 days,2025-08-16T21:35:19.368859,category/toys-&-games,meesho_complete_dataset_20250902_213519.json
MEESHO_1000352,HERE&NOW Denim Jeans - Personal Care,Beauty & Health,Personal Care,HERE&NOW,1348,1213,10,3.8,2180,Out of Stock,Seller_808,https://images.meesho.com/images/products/1000352/1_512.jpg,https://www.meesho.com/product/1000352,High quality denim jeans from HERE&NOW. Perfect for daily wear.,2,"28,30,32,34",Rayon,True,No return,3 days,2025-08-18T21:35:19.368865,category/beauty-&-health,meesho_complete_dataset_20250902_213519.json
MEESHO_1000353,Soch Bedsheet Set - Jewelry,Accessories,Jewelry,Soch,1397,950,32,3.8,1918,Out of Stock,Seller_67,https://images.meesho.com/images/products/1000353/1_512.jpg,https://www.meesho.com/product/1000353,High quality bedsheet set from Soch. Perfect for daily wear.,6,One Size,Silk,True,No return,6 days,2025-08-10T21:35:19.368871,category/accessories,meesho_complete_dataset_20250902_213519.json
MEESHO_1000354,Aks Cotton Kurti - Girls Clothing,Kids Clothing,Girls Clothing,Aks,1989,1432,28,3.1,1136,Limited Stock,Seller_342,https://images.meesho.com/images/products/1000354/1_512.jpg,https://www.meesho.com/product/1000354,High quality cotton kurti from Aks. Perfect for daily wear.,8,"S,M,L,XL",Polyester,True,15 days,10 days,2025-08-05T21:35:19.368877,category/kids-clothing,meesho_complete_dataset_20250902_213519.json
MEESHO_1000355,Anouk Wall Clock - Watches,Accessories,Watches,Anouk,1590,556,65,4.3,4516,Out of Stock,Seller_419,https://images.meesho.com/images/products/1000355/1_512.jpg,https://www.meesho.com/product/1000355,High quality wall clock from Anouk. Perfect for daily wear.,3,"S,M,L,XL",Rayon,False,15 days,8 days,2025-08-14T21:35:19.368883,category/accessories,meesho_complete_dataset_20250902_213519.json
MEESHO_1000356,Soch Handbag - Books,Books,Books,Soch,2342,2038,13,4.0,4453,Out of Stock,Seller_658,https://images.meesho.com/images/products/1000356/1_512.jpg,https://www.meesho.com/product/1000356,High quality handbag from Soch. Perfect for daily wear.,4,One Size,Cotton,False,7 days,7 days,2025-08-12T21:35:19.368888,category/books,meesho_complete_dataset_20250902_213519.json
MEESHO_1000357,Varanga Face Cream - Toys & Games,Toys & Games,Toys & Games,Varanga,603,205,66,3.9,2856,Limited Stock,Seller_53,https://images.meesho.com/images/products/1000357/1_512.jpg,https://www.meesho.com/product/1000357,High quality face cream from Varanga. Perfect for daily wear.,5,"28,30,32,34",Rayon,False,No return,7 days,2025-08-13T21:35:19.368894,category/toys-&-games,meesho_complete_dataset_20250902_213519.json
MEESHO_1000358,Soch Face Cream - Sunglasses,Accessories,Sunglasses,Soch,1421,881,38,3.5,2603,Limited Stock,Seller_646,https://images.meesho.com/images/products/1000358/1_512.jpg,https://www.meesho.com/product/1000358,High quality face cream from Soch. Perfect for daily wear.,3,Free Size,Cotton,True,No return,8 days,2025-08-10T21:35:19.368900,category/accessories,meesho_complete_dataset_20250902_213519.json
MEESHO_1000359,Libas Wall Clock - Jeans,Men Clothing,Jeans,Libas,845,668,21,3.8,3289,In Stock,Seller_419,https://images.meesho.com/images/products/1000359/1_512.jpg,https://www.meesho.com/product/1000359,High quality wall clock from Libas. Perfect for daily wear.,7,"28,30,32,34",Silk,True,No return,6 days,2025-08-20T21:35:19.368906,category/men-clothing,meesho_complete_dataset_20250902_213519.json
MEESHO_1000360,Janasya Hair Oil - Wallets,Bags & Footwear,Wallets,Janasya,2582,2091,19,4.4,1267,Out of Stock,Seller_427,https://images.meesho.com/images/products/1000360/1_512.jpg,https://www.meesho.com/product/1000360,High quality hair oil from Janasya. Perfect for daily wear.,3,"S,M,L,XL",Silk,False,15 days,7 days,2025-08-24T21:35:19.368911,category/bags-&-footwear,meesho_complete_dataset_20250902_213519.json
MEESHO_1000361,MIMOSA Mobile Cover - Sports & Fitness,Sports & Fitness,Sports & Fitness,MIMOSA,1411,607,57,4.1,728,Out of Stock,Seller_181,https://images.meesho.com/images/products/1000361/1_512.jpg,https://www.meesho.com/product/1000361,High quality mobile cover from MIMOSA. Perfect for daily wear.,4,One Size,Silk,False,15 days,3 days,2025-08-21T21:35:19.368917,category/sports-&-fitness,meesho_complete_dataset_20250902_213519.json
MEESHO_1000362,Mast & Harbour Jewelry Set - Kurtas,Men Clothing,Kurtas,Mast & Harbour,481,317,34,3.6,4854,Out of Stock,Seller_183,https://images.meesho.com/images/products/1000362/1_512.jpg,https://www.meesho.com/product/1000362,High quality jewelry set from Mast & Harbour. Perfect for daily wear.,5,"S,M,L,XL",Polyester,False,No return,6 days,2025-08-28T21:35:19.368923,category/men-clothing,meesho_complete_dataset_20250902_213519.json
MEESHO_1000363,Manthan Handbag - Toys & Games,Toys & Games,Toys & Games,Manthan,1436,1120,22,4.7,2053,Limited Stock,Seller_820,https://images.meesho.com/images/products/1000363/1_512.jpg,https://www.meesho.com/product/1000363,High quality handbag from Manthan. Perfect for daily wear.,8,"S,M,L,XL",Cotton Blend,True,No return,5 days,2025-08-14T21:35:19.368929,category/toys-&-games,meesho_complete_dataset_20250902_213519.json
MEESHO_1000364,Soch Mobile Cover - Headphones,Electronics,Headphones,Soch,2804,2075,26,4.3,4388,Out of Stock,Seller_419,https://images.meesho.com/images/products/1000364/1_512.jpg,https://www.meesho.com/product/1000364,High quality mobile cover from Soch. Perfect for daily wear.,7,"28,30,32,34",Rayon,False,7 days,8 days,2025-08-16T21:35:19.368936,category/electronics,meesho_complete_dataset_20250902_213519.json
MEESHO_1000365,Varanga Cotton Kurti - Sandals,Bags & Footwear,Sandals,Varanga,1705,1364,20,4.4,1217,Out of Stock,Seller_805,https://images.meesho.com/images/products/1000365/1_512.jpg,https://www.meesho.com/product/1000365,High quality cotton kurti from Varanga. Perfect for daily wear.,3,Free Size,Polyester,True,15 days,9 days,2025-08-13T21:35:19.368942,category/bags-&-footwear,meesho_complete_dataset_20250902_213519.json
MEESHO_1000366,DressBerry Hair Oil - Casual Wear,Men Clothing,Casual Wear,DressBerry,1382,1147,17,4.4,2482,In Stock,Seller_343,https://images.meesho.com/images/products/1000366/1_512.jpg,https://www.meesho.com/product/1000366,High quality hair oil from DressBerry. Perfect for daily wear.,5,Free Size,Cotton,True,7 days,6 days,2025-08-14T21:35:19.368948,category/men-clothing,meesho_complete_dataset_20250902_213519.json
MEESHO_1000367,Global Desi Formal Shirt - Casual Wear,Men Clothing,Casual Wear,Global Desi,1240,409,67,4.4,146,Limited Stock,Seller_62,https://images.meesho.com/images/products/1000367/1_512.jpg,https://www.meesho.com/product/1000367,High quality formal shirt from Global Desi. Perfect for daily wear.,4,"S,M,L,XL",Polyester,True,No return,8 days,2025-08-19T21:35:19.368954,category/men-clothing,meesho_complete_dataset_20250902_213519.json
MEESHO_1000368,GoSriKi Denim Jeans - Ethnic Wear,Men Clothing,Ethnic Wear,GoSriKi,2776,2276,18,3.8,1274,In Stock,Seller_120,https://images.meesho.com/images/products/1000368/1_512.jpg,https://www.meesho.com/product/1000368,High quality denim jeans from GoSriKi. Perfect for daily wear.,5,One Size,Polyester,False,7 days,5 days,2025-08-26T21:35:19.368959,category/men-clothing,meesho_complete_dataset_20250902_213519.json
MEESHO_1000369,Manthan Running Shoes - T-Shirts,Men Clothing,T-Shirts,Manthan,2003,941,53,3.3,1079,Out of Stock,Seller_609,https://images.meesho.com/images/products/1000369/1_512.jpg,https://www.meesho.com/product/1000369,High quality running shoes from Manthan. Perfect for daily wear.,4,"28,30,32,34",Cotton Blend,True,7 days,8 days,2025-08-17T21:35:19.368965,category/men-clothing,meesho_complete_dataset_20250902_213519.json
MEESHO_1000370,Manthan Running Shoes - Kurtas,Men Clothing,Kurtas,Manthan,409,139,66,3.6,1514,Out of Stock,Seller_629,https://images.meesho.com/images/products/1000370/1_512.jpg,https://www.meesho.com/product/1000370,High quality running shoes from Manthan. Perfect for daily wear.,6,"28,30,32,34",Polyester,True,7 days,7 days,2025-08-12T21:35:19.368972,category/men-clothing,meesho_complete_dataset_20250902_213519.json
MEESHO_1000371,Roadster Bedsheet Set - Sandals,Bags & Footwear,Sandals,Roadster,1795,1310,27,4.5,1482,In Stock,Seller_36,https://images.meesho.com/images/products/1000371/1_512.jpg,https://www.meesho.com/product/1000371,High quality bedsheet set from Roadster. Perfect for daily wear.,3,"S,M,L,XL",Rayon,False,15 days,4 days,2025-08-08T21:35:19.368978,category/bags-&-footwear,meesho_complete_dataset_20250902_213519.json
MEESHO_1000372,Aks Running Shoes - Automotive,Automotive,Automotive,Aks,2329,1211,48,3.4,2669,In Stock,Seller_366,https://images.meesho.com/images/products/1000372/1_512.jpg,https://www.meesho.com/product/1000372,High quality running shoes from Aks. Perfect for daily wear.,1,"S,M,L,XL",Silk,True,No return,6 days,2025-08-27T21:35:19.368984,category/automotive,meesho_complete_dataset_20250902_213519.json
MEESHO_1000373,SASSAFRAS Handbag - Toys & Games,Toys & Games,Toys & Games,SASSAFRAS,658,355,46,4.4,3431,In Stock,Seller_111,https://images.meesho.com/images/products/1000373/1_512.jpg,https://www.meesho.com/product/1000373,High quality handbag from SASSAFRAS. Perfect for daily wear.,1,"28,30,32,34",Cotton Blend,True,No return,5 days,2025-08-07T21:35:19.368990,category/toys-&-games,meesho_complete_dataset_20250902_213519.json
MEESHO_1000374,Manthan Wall Clock - Automotive,Automotive,Automotive,Manthan,770,316,59,4.3,4758,In Stock,Seller_952,https://images.meesho.com/images/products/1000374/1_512.jpg,https://www.meesho.com/product/1000374,High quality wall clock from Manthan. Perfect for daily wear.,7,"S,M,L,XL",Silk,False,7 days,6 days,2025-09-01T21:35:19.368997,category/automotive,meesho_complete_dataset_20250902_213519.json
MEESHO_1000375,Libas Printed Saree - Suits,Women Clothing,Suits,Libas,2867,1319,54,3.8,3724,In Stock,Seller_35,https://images.meesho.com/images/products/1000375/1_512.jpg,https://www.meesho.com/product/1000375,High quality printed saree from Libas. Perfect for daily wear.,7,Free Size,Cotton,False,7 days,4 days,2025-08-11T21:35:19.369003,category/women-clothing,meesho_complete_dataset_20250902_213519.json
MEESHO_1000376,Sangria Casual Dress - Sports & Fitness,Sports & Fitness,Sports & Fitness,Sangria,886,478,46,4.2,3538,Out of Stock,Seller_760,https://images.meesho.com/images/products/1000376/1_512.jpg,https://www.meesho.com/product/1000376,High quality casual dress from Sangria. Perfect for daily wear.,1,"S,M,L,XL",Cotton,False,No return,10 days,2025-08-23T21:35:19.369009,category/sports-&-fitness,meesho_complete_dataset_20250902_213519.json
MEESHO_1000377,Global Desi Kids T-Shirt - Boys Clothing,Kids Clothing,Boys Clothing,Global Desi,816,384,53,4.0,2027,Limited Stock,Seller_667,https://images.meesho.com/images/products/1000377/1_512.jpg,https://www.meesho.com/product/1000377,High quality kids t-shirt from Global Desi. Perfect for daily wear.,7,One Size,Cotton Blend,False,No return,3 days,2025-08-27T21:35:19.369015,category/kids-clothing,meesho_complete_dataset_20250902_213519.json
MEESHO_1000378,Roadster Casual Dress - Sarees,Women Clothing,Sarees,Roadster,1250,1038,17,3.0,3874,Limited Stock,Seller_99,https://images.meesho.com/images/products/1000378/1_512.jpg,https://www.meesho.com/product/1000378,High quality casual dress from Roadster. Perfect for daily wear.,3,"S,M,L,XL",Polyester,False,No return,9 days,2025-08-31T21:35:19.369021,category/women-clothing,meesho_complete_dataset_20250902_213519.json
MEESHO_1000379,Anouk Jewelry Set - Suits,Women Clothing,Suits,Anouk,2324,1208,48,3.2,2657,Out of Stock,Seller_222,https://images.meesho.com/images/products/1000379/1_512.jpg,https://www.meesho.com/product/1000379,High quality jewelry set from Anouk. Perfect for daily wear.,5,One Size,Cotton,False,No return,5 days,2025-08-12T21:35:19.369026,category/women-clothing,meesho_complete_dataset_20250902_213519.json
MEESHO_1000380,HERE&NOW Casual Dress - Sports & Fitness,Sports & Fitness,Sports & Fitness,HERE&NOW,2095,1592,24,3.4,550,Out of Stock,Seller_769,https://images.meesho.com/images/products/1000380/1_512.jpg,https://www.meesho.com/product/1000380,High quality casual dress from HERE&NOW. Perfect for daily wear.,8,Free Size,Cotton Blend,False,15 days,6 days,2025-09-01T21:35:19.369032,category/sports-&-fitness,meesho_complete_dataset_20250902_213519.json
MEESHO_1000381,Global Desi Ethnic Suit - Sports & Fitness,Sports & Fitness,Sports & Fitness,Global Desi,2417,918,62,3.8,721,Limited Stock,Seller_425,https://images.meesho.com/images/products/1000381/1_512.jpg,https://www.meesho.com/product/1000381,High quality ethnic suit from Global Desi. Perfect for daily wear.,8,Free Size,Rayon,True,7 days,8 days,2025-08-11T21:35:19.369038,category/sports-&-fitness,meesho_complete_dataset_20250902_213519.json
MEESHO_1000382,Mast & Harbour Mobile Cover - Toys & Games,Toys & Games,Toys & Games,Mast & Harbour,651,462,29,3.7,4190,Limited Stock,Seller_594,https://images.meesho.com/images/products/1000382/1_512.jpg,https://www.meesho.com/product/1000382,High quality mobile cover from Mast & Harbour. Perfect for daily wear.,3,"S,M,L,XL",Rayon,True,No return,6 days,2025-08-27T21:35:19.369044,category/toys-&-games,meesho_complete_dataset_20250902_213519.json
MEESHO_1000383,Indya Casual Dress - Storage,Home & Kitchen,Storage,Indya,1149,586,49,3.9,1509,In Stock,Seller_886,https://images.meesho.com/images/products/1000383/1_512.jpg,https://www.meesho.com/product/1000383,High quality casual dress from Indya. Perfect for daily wear.,5,One Size,Polyester,False,No return,9 days,2025-08-12T21:35:19.369050,category/home-&-kitchen,meesho_complete_dataset_20250902_213519.json
MEESHO_1000384,Indya Wall Clock - Storage,Home & Kitchen,Storage,Indya,1676,1324,21,4.2,2765,Limited Stock,Seller_913,https://images.meesho.com/images/products/1000384/1_512.jpg,https://www.meesho.com/product/1000384,High quality wall clock from Indya. Perfect for daily wear.,5,One Size,Rayon,True,7 days,5 days,2025-08-14T21:35:19.369056,category/home-&-kitchen,meesho_complete_dataset_20250902_213519.json
MEESHO_1000385,Soch Running Shoes - Handbags,Bags & Footwear,Handbags,Soch,1456,1005,31,4.4,76,Out of Stock,Seller_401,https://images.meesho.com/images/products/1000385/1_512.jpg,https://www.meesho.com/product/1000385,High quality running shoes from Soch. Perfect for daily wear.,4,Free Size,Rayon,True,15 days,5 days,2025-08-15T21:35:19.369062,category/bags-&-footwear,meesho_complete_dataset_20250902_213519.json
MEESHO_1000386,Soch Denim Jeans - Skincare,Beauty & Health,Skincare,Soch,955,525,45,4.5,3176,Limited Stock,Seller_260,https://images.meesho.com/images/products/1000386/1_512.jpg,https://www.meesho.com/product/1000386,High quality denim jeans from Soch. Perfect for daily wear.,7,"28,30,32,34",Cotton Blend,True,No return,10 days,2025-08-20T21:35:19.369067,category/beauty-&-health,meesho_complete_dataset_20250902_213519.json
MEESHO_1000387,Manthan Bedsheet Set - Health Supplements,Beauty & Health,Health Supplements,Manthan,410,148,64,4.6,3881,Limited Stock,Seller_568,https://images.meesho.com/images/products/1000387/1_512.jpg,https://www.meesho.com/product/1000387,High quality bedsheet set from Manthan. Perfect for daily wear.,8,"28,30,32,34",Cotton Blend,False,No return,3 days,2025-08-03T21:35:19.369073,category/beauty-&-health,meesho_complete_dataset_20250902_213519.json
MEESHO_1000388,HERE&NOW Jewelry Set - Home Decor,Home & Kitchen,Home Decor,HERE&NOW,723,354,51,4.1,3720,Out of Stock,Seller_534,https://images.meesho.com/images/products/1000388/1_512.jpg,https://www.meesho.com/product/1000388,High quality jewelry set from HERE&NOW. Perfect for daily wear.,5,"28,30,32,34",Silk,False,15 days,6 days,2025-08-13T21:35:19.369079,category/home-&-kitchen,meesho_complete_dataset_20250902_213519.json
MEESHO_1000389,Libas Printed Saree - Books,Books,Books,Libas,1315,986,25,3.8,287,Out of Stock,Seller_595,https://images.meesho.com/images/products/1000389/1_512.jpg,https://www.meesho.com/product/1000389,High quality printed saree from Libas. Perfect for daily wear.,6,One Size,Rayon,False,15 days,6 days,2025-08-20T21:35:19.369085,category/books,meesho_complete_dataset_20250902_213519.json
MEESHO_1000390,MIMOSA Mobile Cover - Storage,Home & Kitchen,Storage,MIMOSA,2821,1100,61,3.4,334,In Stock,Seller_996,https://images.meesho.com/images/products/1000390/1_512.jpg,https://www.meesho.com/product/1000390,High quality mobile cover from MIMOSA. Perfect for daily wear.,5,Free Size,Rayon,True,7 days,6 days,2025-08-16T21:35:19.369090,category/home-&-kitchen,meesho_complete_dataset_20250902_213519.json
MEESHO_1000391,Vishudh Denim Jeans - Health Supplements,Beauty & Health,Health Supplements,Vishudh,411,156,62,4.2,4907,Out of Stock,Seller_351,https://images.meesho.com/images/products/1000391/1_512.jpg,https://www.meesho.com/product/1000391,High quality denim jeans from Vishudh. Perfect for daily wear.,3,One Size,Silk,True,15 days,8 days,2025-08-26T21:35:19.369096,category/beauty-&-health,meesho_complete_dataset_20250902_213519.json
MEESHO_1000392,HERE&NOW Ethnic Suit - Jewelry,Accessories,Jewelry,HERE&NOW,476,219,54,4.6,1480,Limited Stock,Seller_244,https://images.meesho.com/images/products/1000392/1_512.jpg,https://www.meesho.com/product/1000392,High quality ethnic suit from HERE&NOW. Perfect for daily wear.,8,"S,M,L,XL",Polyester,True,No return,3 days,2025-08-19T21:35:19.369103,category/accessories,meesho_complete_dataset_20250902_213519.json
MEESHO_1000393,MIMOSA Face Cream - Sunglasses,Accessories,Sunglasses,MIMOSA,1756,860,51,4.3,4463,Limited Stock,Seller_891,https://images.meesho.com/images/products/1000393/1_512.jpg,https://www.meesho.com/product/1000393,High quality face cream from MIMOSA. Perfect for daily wear.,8,One Size,Silk,False,15 days,6 days,2025-08-14T21:35:19.369108,category/accessories,meesho_complete_dataset_20250902_213519.json
MEESHO_1000394,DressBerry Running Shoes - Suits,Women Clothing,Suits,DressBerry,1162,395,66,3.3,2380,In Stock,Seller_63,https://images.meesho.com/images/products/1000394/1_512.jpg,https://www.meesho.com/product/1000394,High quality running shoes from DressBerry. Perfect for daily wear.,7,One Size,Cotton,True,No return,6 days,2025-08-21T21:35:19.369114,category/women-clothing,meesho_complete_dataset_20250902_213519.json
MEESHO_1000395,Aks Formal Shirt - School Uniforms,Kids Clothing,School Uniforms,Aks,1950,1092,44,3.8,4211,Limited Stock,Seller_961,https://images.meesho.com/images/products/1000395/1_512.jpg,https://www.meesho.com/product/1000395,High quality formal shirt from Aks. Perfect for daily wear.,2,"28,30,32,34",Cotton,False,No return,8 days,2025-08-05T21:35:19.369120,category/kids-clothing,meesho_complete_dataset_20250902_213519.json
MEESHO_1000396,Sangria Ethnic Suit - Skincare,Beauty & Health,Skincare,Sangria,347,118,66,3.0,4661,Limited Stock,Seller_944,https://images.meesho.com/images/products/1000396/1_512.jpg,https://www.meesho.com/product/1000396,High quality ethnic suit from Sangria. Perfect for daily wear.,2,Free Size,Cotton,True,7 days,4 days,2025-08-25T21:35:19.369126,category/beauty-&-health,meesho_complete_dataset_20250902_213519.json
MEESHO_1000397,HERE&NOW Cotton Kurti - Watches,Accessories,Watches,HERE&NOW,195,94,52,4.1,3710,In Stock,Seller_410,https://images.meesho.com/images/products/1000397/1_512.jpg,https://www.meesho.com/product/1000397,High quality cotton kurti from HERE&NOW. Perfect for daily wear.,8,One Size,Cotton Blend,False,No return,7 days,2025-08-31T21:35:19.369131,category/accessories,meesho_complete_dataset_20250902_213519.json
MEESHO_1000398,Sangria Ethnic Suit - Gadgets,Electronics,Gadgets,Sangria,2519,1965,22,3.3,2234,Limited Stock,Seller_832,https://images.meesho.com/images/products/1000398/1_512.jpg,https://www.meesho.com/product/1000398,High quality ethnic suit from Sangria. Perfect for daily wear.,3,"28,30,32,34",Cotton Blend,True,No return,8 days,2025-08-09T21:35:19.369137,category/electronics,meesho_complete_dataset_20250902_213519.json
MEESHO_1000399,Manthan Denim Jeans - Toys & Games,Toys & Games,Toys & Games,Manthan,1043,365,65,3.9,2232,Out of Stock,Seller_598,https://images.meesho.com/images/products/1000399/1_512.jpg,https://www.meesho.com/product/1000399,High quality denim jeans from Manthan. Perfect for daily wear.,6,Free Size,Silk,False,7 days,6 days,2025-08-23T21:35:19.369143,category/toys-&-games,meesho_complete_dataset_20250902_213519.json
MEESHO_1000400,Manthan Denim Jeans - Wallets,Bags & Footwear,Wallets,Manthan,1184,888,25,4.7,2096,In Stock,Seller_73,https://images.meesho.com/images/products/1000400/1_512.jpg,https://www.meesho.com/product/1000400,High quality denim jeans from Manthan. Perfect for daily wear.,6,One Size,Rayon,False,7 days,9 days,2025-08-28T21:35:19.369149,category/bags-&-footwear,meesho_complete_dataset_20250902_213519.json
MEESHO_1000401,Sangria Running Shoes - Personal Care,Beauty & Health,Personal Care,Sangria,2684,1557,42,4.1,3680,Limited Stock,Seller_107,https://images.meesho.com/images/products/1000401/1_512.jpg,https://www.meesho.com/product/1000401,High quality running shoes from Sangria. Perfect for daily wear.,8,"S,M,L,XL",Polyester,True,15 days,3 days,2025-08-29T21:35:19.369155,category/beauty-&-health,meesho_complete_dataset_20250902_213519.json
MEESHO_1000402,Global Desi Formal Shirt - Kurtas,Men Clothing,Kurtas,Global Desi,2555,1942,24,4.2,3775,In Stock,Seller_169,https://images.meesho.com/images/products/1000402/1_512.jpg,https://www.meesho.com/product/1000402,High quality formal shirt from Global Desi. Perfect for daily wear.,7,One Size,Cotton Blend,True,15 days,7 days,2025-08-22T21:35:19.369161,category/men-clothing,meesho_complete_dataset_20250902_213519.json
MEESHO_1000403,Libas Handbag - T-Shirts,Men Clothing,T-Shirts,Libas,1172,809,31,4.4,4730,Limited Stock,Seller_935,https://images.meesho.com/images/products/1000403/1_512.jpg,https://www.meesho.com/product/1000403,High quality handbag from Libas. Perfect for daily wear.,4,One Size,Cotton,True,15 days,7 days,2025-08-22T21:35:19.369168,category/men-clothing,meesho_complete_dataset_20250902_213519.json
MEESHO_1000404,Varanga Kitchen Set - Books,Books,Books,Varanga,1524,1113,27,4.5,4245,In Stock,Seller_821,https://images.meesho.com/images/products/1000404/1_512.jpg,https://www.meesho.com/product/1000404,High quality kitchen set from Varanga. Perfect for daily wear.,8,"S,M,L,XL",Silk,False,No return,9 days,2025-08-13T21:35:19.369174,category/books,meesho_complete_dataset_20250902_213519.json
MEESHO_1000405,Manthan Bedsheet Set - Sports & Fitness,Sports & Fitness,Sports & Fitness,Manthan,1528,1238,19,4.8,1950,Out of Stock,Seller_643,https://images.meesho.com/images/products/1000405/1_512.jpg,https://www.meesho.com/product/1000405,High quality bedsheet set from Manthan. Perfect for daily wear.,8,"S,M,L,XL",Rayon,True,15 days,7 days,2025-08-11T21:35:19.369180,category/sports-&-fitness,meesho_complete_dataset_20250902_213519.json
MEESHO_1000406,Manthan Casual Dress - Girls Clothing,Kids Clothing,Girls Clothing,Manthan,1642,920,44,4.1,2681,Out of Stock,Seller_61,https://images.meesho.com/images/products/1000406/1_512.jpg,https://www.meesho.com/product/1000406,High quality casual dress from Manthan. Perfect for daily wear.,6,"28,30,32,34",Polyester,False,7 days,7 days,2025-08-13T21:35:19.369185,category/kids-clothing,meesho_complete_dataset_20250902_213519.json
MEESHO_1000407,MIMOSA Cotton Kurti - Casual Wear,Men Clothing,Casual Wear,MIMOSA,413,240,42,4.6,4531,Out of Stock,Seller_959,https://images.meesho.com/images/products/1000407/1_512.jpg,https://www.meesho.com/product/1000407,High quality cotton kurti from MIMOSA. Perfect for daily wear.,4,One Size,Rayon,True,15 days,5 days,2025-08-11T21:35:19.369191,category/men-clothing,meesho_complete_dataset_20250902_213519.json
MEESHO_1000408,HERE&NOW Face Cream - Automotive,Automotive,Automotive,HERE&NOW,2793,1396,50,3.9,3151,Out of Stock,Seller_217,https://images.meesho.com/images/products/1000408/1_512.jpg,https://www.meesho.com/product/1000408,High quality face cream from HERE&NOW. Perfect for daily wear.,8,"28,30,32,34",Rayon,False,7 days,6 days,2025-08-21T21:35:19.369197,category/automotive,meesho_complete_dataset_20250902_213519.json
MEESHO_1000409,Vishudh Printed Saree - Casual Wear,Men Clothing,Casual Wear,Vishudh,1385,762,45,4.1,3263,Limited Stock,Seller_158,https://images.meesho.com/images/products/1000409/1_512.jpg,https://www.meesho.com/product/1000409,High quality printed saree from Vishudh. Perfect for daily wear.,6,Free Size,Polyester,False,7 days,8 days,2025-08-22T21:35:19.369203,category/men-clothing,meesho_complete_dataset_20250902_213519.json
MEESHO_1000410,Indya Denim Jeans - Ethnic Wear,Women Clothing,Ethnic Wear,Indya,1837,735,60,3.5,464,Limited Stock,Seller_81,https://images.meesho.com/images/products/1000410/1_512.jpg,https://www.meesho.com/product/1000410,High quality denim jeans from Indya. Perfect for daily wear.,3,"28,30,32,34",Silk,True,15 days,6 days,2025-08-31T21:35:19.369209,category/women-clothing,meesho_complete_dataset_20250902_213519.json
MEESHO_1000411,Global Desi Running Shoes - Mobile Accessories,Electronics,Mobile Accessories,Global Desi,217,163,25,3.5,4171,Limited Stock,Seller_77,https://images.meesho.com/images/products/1000411/1_512.jpg,https://www.meesho.com/product/1000411,High quality running shoes from Global Desi. Perfect for daily wear.,3,"28,30,32,34",Cotton,False,15 days,4 days,2025-08-22T21:35:19.369214,category/electronics,meesho_complete_dataset_20250902_213519.json
MEESHO_1000412,Vishudh Kids T-Shirt - School Uniforms,Kids Clothing,School Uniforms,Vishudh,1353,501,63,3.4,3599,Limited Stock,Seller_900,https://images.meesho.com/images/products/1000412/1_512.jpg,https://www.meesho.com/product/1000412,High quality kids t-shirt from Vishudh. Perfect for daily wear.,6,"28,30,32,34",Cotton Blend,True,No return,3 days,2025-08-23T21:35:19.369220,category/kids-clothing,meesho_complete_dataset_20250902_213519.json
MEESHO_1000413,SASSAFRAS Mobile Cover - Gadgets,Electronics,Gadgets,SASSAFRAS,2349,1128,52,3.0,672,In Stock,Seller_944,https://images.meesho.com/images/products/1000413/1_512.jpg,https://www.meesho.com/product/1000413,High quality mobile cover from SASSAFRAS. Perfect for daily wear.,7,Free Size,Silk,False,7 days,6 days,2025-08-30T21:35:19.369228,category/electronics,meesho_complete_dataset_20250902_213519.json
MEESHO_1000414,Soch Kids T-Shirt - Sports & Fitness,Sports & Fitness,Sports & Fitness,Soch,1215,1081,11,3.1,4277,In Stock,Seller_80,https://images.meesho.com/images/products/1000414/1_512.jpg,https://www.meesho.com/product/1000414,High quality kids t-shirt from Soch. Perfect for daily wear.,5,"28,30,32,34",Silk,True,No return,9 days,2025-08-06T21:35:19.369234,category/sports-&-fitness,meesho_complete_dataset_20250902_213519.json
MEESHO_1000415,DressBerry Jewelry Set - Automotive,Automotive,Automotive,DressBerry,2794,894,68,3.4,3861,Limited Stock,Seller_80,https://images.meesho.com/images/products/1000415/1_512.jpg,https://www.meesho.com/product/1000415,High quality jewelry set from DressBerry. Perfect for daily wear.,6,"28,30,32,34",Polyester,True,15 days,7 days,2025-08-08T21:35:19.369239,category/automotive,meesho_complete_dataset_20250902_213519.json
MEESHO_1000416,Manthan Denim Jeans - School Uniforms,Kids Clothing,School Uniforms,Manthan,878,606,31,3.3,296,In Stock,Seller_329,https://images.meesho.com/images/products/1000416/1_512.jpg,https://www.meesho.com/product/1000416,High quality denim jeans from Manthan. Perfect for daily wear.,2,One Size,Silk,True,15 days,4 days,2025-08-14T21:35:19.369246,category/kids-clothing,meesho_complete_dataset_20250902_213519.json
MEESHO_1000417,HERE&NOW Ethnic Suit - Suits,Women Clothing,Suits,HERE&NOW,1140,513,55,4.3,2179,Limited Stock,Seller_609,https://images.meesho.com/images/products/1000417/1_512.jpg,https://www.meesho.com/product/1000417,High quality ethnic suit from HERE&NOW. Perfect for daily wear.,7,"28,30,32,34",Silk,True,No return,9 days,2025-08-08T21:35:19.369252,category/women-clothing,meesho_complete_dataset_20250902_213519.json
MEESHO_1000418,Janasya Formal Shirt - Ethnic Wear,Men Clothing,Ethnic Wear,Janasya,2768,1799,35,3.3,4182,In Stock,Seller_441,https://images.meesho.com/images/products/1000418/1_512.jpg,https://www.meesho.com/product/1000418,High quality formal shirt from Janasya. Perfect for daily wear.,5,One Size,Silk,False,15 days,5 days,2025-08-24T21:35:19.369258,category/men-clothing,meesho_complete_dataset_20250902_213519.json
MEESHO_1000419,Manthan Ethnic Suit - Sunglasses,Accessories,Sunglasses,Manthan,1566,1221,22,3.5,2111,In Stock,Seller_824,https://images.meesho.com/images/products/1000419/1_512.jpg,https://www.meesho.com/product/1000419,High quality ethnic suit from Manthan. Perfect for daily wear.,8,"S,M,L,XL",Cotton Blend,False,No return,3 days,2025-08-04T21:35:19.369263,category/accessories,meesho_complete_dataset_20250902_213519.json
MEESHO_1000420,HERE&NOW Formal Shirt - Sandals,Bags & Footwear,Sandals,HERE&NOW,994,447,55,3.4,2500,In Stock,Seller_803,https://images.meesho.com/images/products/1000420/1_512.jpg,https://www.meesho.com/product/1000420,High quality formal shirt from HERE&NOW. Perfect for daily wear.,1,"28,30,32,34",Cotton Blend,True,15 days,10 days,2025-09-01T21:35:19.369269,category/bags-&-footwear,meesho_complete_dataset_20250902_213519.json
MEESHO_1000421,Libas Casual Dress - Hair Accessories,Accessories,Hair Accessories,Libas,2610,2114,19,4.1,1883,Limited Stock,Seller_400,https://images.meesho.com/images/products/1000421/1_512.jpg,https://www.meesho.com/product/1000421,High quality casual dress from Libas. Perfect for daily wear.,1,One Size,Cotton,False,15 days,10 days,2025-08-08T21:35:19.369275,category/accessories,meesho_complete_dataset_20250902_213519.json
MEESHO_1000422,Roadster Ethnic Suit - Personal Care,Beauty & Health,Personal Care,Roadster,894,733,18,3.0,2898,In Stock,Seller_628,https://images.meesho.com/images/products/1000422/1_512.jpg,https://www.meesho.com/product/1000422,High quality ethnic suit from Roadster. Perfect for daily wear.,5,"28,30,32,34",Polyester,False,No return,6 days,2025-08-10T21:35:19.369281,category/beauty-&-health,meesho_complete_dataset_20250902_213519.json
MEESHO_1000423,HERE&NOW Running Shoes - Backpacks,Bags & Footwear,Backpacks,HERE&NOW,1115,479,57,3.9,1699,Out of Stock,Seller_186,https://images.meesho.com/images/products/1000423/1_512.jpg,https://www.meesho.com/product/1000423,High quality running shoes from HERE&NOW. Perfect for daily wear.,1,"S,M,L,XL",Silk,True,No return,7 days,2025-08-30T21:35:19.369287,category/bags-&-footwear,meesho_complete_dataset_20250902_213519.json
MEESHO_1000424,Anouk Bedsheet Set - Books,Books,Books,Anouk,2497,1873,25,4.7,1524,In Stock,Seller_2,https://images.meesho.com/images/products/1000424/1_512.jpg,https://www.meesho.com/product/1000424,High quality bedsheet set from Anouk. Perfect for daily wear.,1,Free Size,Silk,False,7 days,3 days,2025-08-05T21:35:19.369293,category/books,meesho_complete_dataset_20250902_213519.json
MEESHO_1000425,Soch Formal Shirt - Girls Clothing,Kids Clothing,Girls Clothing,Soch,876,377,57,3.8,3593,Out of Stock,Seller_811,https://images.meesho.com/images/products/1000425/1_512.jpg,https://www.meesho.com/product/1000425,High quality formal shirt from Soch. Perfect for daily wear.,7,"28,30,32,34",Silk,False,15 days,10 days,2025-08-20T21:35:19.369299,category/kids-clothing,meesho_complete_dataset_20250902_213519.json
MEESHO_1000426,GoSriKi Casual Dress - Sunglasses,Accessories,Sunglasses,GoSriKi,1359,734,46,3.9,1276,In Stock,Seller_193,https://images.meesho.com/images/products/1000426/1_512.jpg,https://www.meesho.com/product/1000426,High quality casual dress from GoSriKi. Perfect for daily wear.,4,"S,M,L,XL",Rayon,False,No return,3 days,2025-08-24T21:35:19.369304,category/accessories,meesho_complete_dataset_20250902_213519.json
MEESHO_1000427,MIMOSA Casual Dress - Personal Care,Beauty & Health,Personal Care,MIMOSA,182,56,69,4.7,1311,Limited Stock,Seller_115,https://images.meesho.com/images/products/1000427/1_512.jpg,https://www.meesho.com/product/1000427,High quality casual dress from MIMOSA. Perfect for daily wear.,3,One Size,Rayon,True,15 days,6 days,2025-08-08T21:35:19.369310,category/beauty-&-health,meesho_complete_dataset_20250902_213519.json
MEESHO_1000428,HERE&NOW Kids T-Shirt - Wallets,Bags & Footwear,Wallets,HERE&NOW,2151,1850,14,3.5,2425,Limited Stock,Seller_356,https://images.meesho.com/images/products/1000428/1_512.jpg,https://www.meesho.com/product/1000428,High quality kids t-shirt from HERE&NOW. Perfect for daily wear.,3,"28,30,32,34",Cotton,False,15 days,9 days,2025-08-07T21:35:19.369316,category/bags-&-footwear,meesho_complete_dataset_20250902_213519.json
MEESHO_1000429,Roadster Hair Oil - Handbags,Bags & Footwear,Handbags,Roadster,1943,1108,43,3.5,1565,Limited Stock,Seller_14,https://images.meesho.com/images/products/1000429/1_512.jpg,https://www.meesho.com/product/1000429,High quality hair oil from Roadster. Perfect for daily wear.,7,"28,30,32,34",Silk,False,7 days,8 days,2025-08-14T21:35:19.369322,category/bags-&-footwear,meesho_complete_dataset_20250902_213519.json
MEESHO_1000430,MIMOSA Kids T-Shirt - Chargers,Electronics,Chargers,MIMOSA,1420,909,36,3.7,4344,In Stock,Seller_949,https://images.meesho.com/images/products/1000430/1_512.jpg,https://www.meesho.com/product/1000430,High quality kids t-shirt from MIMOSA. Perfect for daily wear.,7,Free Size,Silk,False,No return,9 days,2025-09-01T21:35:19.369328,category/electronics,meesho_complete_dataset_20250902_213519.json
MEESHO_1000431,HERE&NOW Face Cream - Toys & Games,Toys & Games,Toys & Games,HERE&NOW,2824,904,68,3.9,1812,Out of Stock,Seller_880,https://images.meesho.com/images/products/1000431/1_512.jpg,https://www.meesho.com/product/1000431,High quality face cream from HERE&NOW. Perfect for daily wear.,8,"S,M,L,XL",Cotton,False,15 days,5 days,2025-08-30T21:35:19.369334,category/toys-&-games,meesho_complete_dataset_20250902_213519.json
MEESHO_1000432,HERE&NOW Printed Saree - Mobile Accessories,Electronics,Mobile Accessories,HERE&NOW,824,618,25,3.0,3649,Limited Stock,Seller_499,https://images.meesho.com/images/products/1000432/1_512.jpg,https://www.meesho.com/product/1000432,High quality printed saree from HERE&NOW. Perfect for daily wear.,4,"S,M,L,XL",Cotton,True,7 days,6 days,2025-08-13T21:35:19.369339,category/electronics,meesho_complete_dataset_20250902_213519.json
MEESHO_1000433,Sangria Mobile Cover - Jewelry,Accessories,Jewelry,Sangria,520,218,58,4.0,265,In Stock,Seller_421,https://images.meesho.com/images/products/1000433/1_512.jpg,https://www.meesho.com/product/1000433,High quality mobile cover from Sangria. Perfect for daily wear.,4,"28,30,32,34",Cotton Blend,False,7 days,5 days,2025-08-15T21:35:19.369345,category/accessories,meesho_complete_dataset_20250902_213519.json
MEESHO_1000434,Roadster Jewelry Set - Backpacks,Bags & Footwear,Backpacks,Roadster,1156,959,17,3.3,1061,Out of Stock,Seller_806,https://images.meesho.com/images/products/1000434/1_512.jpg,https://www.meesho.com/product/1000434,High quality jewelry set from Roadster. Perfect for daily wear.,5,Free Size,Polyester,True,No return,10 days,2025-08-30T21:35:19.369353,category/bags-&-footwear,meesho_complete_dataset_20250902_213519.json
MEESHO_1000435,Soch Handbag - Tops,Women Clothing,Tops,Soch,669,334,50,3.2,933,Limited Stock,Seller_274,https://images.meesho.com/images/products/1000435/1_512.jpg,https://www.meesho.com/product/1000435,High quality handbag from Soch. Perfect for daily wear.,2,One Size,Cotton,False,7 days,7 days,2025-08-25T21:35:19.369359,category/women-clothing,meesho_complete_dataset_20250902_213519.json
MEESHO_1000436,Manthan Mobile Cover - Books,Books,Books,Manthan,2552,2093,18,3.3,2489,Limited Stock,Seller_859,https://images.meesho.com/images/products/1000436/1_512.jpg,https://www.meesho.com/product/1000436,High quality mobile cover from Manthan. Perfect for daily wear.,4,One Size,Cotton,True,15 days,7 days,2025-09-02T21:35:19.369366,category/books,meesho_complete_dataset_20250902_213519.json
MEESHO_1000437,MIMOSA Casual Dress - Toys & Games,Toys & Games,Toys & Games,MIMOSA,1621,1102,32,4.3,3217,Limited Stock,Seller_692,https://images.meesho.com/images/products/1000437/1_512.jpg,https://www.meesho.com/product/1000437,High quality casual dress from MIMOSA. Perfect for daily wear.,5,"S,M,L,XL",Cotton,False,15 days,9 days,2025-08-31T21:35:19.369372,category/toys-&-games,meesho_complete_dataset_20250902_213519.json
MEESHO_1000438,HERE&NOW Denim Jeans - Backpacks,Bags & Footwear,Backpacks,HERE&NOW,1341,577,57,4.4,369,Limited Stock,Seller_105,https://images.meesho.com/images/products/1000438/1_512.jpg,https://www.meesho.com/product/1000438,High quality denim jeans from HERE&NOW. Perfect for daily wear.,1,One Size,Polyester,False,7 days,3 days,2025-08-11T21:35:19.369377,category/bags-&-footwear,meesho_complete_dataset_20250902_213519.json
MEESHO_1000439,DressBerry Ethnic Suit - Boys Clothing,Kids Clothing,Boys Clothing,DressBerry,2025,891,56,3.8,3015,Out of Stock,Seller_614,https://images.meesho.com/images/products/1000439/1_512.jpg,https://www.meesho.com/product/1000439,High quality ethnic suit from DressBerry. Perfect for daily wear.,5,"S,M,L,XL",Cotton,False,15 days,10 days,2025-08-27T21:35:19.369383,category/kids-clothing,meesho_complete_dataset_20250902_213519.json
MEESHO_1000440,Indya Printed Saree - Girls Clothing,Kids Clothing,Girls Clothing,Indya,2655,1221,54,3.4,2308,In Stock,Seller_556,https://images.meesho.com/images/products/1000440/1_512.jpg,https://www.meesho.com/product/1000440,High quality printed saree from Indya. Perfect for daily wear.,1,"28,30,32,34",Rayon,False,No return,5 days,2025-08-16T21:35:19.369389,category/kids-clothing,meesho_complete_dataset_20250902_213519.json
MEESHO_1000441,Indya Mobile Cover - Chargers,Electronics,Chargers,Indya,2310,1294,44,3.9,3198,Limited Stock,Seller_687,https://images.meesho.com/images/products/1000441/1_512.jpg,https://www.meesho.com/product/1000441,High quality mobile cover from Indya. Perfect for daily wear.,6,Free Size,Cotton Blend,True,No return,8 days,2025-08-07T21:35:19.369395,category/electronics,meesho_complete_dataset_20250902_213519.json
MEESHO_1000442,MIMOSA Kids T-Shirt - Automotive,Automotive,Automotive,MIMOSA,2558,1023,60,3.1,4089,Limited Stock,Seller_298,https://images.meesho.com/images/products/1000442/1_512.jpg,https://www.meesho.com/product/1000442,High quality kids t-shirt from MIMOSA. Perfect for daily wear.,1,Free Size,Cotton Blend,False,No return,3 days,2025-08-23T21:35:19.369400,category/automotive,meesho_complete_dataset_20250902_213519.json
MEESHO_1000443,Libas Ethnic Suit - Automotive,Automotive,Automotive,Libas,1852,1611,13,3.4,1370,Limited Stock,Seller_668,https://images.meesho.com/images/products/1000443/1_512.jpg,https://www.meesho.com/product/1000443,High quality ethnic suit from Libas. Perfect for daily wear.,6,Free Size,Cotton Blend,True,15 days,5 days,2025-08-17T21:35:19.369406,category/automotive,meesho_complete_dataset_20250902_213519.json
MEESHO_1000444,SASSAFRAS Cotton Kurti - T-Shirts,Men Clothing,T-Shirts,SASSAFRAS,2014,1591,21,4.7,3794,In Stock,Seller_123,https://images.meesho.com/images/products/1000444/1_512.jpg,https://www.meesho.com/product/1000444,High quality cotton kurti from SASSAFRAS. Perfect for daily wear.,1,One Size,Polyester,True,15 days,8 days,2025-08-08T21:35:19.369412,category/men-clothing,meesho_complete_dataset_20250902_213519.json
MEESHO_1000445,DressBerry Kitchen Set - Shirts,Men Clothing,Shirts,DressBerry,1447,709,51,3.2,2720,Out of Stock,Seller_6,https://images.meesho.com/images/products/1000445/1_512.jpg,https://www.meesho.com/product/1000445,High quality kitchen set from DressBerry. Perfect for daily wear.,7,"S,M,L,XL",Cotton,True,7 days,3 days,2025-08-19T21:35:19.369417,category/men-clothing,meesho_complete_dataset_20250902_213519.json
MEESHO_1000446,Sangria Printed Saree - Wallets,Bags & Footwear,Wallets,Sangria,1647,1235,25,3.7,4537,Limited Stock,Seller_342,https://images.meesho.com/images/products/1000446/1_512.jpg,https://www.meesho.com/product/1000446,High quality printed saree from Sangria. Perfect for daily wear.,3,One Size,Cotton,False,No return,5 days,2025-08-10T21:35:19.369423,category/bags-&-footwear,meesho_complete_dataset_20250902_213519.json
MEESHO_1000447,SASSAFRAS Running Shoes - Books,Books,Books,SASSAFRAS,932,429,54,4.4,621,In Stock,Seller_842,https://images.meesho.com/images/products/1000447/1_512.jpg,https://www.meesho.com/product/1000447,High quality running shoes from SASSAFRAS. Perfect for daily wear.,2,One Size,Cotton Blend,False,No return,5 days,2025-08-19T21:35:19.369431,category/books,meesho_complete_dataset_20250902_213519.json
MEESHO_1000448,GoSriKi Mobile Cover - Sandals,Bags & Footwear,Sandals,GoSriKi,999,779,22,4.0,1261,Limited Stock,Seller_328,https://images.meesho.com/images/products/1000448/1_512.jpg,https://www.meesho.com/product/1000448,High quality mobile cover from GoSriKi. Perfect for daily wear.,2,"S,M,L,XL",Cotton Blend,False,15 days,8 days,2025-08-12T21:35:19.369437,category/bags-&-footwear,meesho_complete_dataset_20250902_213519.json
MEESHO_1000449,Varanga Casual Dress - Skincare,Beauty & Health,Skincare,Varanga,2658,983,63,4.4,4875,Limited Stock,Seller_806,https://images.meesho.com/images/products/1000449/1_512.jpg,https://www.meesho.com/product/1000449,High quality casual dress from Varanga. Perfect for daily wear.,4,One Size,Rayon,False,7 days,4 days,2025-08-08T21:35:19.369442,category/beauty-&-health,meesho_complete_dataset_20250902_213519.json
MEESHO_1000450,Janasya Wall Clock - Boys Clothing,Kids Clothing,Boys Clothing,Janasya,2920,2219,24,4.1,4589,Out of Stock,Seller_414,https://images.meesho.com/images/products/1000450/1_512.jpg,https://www.meesho.com/product/1000450,High quality wall clock from Janasya. Perfect for daily wear.,1,One Size,Polyester,True,No return,6 days,2025-08-18T21:35:19.369448,category/kids-clothing,meesho_complete_dataset_20250902_213519.json
MEESHO_1000451,Varanga Printed Saree - Makeup,Beauty & Health,Makeup,Varanga,2220,1465,34,4.5,3701,In Stock,Seller_355,https://images.meesho.com/images/products/1000451/1_512.jpg,https://www.meesho.com/product/1000451,High quality printed saree from Varanga. Perfect for daily wear.,5,One Size,Rayon,False,7 days,5 days,2025-08-24T21:35:19.369454,category/beauty-&-health,meesho_complete_dataset_20250902_213519.json
MEESHO_1000452,Libas Jewelry Set - Hair Care,Beauty & Health,Hair Care,Libas,2694,2074,23,4.7,3637,Limited Stock,Seller_964,https://images.meesho.com/images/products/1000452/1_512.jpg,https://www.meesho.com/product/1000452,High quality jewelry set from Libas. Perfect for daily wear.,2,Free Size,Rayon,True,7 days,10 days,2025-08-20T21:35:19.369459,category/beauty-&-health,meesho_complete_dataset_20250902_213519.json
MEESHO_1000453,DressBerry Jewelry Set - Ethnic Wear,Men Clothing,Ethnic Wear,DressBerry,2973,1100,63,4.1,4878,Out of Stock,Seller_241,https://images.meesho.com/images/products/1000453/1_512.jpg,https://www.meesho.com/product/1000453,High quality jewelry set from DressBerry. Perfect for daily wear.,5,"S,M,L,XL",Polyester,False,15 days,8 days,2025-08-20T21:35:19.369465,category/men-clothing,meesho_complete_dataset_20250902_213519.json
MEESHO_1000454,Libas Mobile Cover - Headphones,Electronics,Headphones,Libas,2682,1582,41,4.4,4368,Out of Stock,Seller_196,https://images.meesho.com/images/products/1000454/1_512.jpg,https://www.meesho.com/product/1000454,High quality mobile cover from Libas. Perfect for daily wear.,7,Free Size,Rayon,False,7 days,10 days,2025-08-29T21:35:19.369471,category/electronics,meesho_complete_dataset_20250902_213519.json
MEESHO_1000455,Anouk Wall Clock - Automotive,Automotive,Automotive,Anouk,2069,1552,25,3.4,3239,In Stock,Seller_49,https://images.meesho.com/images/products/1000455/1_512.jpg,https://www.meesho.com/product/1000455,High quality wall clock from Anouk. Perfect for daily wear.,1,Free Size,Polyester,False,No return,10 days,2025-08-19T21:35:19.369477,category/automotive,meesho_complete_dataset_20250902_213519.json
MEESHO_1000456,Global Desi Hair Oil - Makeup,Beauty & Health,Makeup,Global Desi,2657,1488,44,3.4,1921,Limited Stock,Seller_40,https://images.meesho.com/images/products/1000456/1_512.jpg,https://www.meesho.com/product/1000456,High quality hair oil from Global Desi. Perfect for daily wear.,1,One Size,Rayon,True,15 days,7 days,2025-08-08T21:35:19.369484,category/beauty-&-health,meesho_complete_dataset_20250902_213519.json
MEESHO_1000457,SASSAFRAS Hair Oil - Jewelry,Accessories,Jewelry,SASSAFRAS,958,469,51,3.9,2107,In Stock,Seller_147,https://images.meesho.com/images/products/1000457/1_512.jpg,https://www.meesho.com/product/1000457,High quality hair oil from SASSAFRAS. Perfect for daily wear.,2,One Size,Cotton Blend,False,No return,10 days,2025-08-30T21:35:19.369490,category/accessories,meesho_complete_dataset_20250902_213519.json
MEESHO_1000458,Libas Casual Dress - School Uniforms,Kids Clothing,School Uniforms,Libas,2284,1188,48,4.3,2407,Limited Stock,Seller_952,https://images.meesho.com/images/products/1000458/1_512.jpg,https://www.meesho.com/product/1000458,High quality casual dress from Libas. Perfect for daily wear.,4,One Size,Silk,False,No return,5 days,2025-08-16T21:35:19.369495,category/kids-clothing,meesho_complete_dataset_20250902_213519.json
MEESHO_1000459,Manthan Bedsheet Set - Backpacks,Bags & Footwear,Backpacks,Manthan,596,471,21,3.0,1098,Limited Stock,Seller_537,https://images.meesho.com/images/products/1000459/1_512.jpg,https://www.meesho.com/product/1000459,High quality bedsheet set from Manthan. Perfect for daily wear.,6,"28,30,32,34",Silk,True,7 days,6 days,2025-08-10T21:35:19.369501,category/bags-&-footwear,meesho_complete_dataset_20250902_213519.json
MEESHO_1000460,GoSriKi Face Cream - Ethnic Wear,Women Clothing,Ethnic Wear,GoSriKi,240,94,61,4.0,789,In Stock,Seller_972,https://images.meesho.com/images/products/1000460/1_512.jpg,https://www.meesho.com/product/1000460,High quality face cream from GoSriKi. Perfect for daily wear.,4,"S,M,L,XL",Cotton Blend,False,7 days,7 days,2025-08-12T21:35:19.369507,category/women-clothing,meesho_complete_dataset_20250902_213519.json
MEESHO_1000461,Indya Denim Jeans - Headphones,Electronics,Headphones,Indya,1453,479,67,3.7,4318,Out of Stock,Seller_302,https://images.meesho.com/images/products/1000461/1_512.jpg,https://www.meesho.com/product/1000461,High quality denim jeans from Indya. Perfect for daily wear.,2,Free Size,Polyester,False,No return,6 days,2025-08-20T21:35:19.369513,category/electronics,meesho_complete_dataset_20250902_213519.json
MEESHO_1000462,SASSAFRAS Printed Saree - Gadgets,Electronics,Gadgets,SASSAFRAS,672,423,37,4.2,809,Out of Stock,Seller_650,https://images.meesho.com/images/products/1000462/1_512.jpg,https://www.meesho.com/product/1000462,High quality printed saree from SASSAFRAS. Perfect for daily wear.,6,Free Size,Polyester,True,No return,9 days,2025-08-03T21:35:19.369518,category/electronics,meesho_complete_dataset_20250902_213519.json
MEESHO_1000463,Janasya Jewelry Set - Kitchen Appliances,Home & Kitchen,Kitchen Appliances,Janasya,866,294,66,3.1,2092,Out of Stock,Seller_657,https://images.meesho.com/images/products/1000463/1_512.jpg,https://www.meesho.com/product/1000463,High quality jewelry set from Janasya. Perfect for daily wear.,3,One Size,Silk,False,15 days,7 days,2025-08-08T21:35:19.369524,category/home-&-kitchen,meesho_complete_dataset_20250902_213519.json
MEESHO_1000464,Manthan Mobile Cover - Sports & Fitness,Sports & Fitness,Sports & Fitness,Manthan,967,754,22,3.7,3492,Limited Stock,Seller_503,https://images.meesho.com/images/products/1000464/1_512.jpg,https://www.meesho.com/product/1000464,High quality mobile cover from Manthan. Perfect for daily wear.,1,Free Size,Silk,False,No return,3 days,2025-08-14T21:35:19.369530,category/sports-&-fitness,meesho_complete_dataset_20250902_213519.json
MEESHO_1000465,Global Desi Denim Jeans - Shirts,Men Clothing,Shirts,Global Desi,1926,1310,32,4.6,3008,Limited Stock,Seller_417,https://images.meesho.com/images/products/1000465/1_512.jpg,https://www.meesho.com/product/1000465,High quality denim jeans from Global Desi. Perfect for daily wear.,2,"S,M,L,XL",Polyester,False,No return,8 days,2025-08-31T21:35:19.369536,category/men-clothing,meesho_complete_dataset_20250902_213519.json
MEESHO_1000466,Manthan Denim Jeans - Bedding,Home & Kitchen,Bedding,Manthan,2589,828,68,4.7,2751,Limited Stock,Seller_42,https://images.meesho.com/images/products/1000466/1_512.jpg,https://www.meesho.com/product/1000466,High quality denim jeans from Manthan. Perfect for daily wear.,8,"28,30,32,34",Silk,True,15 days,3 days,2025-08-29T21:35:19.369544,category/home-&-kitchen,meesho_complete_dataset_20250902_213519.json
MEESHO_1000467,Varanga Mobile Cover - Headphones,Electronics,Headphones,Varanga,2717,869,68,3.6,1528,Limited Stock,Seller_706,https://images.meesho.com/images/products/1000467/1_512.jpg,https://www.meesho.com/product/1000467,High quality mobile cover from Varanga. Perfect for daily wear.,3,"S,M,L,XL",Cotton Blend,True,7 days,3 days,2025-08-05T21:35:19.369549,category/electronics,meesho_complete_dataset_20250902_213519.json
MEESHO_1000468,Mast & Harbour Bedsheet Set - Handbags,Bags & Footwear,Handbags,Mast & Harbour,2612,1332,49,3.8,3717,In Stock,Seller_588,https://images.meesho.com/images/products/1000468/1_512.jpg,https://www.meesho.com/product/1000468,High quality bedsheet set from Mast & Harbour. Perfect for daily wear.,1,"28,30,32,34",Cotton Blend,True,7 days,3 days,2025-08-25T21:35:19.369555,category/bags-&-footwear,meesho_complete_dataset_20250902_213519.json
MEESHO_1000469,GoSriKi Hair Oil - Baby Clothing,Kids Clothing,Baby Clothing,GoSriKi,809,348,57,4.8,4843,Out of Stock,Seller_871,https://images.meesho.com/images/products/1000469/1_512.jpg,https://www.meesho.com/product/1000469,High quality hair oil from GoSriKi. Perfect for daily wear.,7,"S,M,L,XL",Cotton Blend,True,No return,3 days,2025-08-04T21:35:19.369561,category/kids-clothing,meesho_complete_dataset_20250902_213519.json
MEESHO_1000470,Soch Hair Oil - Sandals,Bags & Footwear,Sandals,Soch,2193,877,60,4.0,1771,Limited Stock,Seller_992,https://images.meesho.com/images/products/1000470/1_512.jpg,https://www.meesho.com/product/1000470,High quality hair oil from Soch. Perfect for daily wear.,8,One Size,Polyester,False,No return,4 days,2025-08-16T21:35:19.369567,category/bags-&-footwear,meesho_complete_dataset_20250902_213519.json
MEESHO_1000471,MIMOSA Ethnic Suit - Boys Clothing,Kids Clothing,Boys Clothing,MIMOSA,2362,1299,45,4.3,4595,In Stock,Seller_899,https://images.meesho.com/images/products/1000471/1_512.jpg,https://www.meesho.com/product/1000471,High quality ethnic suit from MIMOSA. Perfect for daily wear.,4,"28,30,32,34",Polyester,True,No return,3 days,2025-08-13T21:35:19.369573,category/kids-clothing,meesho_complete_dataset_20250902_213519.json
MEESHO_1000472,Anouk Ethnic Suit - Automotive,Automotive,Automotive,Anouk,348,174,50,4.8,4002,Out of Stock,Seller_422,https://images.meesho.com/images/products/1000472/1_512.jpg,https://www.meesho.com/product/1000472,High quality ethnic suit from Anouk. Perfect for daily wear.,4,"28,30,32,34",Rayon,True,7 days,4 days,2025-08-07T21:35:19.369578,category/automotive,meesho_complete_dataset_20250902_213519.json
MEESHO_1000473,Varanga Ethnic Suit - Bedding,Home & Kitchen,Bedding,Varanga,1967,1672,15,3.9,891,In Stock,Seller_316,https://images.meesho.com/images/products/1000473/1_512.jpg,https://www.meesho.com/product/1000473,High quality ethnic suit from Varanga. Perfect for daily wear.,8,One Size,Cotton,True,No return,8 days,2025-08-10T21:35:19.369584,category/home-&-kitchen,meesho_complete_dataset_20250902_213519.json
MEESHO_1000474,Manthan Denim Jeans - Hair Accessories,Accessories,Hair Accessories,Manthan,2982,2684,10,3.9,3895,Limited Stock,Seller_787,https://images.meesho.com/images/products/1000474/1_512.jpg,https://www.meesho.com/product/1000474,High quality denim jeans from Manthan. Perfect for daily wear.,2,"28,30,32,34",Rayon,True,7 days,6 days,2025-08-22T21:35:19.369590,category/accessories,meesho_complete_dataset_20250902_213519.json
MEESHO_1000475,Janasya Running Shoes - Sports & Fitness,Sports & Fitness,Sports & Fitness,Janasya,2044,1083,47,4.3,1147,Limited Stock,Seller_597,https://images.meesho.com/images/products/1000475/1_512.jpg,https://www.meesho.com/product/1000475,High quality running shoes from Janasya. Perfect for daily wear.,3,Free Size,Cotton,False,7 days,8 days,2025-08-03T21:35:19.369596,category/sports-&-fitness,meesho_complete_dataset_20250902_213519.json
MEESHO_1000476,DressBerry Denim Jeans - Sports & Fitness,Sports & Fitness,Sports & Fitness,DressBerry,1637,884,46,3.2,346,Limited Stock,Seller_731,https://images.meesho.com/images/products/1000476/1_512.jpg,https://www.meesho.com/product/1000476,High quality denim jeans from DressBerry. Perfect for daily wear.,6,"S,M,L,XL",Silk,True,7 days,9 days,2025-08-19T21:35:19.369602,category/sports-&-fitness,meesho_complete_dataset_20250902_213519.json
MEESHO_1000477,HERE&NOW Face Cream - Toys & Games,Toys & Games,Toys & Games,HERE&NOW,663,206,69,3.5,3202,Out of Stock,Seller_595,https://images.meesho.com/images/products/1000477/1_512.jpg,https://www.meesho.com/product/1000477,High quality face cream from HERE&NOW. Perfect for daily wear.,4,Free Size,Rayon,True,7 days,5 days,2025-08-18T21:35:19.369608,category/toys-&-games,meesho_complete_dataset_20250902_213519.json
MEESHO_1000478,Libas Running Shoes - Kurtas,Women Clothing,Kurtas,Libas,1140,570,50,4.0,1981,In Stock,Seller_748,https://images.meesho.com/images/products/1000478/1_512.jpg,https://www.meesho.com/product/1000478,High quality running shoes from Libas. Perfect for daily wear.,2,"28,30,32,34",Silk,True,15 days,3 days,2025-09-02T21:35:19.369614,category/women-clothing,meesho_complete_dataset_20250902_213519.json
MEESHO_1000479,Anouk Running Shoes - Books,Books,Books,Anouk,1415,778,45,4.4,3427,In Stock,Seller_729,https://images.meesho.com/images/products/1000479/1_512.jpg,https://www.meesho.com/product/1000479,High quality running shoes from Anouk. Perfect for daily wear.,5,"S,M,L,XL",Rayon,False,7 days,4 days,2025-08-24T21:35:19.369620,category/books,meesho_complete_dataset_20250902_213519.json
MEESHO_1000480,Sangria Kids T-Shirt - Automotive,Automotive,Automotive,Sangria,1747,978,44,3.2,3643,In Stock,Seller_168,https://images.meesho.com/images/products/1000480/1_512.jpg,https://www.meesho.com/product/1000480,High quality kids t-shirt from Sangria. Perfect for daily wear.,3,Free Size,Silk,False,No return,9 days,2025-08-07T21:35:19.369626,category/automotive,meesho_complete_dataset_20250902_213519.json
MEESHO_1000481,Indya Bedsheet Set - Jeans,Men Clothing,Jeans,Indya,1693,846,50,3.3,1435,In Stock,Seller_481,https://images.meesho.com/images/products/1000481/1_512.jpg,https://www.meesho.com/product/1000481,High quality bedsheet set from Indya. Perfect for daily wear.,8,Free Size,Polyester,False,7 days,3 days,2025-09-02T21:35:19.369632,category/men-clothing,meesho_complete_dataset_20250902_213519.json
MEESHO_1000482,Indya Kitchen Set - Chargers,Electronics,Chargers,Indya,1608,531,67,3.8,1026,Out of Stock,Seller_717,https://images.meesho.com/images/products/1000482/1_512.jpg,https://www.meesho.com/product/1000482,High quality kitchen set from Indya. Perfect for daily wear.,6,"S,M,L,XL",Polyester,True,7 days,8 days,2025-09-02T21:35:19.369638,category/electronics,meesho_complete_dataset_20250902_213519.json
MEESHO_1000483,Soch Denim Jeans - Makeup,Beauty & Health,Makeup,Soch,2058,1749,15,3.4,2350,Out of Stock,Seller_610,https://images.meesho.com/images/products/1000483/1_512.jpg,https://www.meesho.com/product/1000483,High quality denim jeans from Soch. Perfect for daily wear.,1,"28,30,32,34",Cotton Blend,True,7 days,9 days,2025-08-29T21:35:19.369643,category/beauty-&-health,meesho_complete_dataset_20250902_213519.json
MEESHO_1000484,Mast & Harbour Ethnic Suit - Books,Books,Books,Mast & Harbour,859,395,54,4.1,2658,Limited Stock,Seller_923,https://images.meesho.com/images/products/1000484/1_512.jpg,https://www.meesho.com/product/1000484,High quality ethnic suit from Mast & Harbour. Perfect for daily wear.,8,Free Size,Cotton,True,No return,6 days,2025-08-06T21:35:19.369649,category/books,meesho_complete_dataset_20250902_213519.json
MEESHO_1000485,Manthan Cotton Kurti - Sports & Fitness,Sports & Fitness,Sports & Fitness,Manthan,395,336,15,4.6,1961,Limited Stock,Seller_828,https://images.meesho.com/images/products/1000485/1_512.jpg,https://www.meesho.com/product/1000485,High quality cotton kurti from Manthan. Perfect for daily wear.,8,"S,M,L,XL",Cotton,False,15 days,7 days,2025-08-13T21:35:19.369656,category/sports-&-fitness,meesho_complete_dataset_20250902_213519.json
MEESHO_1000486,DressBerry Running Shoes - Automotive,Automotive,Automotive,DressBerry,301,220,27,4.8,4159,Out of Stock,Seller_198,https://images.meesho.com/images/products/1000486/1_512.jpg,https://www.meesho.com/product/1000486,High quality running shoes from DressBerry. Perfect for daily wear.,4,"28,30,32,34",Polyester,False,7 days,5 days,2025-08-29T21:35:19.369662,category/automotive,meesho_complete_dataset_20250902_213519.json
MEESHO_1000487,Global Desi Formal Shirt - Books,Books,Books,Global Desi,1891,1116,41,4.4,3893,In Stock,Seller_268,https://images.meesho.com/images/products/1000487/1_512.jpg,https://www.meesho.com/product/1000487,High quality formal shirt from Global Desi. Perfect for daily wear.,5,One Size,Polyester,False,15 days,10 days,2025-08-20T21:35:19.369668,category/books,meesho_complete_dataset_20250902_213519.json
MEESHO_1000488,GoSriKi Kitchen Set - Jewelry,Accessories,Jewelry,GoSriKi,2211,1150,48,3.3,3355,Out of Stock,Seller_270,https://images.meesho.com/images/products/1000488/1_512.jpg,https://www.meesho.com/product/1000488,High quality kitchen set from GoSriKi. Perfect for daily wear.,6,One Size,Polyester,True,15 days,6 days,2025-08-15T21:35:19.369674,category/accessories,meesho_complete_dataset_20250902_213519.json
MEESHO_1000489,Libas Running Shoes - Sports & Fitness,Sports & Fitness,Sports & Fitness,Libas,2987,2360,21,3.6,1097,In Stock,Seller_943,https://images.meesho.com/images/products/1000489/1_512.jpg,https://www.meesho.com/product/1000489,High quality running shoes from Libas. Perfect for daily wear.,5,"S,M,L,XL",Polyester,False,7 days,10 days,2025-08-20T21:35:19.369680,category/sports-&-fitness,meesho_complete_dataset_20250902_213519.json
MEESHO_1000490,GoSriKi Handbag - Wallets,Bags & Footwear,Wallets,GoSriKi,568,233,59,4.2,2635,Limited Stock,Seller_39,https://images.meesho.com/images/products/1000490/1_512.jpg,https://www.meesho.com/product/1000490,High quality handbag from GoSriKi. Perfect for daily wear.,8,One Size,Silk,False,No return,8 days,2025-08-22T21:35:19.369686,category/bags-&-footwear,meesho_complete_dataset_20250902_213519.json
MEESHO_1000491,Roadster Denim Jeans - Sunglasses,Accessories,Sunglasses,Roadster,1680,605,64,4.0,595,Limited Stock,Seller_25,https://images.meesho.com/images/products/1000491/1_512.jpg,https://www.meesho.com/product/1000491,High quality denim jeans from Roadster. Perfect for daily wear.,5,"S,M,L,XL",Rayon,True,15 days,5 days,2025-08-19T21:35:19.369691,category/accessories,meesho_complete_dataset_20250902_213519.json
MEESHO_1000492,Libas Cotton Kurti - Kurtas,Men Clothing,Kurtas,Libas,2171,825,62,4.7,3533,Out of Stock,Seller_830,https://images.meesho.com/images/products/1000492/1_512.jpg,https://www.meesho.com/product/1000492,High quality cotton kurti from Libas. Perfect for daily wear.,1,One Size,Rayon,False,7 days,9 days,2025-08-19T21:35:19.369697,category/men-clothing,meesho_complete_dataset_20250902_213519.json
MEESHO_1000493,MIMOSA Jewelry Set - Sports & Fitness,Sports & Fitness,Sports & Fitness,MIMOSA,2245,1212,46,4.4,3166,Out of Stock,Seller_434,https://images.meesho.com/images/products/1000493/1_512.jpg,https://www.meesho.com/product/1000493,High quality jewelry set from MIMOSA. Perfect for daily wear.,4,One Size,Polyester,True,7 days,4 days,2025-08-03T21:35:19.369703,category/sports-&-fitness,meesho_complete_dataset_20250902_213519.json
MEESHO_1000494,Anouk Bedsheet Set - Books,Books,Books,Anouk,2511,1733,31,3.9,840,In Stock,Seller_772,https://images.meesho.com/images/products/1000494/1_512.jpg,https://www.meesho.com/product/1000494,High quality bedsheet set from Anouk. Perfect for daily wear.,5,"28,30,32,34",Cotton,True,No return,6 days,2025-08-21T21:35:19.369708,category/books,meesho_complete_dataset_20250902_213519.json
MEESHO_1000495,Global Desi Cotton Kurti - Casual Wear,Men Clothing,Casual Wear,Global Desi,2894,1592,45,4.1,2937,Limited Stock,Seller_257,https://images.meesho.com/images/products/1000495/1_512.jpg,https://www.meesho.com/product/1000495,High quality cotton kurti from Global Desi. Perfect for daily wear.,7,One Size,Rayon,True,7 days,5 days,2025-08-26T21:35:19.369714,category/men-clothing,meesho_complete_dataset_20250902_213519.json
MEESHO_1000496,Vishudh Hair Oil - Boys Clothing,Kids Clothing,Boys Clothing,Vishudh,1771,744,58,4.7,2596,In Stock,Seller_63,https://images.meesho.com/images/products/1000496/1_512.jpg,https://www.meesho.com/product/1000496,High quality hair oil from Vishudh. Perfect for daily wear.,2,"28,30,32,34",Rayon,True,No return,6 days,2025-08-10T21:35:19.369720,category/kids-clothing,meesho_complete_dataset_20250902_213519.json
MEESHO_1000497,Anouk Wall Clock - Books,Books,Books,Anouk,295,224,24,4.0,622,Limited Stock,Seller_925,https://images.meesho.com/images/products/1000497/1_512.jpg,https://www.meesho.com/product/1000497,High quality wall clock from Anouk. Perfect for daily wear.,5,Free Size,Polyester,False,15 days,7 days,2025-08-09T21:35:19.369727,category/books,meesho_complete_dataset_20250902_213519.json
MEESHO_1000498,GoSriKi Handbag - Personal Care,Beauty & Health,Personal Care,GoSriKi,297,151,49,3.4,2628,Out of Stock,Seller_655,https://images.meesho.com/images/products/1000498/1_512.jpg,https://www.meesho.com/product/1000498,High quality handbag from GoSriKi. Perfect for daily wear.,3,Free Size,Polyester,False,15 days,10 days,2025-08-09T21:35:19.369734,category/beauty-&-health,meesho_complete_dataset_20250902_213519.json
MEESHO_1000499,Janasya Formal Shirt - Books,Books,Books,Janasya,1030,577,44,3.8,2546,In Stock,Seller_63,https://images.meesho.com/images/products/1000499/1_512.jpg,https://www.meesho.com/product/1000499,High quality formal shirt from Janasya. Perfect for daily wear.,3,One Size,Polyester,True,7 days,8 days,2025-08-04T21:35:19.369740,category/books,meesho_complete_dataset_20250902_213519.json
MEESHO_1000500,Indya Hair Oil - Kurtas,Men Clothing,Kurtas,Indya,204,173,15,3.6,985,In Stock,Seller_284,https://images.meesho.com/images/products/1000500/1_512.jpg,https://www.meesho.com/product/1000500,High quality hair oil from Indya. Perfect for daily wear.,6,Free Size,Cotton,False,7 days,9 days,2025-08-25T21:35:19.369745,category/men-clothing,meesho_complete_dataset_20250902_213519.json
MEESHO_1000501,Mast & Harbour Jewelry Set - Automotive,Automotive,Automotive,Mast & Harbour,2258,813,64,4.5,1793,Limited Stock,Seller_58,https://images.meesho.com/images/products/1000501/1_512.jpg,https://www.meesho.com/product/1000501,High quality jewelry set from Mast & Harbour. Perfect for daily wear.,5,"S,M,L,XL",Cotton,True,15 days,10 days,2025-08-10T21:35:19.369751,category/automotive,meesho_complete_dataset_20250902_213519.json
MEESHO_1000502,Vishudh Cotton Kurti - Automotive,Automotive,Automotive,Vishudh,1403,505,64,4.4,781,Limited Stock,Seller_351,https://images.meesho.com/images/products/1000502/1_512.jpg,https://www.meesho.com/product/1000502,High quality cotton kurti from Vishudh. Perfect for daily wear.,3,Free Size,Cotton Blend,False,15 days,4 days,2025-08-14T21:35:19.369758,category/automotive,meesho_complete_dataset_20250902_213519.json
MEESHO_1000503,HERE&NOW Kitchen Set - Books,Books,Books,HERE&NOW,709,631,11,3.7,3956,In Stock,Seller_397,https://images.meesho.com/images/products/1000503/1_512.jpg,https://www.meesho.com/product/1000503,High quality kitchen set from HERE&NOW. Perfect for daily wear.,7,One Size,Cotton Blend,False,7 days,10 days,2025-08-27T21:35:19.369763,category/books,meesho_complete_dataset_20250902_213519.json
MEESHO_1000504,Global Desi Kids T-Shirt - Ethnic Wear,Women Clothing,Ethnic Wear,Global Desi,863,466,46,4.4,4070,Limited Stock,Seller_247,https://images.meesho.com/images/products/1000504/1_512.jpg,https://www.meesho.com/product/1000504,High quality kids t-shirt from Global Desi. Perfect for daily wear.,8,Free Size,Rayon,True,No return,5 days,2025-08-26T21:35:19.369769,category/women-clothing,meesho_complete_dataset_20250902_213519.json
MEESHO_1000505,Global Desi Hair Oil - Suits,Women Clothing,Suits,Global Desi,898,557,38,3.7,665,In Stock,Seller_861,https://images.meesho.com/images/products/1000505/1_512.jpg,https://www.meesho.com/product/1000505,High quality hair oil from Global Desi. Perfect for daily wear.,8,Free Size,Cotton,True,7 days,7 days,2025-08-03T21:35:19.369775,category/women-clothing,meesho_complete_dataset_20250902_213519.json
MEESHO_1000506,Janasya Denim Jeans - Jewelry,Accessories,Jewelry,Janasya,2082,1437,31,4.4,4092,In Stock,Seller_775,https://images.meesho.com/images/products/1000506/1_512.jpg,https://www.meesho.com/product/1000506,High quality denim jeans from Janasya. Perfect for daily wear.,4,"28,30,32,34",Cotton Blend,False,7 days,6 days,2025-08-09T21:35:19.369780,category/accessories,meesho_complete_dataset_20250902_213519.json
MEESHO_1000507,MIMOSA Mobile Cover - Mobile Accessories,Electronics,Mobile Accessories,MIMOSA,1011,324,68,4.3,538,In Stock,Seller_262,https://images.meesho.com/images/products/1000507/1_512.jpg,https://www.meesho.com/product/1000507,High quality mobile cover from MIMOSA. Perfect for daily wear.,3,One Size,Cotton,False,No return,5 days,2025-08-17T21:35:19.369786,category/electronics,meesho_complete_dataset_20250902_213519.json
MEESHO_1000508,Roadster Kids T-Shirt - Dresses,Women Clothing,Dresses,Roadster,1812,1431,21,3.1,1876,In Stock,Seller_130,https://images.meesho.com/images/products/1000508/1_512.jpg,https://www.meesho.com/product/1000508,High quality kids t-shirt from Roadster. Perfect for daily wear.,4,Free Size,Polyester,True,7 days,7 days,2025-08-17T21:35:19.369792,category/women-clothing,meesho_complete_dataset_20250902_213519.json
MEESHO_1000509,Libas Face Cream - Girls Clothing,Kids Clothing,Girls Clothing,Libas,114,96,16,4.1,4347,Out of Stock,Seller_884,https://images.meesho.com/images/products/1000509/1_512.jpg,https://www.meesho.com/product/1000509,High quality face cream from Libas. Perfect for daily wear.,4,Free Size,Polyester,True,7 days,8 days,2025-08-11T21:35:19.369798,category/kids-clothing,meesho_complete_dataset_20250902_213519.json
MEESHO_1000510,Janasya Wall Clock - Toys & Games,Toys & Games,Toys & Games,Janasya,364,288,21,3.0,1009,In Stock,Seller_300,https://images.meesho.com/images/products/1000510/1_512.jpg,https://www.meesho.com/product/1000510,High quality wall clock from Janasya. Perfect for daily wear.,8,Free Size,Cotton Blend,False,7 days,9 days,2025-08-25T21:35:19.369804,category/toys-&-games,meesho_complete_dataset_20250902_213519.json
MEESHO_1000511,Vishudh Kitchen Set - Books,Books,Books,Vishudh,2148,816,62,4.2,4692,Limited Stock,Seller_281,https://images.meesho.com/images/products/1000511/1_512.jpg,https://www.meesho.com/product/1000511,High quality kitchen set from Vishudh. Perfect for daily wear.,1,"28,30,32,34",Polyester,False,15 days,4 days,2025-08-30T21:35:19.369809,category/books,meesho_complete_dataset_20250902_213519.json
MEESHO_1000512,Aks Kids T-Shirt - Jeans,Men Clothing,Jeans,Aks,2738,1369,50,4.4,4651,Limited Stock,Seller_990,https://images.meesho.com/images/products/1000512/1_512.jpg,https://www.meesho.com/product/1000512,High quality kids t-shirt from Aks. Perfect for daily wear.,5,"28,30,32,34",Rayon,True,7 days,10 days,2025-08-30T21:35:19.369815,category/men-clothing,meesho_complete_dataset_20250902_213519.json
MEESHO_1000513,DressBerry Ethnic Suit - Sports & Fitness,Sports & Fitness,Sports & Fitness,DressBerry,2874,1638,43,3.2,2986,Out of Stock,Seller_2,https://images.meesho.com/images/products/1000513/1_512.jpg,https://www.meesho.com/product/1000513,High quality ethnic suit from DressBerry. Perfect for daily wear.,8,Free Size,Cotton,True,No return,6 days,2025-09-02T21:35:19.369821,category/sports-&-fitness,meesho_complete_dataset_20250902_213519.json
MEESHO_1000514,Mast & Harbour Formal Shirt - Automotive,Automotive,Automotive,Mast & Harbour,1244,945,24,4.1,3044,Out of Stock,Seller_835,https://images.meesho.com/images/products/1000514/1_512.jpg,https://www.meesho.com/product/1000514,High quality formal shirt from Mast & Harbour. Perfect for daily wear.,8,"S,M,L,XL",Cotton Blend,False,7 days,5 days,2025-08-19T21:35:19.369827,category/automotive,meesho_complete_dataset_20250902_213519.json
MEESHO_1000515,Indya Casual Dress - Sports & Fitness,Sports & Fitness,Sports & Fitness,Indya,2745,961,65,4.2,562,Limited Stock,Seller_44,https://images.meesho.com/images/products/1000515/1_512.jpg,https://www.meesho.com/product/1000515,High quality casual dress from Indya. Perfect for daily wear.,5,"S,M,L,XL",Cotton Blend,False,7 days,3 days,2025-09-01T21:35:19.369832,category/sports-&-fitness,meesho_complete_dataset_20250902_213519.json
MEESHO_1000516,DressBerry Casual Dress - Kitchen Appliances,Home & Kitchen,Kitchen Appliances,DressBerry,2682,1234,54,3.3,4972,Limited Stock,Seller_825,https://images.meesho.com/images/products/1000516/1_512.jpg,https://www.meesho.com/product/1000516,High quality casual dress from DressBerry. Perfect for daily wear.,6,"S,M,L,XL",Rayon,False,No return,4 days,2025-08-20T21:35:19.369838,category/home-&-kitchen,meesho_complete_dataset_20250902_213519.json
MEESHO_1000517,Vishudh Formal Shirt - Books,Books,Books,Vishudh,1738,1182,32,4.0,4410,Out of Stock,Seller_583,https://images.meesho.com/images/products/1000517/1_512.jpg,https://www.meesho.com/product/1000517,High quality formal shirt from Vishudh. Perfect for daily wear.,7,"28,30,32,34",Silk,False,No return,7 days,2025-08-03T21:35:19.369844,category/books,meesho_complete_dataset_20250902_213519.json
MEESHO_1000518,Sangria Printed Saree - Tops,Women Clothing,Tops,Sangria,295,206,30,4.2,3814,In Stock,Seller_399,https://images.meesho.com/images/products/1000518/1_512.jpg,https://www.meesho.com/product/1000518,High quality printed saree from Sangria. Perfect for daily wear.,6,"28,30,32,34",Silk,True,7 days,9 days,2025-08-29T21:35:19.369849,category/women-clothing,meesho_complete_dataset_20250902_213519.json
MEESHO_1000519,MIMOSA Kids T-Shirt - Kitchen Appliances,Home & Kitchen,Kitchen Appliances,MIMOSA,591,219,63,3.1,119,Out of Stock,Seller_344,https://images.meesho.com/images/products/1000519/1_512.jpg,https://www.meesho.com/product/1000519,High quality kids t-shirt from MIMOSA. Perfect for daily wear.,4,"S,M,L,XL",Polyester,True,7 days,6 days,2025-08-30T21:35:19.369857,category/home-&-kitchen,meesho_complete_dataset_20250902_213519.json
MEESHO_1000520,GoSriKi Handbag - Toys & Games,Toys & Games,Toys & Games,GoSriKi,1122,348,69,3.3,3208,Limited Stock,Seller_292,https://images.meesho.com/images/products/1000520/1_512.jpg,https://www.meesho.com/product/1000520,High quality handbag from GoSriKi. Perfect for daily wear.,3,One Size,Rayon,False,No return,9 days,2025-08-26T21:35:19.369864,category/toys-&-games,meesho_complete_dataset_20250902_213519.json
MEESHO_1000521,Global Desi Running Shoes - Sunglasses,Accessories,Sunglasses,Global Desi,303,255,16,3.2,878,In Stock,Seller_757,https://images.meesho.com/images/products/1000521/1_512.jpg,https://www.meesho.com/product/1000521,High quality running shoes from Global Desi. Perfect for daily wear.,5,"S,M,L,XL",Polyester,False,No return,6 days,2025-08-26T21:35:19.369870,category/accessories,meesho_complete_dataset_20250902_213519.json
MEESHO_1000522,Anouk Cotton Kurti - Kitchen Appliances,Home & Kitchen,Kitchen Appliances,Anouk,2418,1644,32,3.1,595,Out of Stock,Seller_841,https://images.meesho.com/images/products/1000522/1_512.jpg,https://www.meesho.com/product/1000522,High quality cotton kurti from Anouk. Perfect for daily wear.,3,One Size,Rayon,False,15 days,9 days,2025-08-12T21:35:19.369876,category/home-&-kitchen,meesho_complete_dataset_20250902_213519.json
MEESHO_1000523,GoSriKi Handbag - Sunglasses,Accessories,Sunglasses,GoSriKi,245,103,58,4.3,3530,Limited Stock,Seller_233,https://images.meesho.com/images/products/1000523/1_512.jpg,https://www.meesho.com/product/1000523,High quality handbag from GoSriKi. Perfect for daily wear.,3,"28,30,32,34",Cotton,False,7 days,10 days,2025-08-03T21:35:19.369882,category/accessories,meesho_complete_dataset_20250902_213519.json
MEESHO_1000524,Manthan Mobile Cover - Baby Clothing,Kids Clothing,Baby Clothing,Manthan,2297,1332,42,4.2,3823,Out of Stock,Seller_677,https://images.meesho.com/images/products/1000524/1_512.jpg,https://www.meesho.com/product/1000524,High quality mobile cover from Manthan. Perfect for daily wear.,7,"S,M,L,XL",Polyester,True,15 days,10 days,2025-08-14T21:35:19.369888,category/kids-clothing,meesho_complete_dataset_20250902_213519.json
MEESHO_1000525,MIMOSA Face Cream - Sunglasses,Accessories,Sunglasses,MIMOSA,2853,2511,12,4.3,1129,Out of Stock,Seller_575,https://images.meesho.com/images/products/1000525/1_512.jpg,https://www.meesho.com/product/1000525,High quality face cream from MIMOSA. Perfect for daily wear.,3,"28,30,32,34",Polyester,False,15 days,7 days,2025-08-27T21:35:19.369894,category/accessories,meesho_complete_dataset_20250902_213519.json
MEESHO_1000526,Manthan Bedsheet Set - Chargers,Electronics,Chargers,Manthan,1035,631,39,4.0,521,In Stock,Seller_464,https://images.meesho.com/images/products/1000526/1_512.jpg,https://www.meesho.com/product/1000526,High quality bedsheet set from Manthan. Perfect for daily wear.,5,"28,30,32,34",Polyester,True,7 days,5 days,2025-08-28T21:35:19.369900,category/electronics,meesho_complete_dataset_20250902_213519.json
MEESHO_1000527,Anouk Kids T-Shirt - Sports & Fitness,Sports & Fitness,Sports & Fitness,Anouk,464,399,14,4.5,3222,Out of Stock,Seller_36,https://images.meesho.com/images/products/1000527/1_512.jpg,https://www.meesho.com/product/1000527,High quality kids t-shirt from Anouk. Perfect for daily wear.,4,Free Size,Silk,True,7 days,8 days,2025-08-30T21:35:19.369905,category/sports-&-fitness,meesho_complete_dataset_20250902_213519.json
MEESHO_1000528,GoSriKi Hair Oil - Skincare,Beauty & Health,Skincare,GoSriKi,2734,2078,24,4.5,1722,In Stock,Seller_240,https://images.meesho.com/images/products/1000528/1_512.jpg,https://www.meesho.com/product/1000528,High quality hair oil from GoSriKi. Perfect for daily wear.,5,Free Size,Cotton,True,15 days,3 days,2025-08-13T21:35:19.369911,category/beauty-&-health,meesho_complete_dataset_20250902_213519.json
MEESHO_1000529,Sangria Formal Shirt - Gadgets,Electronics,Gadgets,Sangria,880,378,57,3.2,2525,In Stock,Seller_116,https://images.meesho.com/images/products/1000529/1_512.jpg,https://www.meesho.com/product/1000529,High quality formal shirt from Sangria. Perfect for daily wear.,5,One Size,Cotton,True,15 days,7 days,2025-08-04T21:35:19.369917,category/electronics,meesho_complete_dataset_20250902_213519.json
MEESHO_1000530,SASSAFRAS Mobile Cover - Jeans,Men Clothing,Jeans,SASSAFRAS,2555,2121,17,4.0,306,Out of Stock,Seller_960,https://images.meesho.com/images/products/1000530/1_512.jpg,https://www.meesho.com/product/1000530,High quality mobile cover from SASSAFRAS. Perfect for daily wear.,3,"28,30,32,34",Cotton,True,15 days,4 days,2025-08-31T21:35:19.369923,category/men-clothing,meesho_complete_dataset_20250902_213519.json
MEESHO_1000531,Indya Printed Saree - Baby Clothing,Kids Clothing,Baby Clothing,Indya,2917,1546,47,4.1,4006,Limited Stock,Seller_171,https://images.meesho.com/images/products/1000531/1_512.jpg,https://www.meesho.com/product/1000531,High quality printed saree from Indya. Perfect for daily wear.,8,"S,M,L,XL",Rayon,True,No return,6 days,2025-08-22T21:35:19.369928,category/kids-clothing,meesho_complete_dataset_20250902_213519.json
MEESHO_1000532,Global Desi Jewelry Set - Books,Books,Books,Global Desi,723,600,17,4.7,3945,In Stock,Seller_523,https://images.meesho.com/images/products/1000532/1_512.jpg,https://www.meesho.com/product/1000532,High quality jewelry set from Global Desi. Perfect for daily wear.,3,Free Size,Cotton,True,15 days,7 days,2025-08-06T21:35:19.369934,category/books,meesho_complete_dataset_20250902_213519.json
MEESHO_1000533,Soch Bedsheet Set - Headphones,Electronics,Headphones,Soch,916,769,16,3.1,1565,In Stock,Seller_478,https://images.meesho.com/images/products/1000533/1_512.jpg,https://www.meesho.com/product/1000533,High quality bedsheet set from Soch. Perfect for daily wear.,5,Free Size,Cotton,True,No return,9 days,2025-08-04T21:35:19.369941,category/electronics,meesho_complete_dataset_20250902_213519.json
MEESHO_1000534,Roadster Formal Shirt - Health Supplements,Beauty & Health,Health Supplements,Roadster,1036,839,19,4.7,2931,Out of Stock,Seller_842,https://images.meesho.com/images/products/1000534/1_512.jpg,https://www.meesho.com/product/1000534,High quality formal shirt from Roadster. Perfect for daily wear.,2,One Size,Cotton Blend,False,7 days,9 days,2025-08-07T21:35:19.369947,category/beauty-&-health,meesho_complete_dataset_20250902_213519.json
MEESHO_1000535,Libas Face Cream - Health Supplements,Beauty & Health,Health Supplements,Libas,313,191,39,4.0,425,In Stock,Seller_21,https://images.meesho.com/images/products/1000535/1_512.jpg,https://www.meesho.com/product/1000535,High quality face cream from Libas. Perfect for daily wear.,8,Free Size,Silk,True,7 days,6 days,2025-08-23T21:35:19.369953,category/beauty-&-health,meesho_complete_dataset_20250902_213519.json
MEESHO_1000536,Global Desi Ethnic Suit - Watches,Accessories,Watches,Global Desi,2986,1463,51,4.4,3856,Out of Stock,Seller_519,https://images.meesho.com/images/products/1000536/1_512.jpg,https://www.meesho.com/product/1000536,High quality ethnic suit from Global Desi. Perfect for daily wear.,4,One Size,Cotton,True,7 days,4 days,2025-08-06T21:35:19.369959,category/accessories,meesho_complete_dataset_20250902_213519.json
MEESHO_1000537,Varanga Casual Dress - T-Shirts,Men Clothing,T-Shirts,Varanga,2615,1778,32,3.0,1208,Out of Stock,Seller_389,https://images.meesho.com/images/products/1000537/1_512.jpg,https://www.meesho.com/product/1000537,High quality casual dress from Varanga. Perfect for daily wear.,4,"S,M,L,XL",Polyester,False,15 days,9 days,2025-08-12T21:35:19.369964,category/men-clothing,meesho_complete_dataset_20250902_213519.json
MEESHO_1000538,Aks Bedsheet Set - Wallets,Bags & Footwear,Wallets,Aks,2110,1118,47,3.3,3805,In Stock,Seller_542,https://images.meesho.com/images/products/1000538/1_512.jpg,https://www.meesho.com/product/1000538,High quality bedsheet set from Aks. Perfect for daily wear.,6,Free Size,Silk,False,7 days,8 days,2025-08-23T21:35:19.369970,category/bags-&-footwear,meesho_complete_dataset_20250902_213519.json
MEESHO_1000539,SASSAFRAS Ethnic Suit - Books,Books,Books,SASSAFRAS,809,372,54,3.6,4189,Limited Stock,Seller_719,https://images.meesho.com/images/products/1000539/1_512.jpg,https://www.meesho.com/product/1000539,High quality ethnic suit from SASSAFRAS. Perfect for daily wear.,3,"28,30,32,34",Rayon,False,No return,10 days,2025-09-02T21:35:19.369976,category/books,meesho_complete_dataset_20250902_213519.json
MEESHO_1000540,Varanga Face Cream - Books,Books,Books,Varanga,695,507,27,3.8,4301,Out of Stock,Seller_91,https://images.meesho.com/images/products/1000540/1_512.jpg,https://www.meesho.com/product/1000540,High quality face cream from Varanga. Perfect for daily wear.,1,Free Size,Silk,False,No return,8 days,2025-08-21T21:35:19.369981,category/books,meesho_complete_dataset_20250902_213519.json
MEESHO_1000541,GoSriKi Printed Saree - Mobile Accessories,Electronics,Mobile Accessories,GoSriKi,1510,755,50,4.8,631,In Stock,Seller_515,https://images.meesho.com/images/products/1000541/1_512.jpg,https://www.meesho.com/product/1000541,High quality printed saree from GoSriKi. Perfect for daily wear.,3,Free Size,Rayon,True,7 days,4 days,2025-08-13T21:35:19.369988,category/electronics,meesho_complete_dataset_20250902_213519.json
MEESHO_1000542,Global Desi Kids T-Shirt - Cleaning,Home & Kitchen,Cleaning,Global Desi,1438,820,43,3.1,2457,In Stock,Seller_582,https://images.meesho.com/images/products/1000542/1_512.jpg,https://www.meesho.com/product/1000542,High quality kids t-shirt from Global Desi. Perfect for daily wear.,7,Free Size,Cotton Blend,False,15 days,7 days,2025-08-28T21:35:19.369994,category/home-&-kitchen,meesho_complete_dataset_20250902_213519.json
MEESHO_1000543,GoSriKi Bedsheet Set - Handbags,Bags & Footwear,Handbags,GoSriKi,2375,1900,20,3.3,495,In Stock,Seller_936,https://images.meesho.com/images/products/1000543/1_512.jpg,https://www.meesho.com/product/1000543,High quality bedsheet set from GoSriKi. Perfect for daily wear.,1,One Size,Cotton,True,15 days,3 days,2025-08-20T21:35:19.370000,category/bags-&-footwear,meesho_complete_dataset_20250902_213519.json
MEESHO_1000544,Sangria Casual Dress - Personal Care,Beauty & Health,Personal Care,Sangria,1418,1219,14,4.7,2900,Out of Stock,Seller_92,https://images.meesho.com/images/products/1000544/1_512.jpg,https://www.meesho.com/product/1000544,High quality casual dress from Sangria. Perfect for daily wear.,5,"28,30,32,34",Cotton Blend,True,7 days,5 days,2025-08-13T21:35:19.370006,category/beauty-&-health,meesho_complete_dataset_20250902_213519.json
MEESHO_1000545,MIMOSA Kids T-Shirt - Casual Wear,Men Clothing,Casual Wear,MIMOSA,1053,569,46,4.5,1425,In Stock,Seller_813,https://images.meesho.com/images/products/1000545/1_512.jpg,https://www.meesho.com/product/1000545,High quality kids t-shirt from MIMOSA. Perfect for daily wear.,7,"28,30,32,34",Silk,True,15 days,3 days,2025-08-16T21:35:19.370011,category/men-clothing,meesho_complete_dataset_20250902_213519.json
MEESHO_1000546,Aks Ethnic Suit - Toys & Games,Toys & Games,Toys & Games,Aks,1409,704,50,3.4,4765,Limited Stock,Seller_824,https://images.meesho.com/images/products/1000546/1_512.jpg,https://www.meesho.com/product/1000546,High quality ethnic suit from Aks. Perfect for daily wear.,6,"28,30,32,34",Silk,True,7 days,5 days,2025-08-14T21:35:19.370017,category/toys-&-games,meesho_complete_dataset_20250902_213519.json
MEESHO_1000547,Sangria Casual Dress - Sunglasses,Accessories,Sunglasses,Sangria,855,299,65,4.3,4836,Out of Stock,Seller_430,https://images.meesho.com/images/products/1000547/1_512.jpg,https://www.meesho.com/product/1000547,High quality casual dress from Sangria. Perfect for daily wear.,7,Free Size,Rayon,True,No return,8 days,2025-08-19T21:35:19.370023,category/accessories,meesho_complete_dataset_20250902_213519.json
MEESHO_1000548,DressBerry Kids T-Shirt - Cleaning,Home & Kitchen,Cleaning,DressBerry,293,149,49,4.1,2647,In Stock,Seller_856,https://images.meesho.com/images/products/1000548/1_512.jpg,https://www.meesho.com/product/1000548,High quality kids t-shirt from DressBerry. Perfect for daily wear.,7,"28,30,32,34",Cotton,True,7 days,4 days,2025-09-01T21:35:19.370028,category/home-&-kitchen,meesho_complete_dataset_20250902_213519.json
MEESHO_1000549,Sangria Handbag - Storage,Home & Kitchen,Storage,Sangria,2241,1255,44,3.0,806,In Stock,Seller_936,https://images.meesho.com/images/products/1000549/1_512.jpg,https://www.meesho.com/product/1000549,High quality handbag from Sangria. Perfect for daily wear.,5,"S,M,L,XL",Polyester,True,7 days,10 days,2025-08-20T21:35:19.370034,category/home-&-kitchen,meesho_complete_dataset_20250902_213519.json
MEESHO_1000550,Aks Running Shoes - Sarees,Women Clothing,Sarees,Aks,1230,898,27,3.6,3281,Limited Stock,Seller_311,https://images.meesho.com/images/products/1000550/1_512.jpg,https://www.meesho.com/product/1000550,High quality running shoes from Aks. Perfect for daily wear.,8,"S,M,L,XL",Silk,False,7 days,6 days,2025-08-17T21:35:19.370040,category/women-clothing,meesho_complete_dataset_20250902_213519.json
MEESHO_1000551,Varanga Running Shoes - Handbags,Bags & Footwear,Handbags,Varanga,710,561,21,3.1,332,Limited Stock,Seller_105,https://images.meesho.com/images/products/1000551/1_512.jpg,https://www.meesho.com/product/1000551,High quality running shoes from Varanga. Perfect for daily wear.,4,One Size,Cotton,False,15 days,3 days,2025-08-09T21:35:19.370046,category/bags-&-footwear,meesho_complete_dataset_20250902_213519.json
MEESHO_1000552,Roadster Casual Dress - Storage,Home & Kitchen,Storage,Roadster,2033,610,70,4.6,4858,Out of Stock,Seller_942,https://images.meesho.com/images/products/1000552/1_512.jpg,https://www.meesho.com/product/1000552,High quality casual dress from Roadster. Perfect for daily wear.,1,Free Size,Polyester,False,7 days,8 days,2025-08-28T21:35:19.370053,category/home-&-kitchen,meesho_complete_dataset_20250902_213519.json
MEESHO_1000553,DressBerry Handbag - Ethnic Wear,Women Clothing,Ethnic Wear,DressBerry,1285,501,61,3.8,2822,Out of Stock,Seller_89,https://images.meesho.com/images/products/1000553/1_512.jpg,https://www.meesho.com/product/1000553,High quality handbag from DressBerry. Perfect for daily wear.,7,"S,M,L,XL",Silk,False,15 days,8 days,2025-08-30T21:35:19.370059,category/women-clothing,meesho_complete_dataset_20250902_213519.json
MEESHO_1000554,Libas Bedsheet Set - Backpacks,Bags & Footwear,Backpacks,Libas,2966,2284,23,3.8,1200,Out of Stock,Seller_446,https://images.meesho.com/images/products/1000554/1_512.jpg,https://www.meesho.com/product/1000554,High quality bedsheet set from Libas. Perfect for daily wear.,8,"S,M,L,XL",Cotton Blend,False,15 days,4 days,2025-08-03T21:35:19.370065,category/bags-&-footwear,meesho_complete_dataset_20250902_213519.json
MEESHO_1000555,Roadster Jewelry Set - Shoes,Bags & Footwear,Shoes,Roadster,2929,1670,43,4.5,1504,In Stock,Seller_295,https://images.meesho.com/images/products/1000555/1_512.jpg,https://www.meesho.com/product/1000555,High quality jewelry set from Roadster. Perfect for daily wear.,4,One Size,Cotton Blend,True,7 days,7 days,2025-08-04T21:35:19.370070,category/bags-&-footwear,meesho_complete_dataset_20250902_213519.json
MEESHO_1000556,SASSAFRAS Handbag - Automotive,Automotive,Automotive,SASSAFRAS,2451,809,67,3.6,3022,In Stock,Seller_964,https://images.meesho.com/images/products/1000556/1_512.jpg,https://www.meesho.com/product/1000556,High quality handbag from SASSAFRAS. Perfect for daily wear.,8,Free Size,Cotton,True,7 days,4 days,2025-09-01T21:35:19.370076,category/automotive,meesho_complete_dataset_20250902_213519.json
MEESHO_1000557,HERE&NOW Kitchen Set - Bedding,Home & Kitchen,Bedding,HERE&NOW,185,126,32,4.7,1223,In Stock,Seller_599,https://images.meesho.com/images/products/1000557/1_512.jpg,https://www.meesho.com/product/1000557,High quality kitchen set from HERE&NOW. Perfect for daily wear.,2,"S,M,L,XL",Cotton,True,No return,9 days,2025-08-30T21:35:19.370082,category/home-&-kitchen,meesho_complete_dataset_20250902_213519.json
MEESHO_1000558,MIMOSA Casual Dress - Backpacks,Bags & Footwear,Backpacks,MIMOSA,2390,1267,47,3.5,2351,In Stock,Seller_41,https://images.meesho.com/images/products/1000558/1_512.jpg,https://www.meesho.com/product/1000558,High quality casual dress from MIMOSA. Perfect for daily wear.,3,Free Size,Cotton Blend,False,No return,10 days,2025-08-16T21:35:19.370088,category/bags-&-footwear,meesho_complete_dataset_20250902_213519.json
MEESHO_1000559,MIMOSA Kids T-Shirt - Mobile Accessories,Electronics,Mobile Accessories,MIMOSA,1855,1354,27,4.5,2568,In Stock,Seller_893,https://images.meesho.com/images/products/1000559/1_512.jpg,https://www.meesho.com/product/1000559,High quality kids t-shirt from MIMOSA. Perfect for daily wear.,1,"S,M,L,XL",Cotton,True,7 days,3 days,2025-08-16T21:35:19.370094,category/electronics,meesho_complete_dataset_20250902_213519.json
MEESHO_1000560,Anouk Ethnic Suit - Sports & Fitness,Sports & Fitness,Sports & Fitness,Anouk,2534,2103,17,3.3,2489,In Stock,Seller_244,https://images.meesho.com/images/products/1000560/1_512.jpg,https://www.meesho.com/product/1000560,High quality ethnic suit from Anouk. Perfect for daily wear.,2,"S,M,L,XL",Cotton,True,15 days,6 days,2025-08-08T21:35:19.370100,category/sports-&-fitness,meesho_complete_dataset_20250902_213519.json
MEESHO_1000561,Indya Denim Jeans - Makeup,Beauty & Health,Makeup,Indya,1471,809,45,4.4,2756,In Stock,Seller_768,https://images.meesho.com/images/products/1000561/1_512.jpg,https://www.meesho.com/product/1000561,High quality denim jeans from Indya. Perfect for daily wear.,6,Free Size,Cotton,True,7 days,10 days,2025-08-09T21:35:19.370105,category/beauty-&-health,meesho_complete_dataset_20250902_213519.json
MEESHO_1000562,Anouk Kids T-Shirt - Makeup,Beauty & Health,Makeup,Anouk,321,286,11,3.8,2865,In Stock,Seller_606,https://images.meesho.com/images/products/1000562/1_512.jpg,https://www.meesho.com/product/1000562,High quality kids t-shirt from Anouk. Perfect for daily wear.,6,Free Size,Polyester,True,No return,6 days,2025-08-27T21:35:19.370112,category/beauty-&-health,meesho_complete_dataset_20250902_213519.json
MEESHO_1000563,Anouk Face Cream - Cleaning,Home & Kitchen,Cleaning,Anouk,1144,378,67,3.7,4395,In Stock,Seller_665,https://images.meesho.com/images/products/1000563/1_512.jpg,https://www.meesho.com/product/1000563,High quality face cream from Anouk. Perfect for daily wear.,2,"S,M,L,XL",Cotton Blend,True,15 days,7 days,2025-08-11T21:35:19.370118,category/home-&-kitchen,meesho_complete_dataset_20250902_213519.json
MEESHO_1000564,DressBerry Handbag - Sports & Fitness,Sports & Fitness,Sports & Fitness,DressBerry,629,453,28,4.5,2753,In Stock,Seller_505,https://images.meesho.com/images/products/1000564/1_512.jpg,https://www.meesho.com/product/1000564,High quality handbag from DressBerry. Perfect for daily wear.,7,One Size,Rayon,False,No return,7 days,2025-08-07T21:35:19.370124,category/sports-&-fitness,meesho_complete_dataset_20250902_213519.json
MEESHO_1000565,Aks Mobile Cover - Toys & Games,Toys & Games,Toys & Games,Aks,963,674,30,3.4,864,Limited Stock,Seller_979,https://images.meesho.com/images/products/1000565/1_512.jpg,https://www.meesho.com/product/1000565,High quality mobile cover from Aks. Perfect for daily wear.,6,"S,M,L,XL",Rayon,False,No return,5 days,2025-08-19T21:35:19.370130,category/toys-&-games,meesho_complete_dataset_20250902_213519.json
MEESHO_1000566,Anouk Running Shoes - Makeup,Beauty & Health,Makeup,Anouk,1480,829,44,4.3,580,Limited Stock,Seller_188,https://images.meesho.com/images/products/1000566/1_512.jpg,https://www.meesho.com/product/1000566,High quality running shoes from Anouk. Perfect for daily wear.,1,One Size,Cotton Blend,False,15 days,6 days,2025-08-07T21:35:19.370135,category/beauty-&-health,meesho_complete_dataset_20250902_213519.json
MEESHO_1000567,Anouk Running Shoes - Gadgets,Electronics,Gadgets,Anouk,1368,725,47,3.1,3201,Out of Stock,Seller_57,https://images.meesho.com/images/products/1000567/1_512.jpg,https://www.meesho.com/product/1000567,High quality running shoes from Anouk. Perfect for daily wear.,2,"28,30,32,34",Rayon,True,No return,6 days,2025-09-01T21:35:19.370141,category/electronics,meesho_complete_dataset_20250902_213519.json
MEESHO_1000568,Janasya Face Cream - Cleaning,Home & Kitchen,Cleaning,Janasya,802,273,66,4.0,2116,Out of Stock,Seller_649,https://images.meesho.com/images/products/1000568/1_512.jpg,https://www.meesho.com/product/1000568,High quality face cream from Janasya. Perfect for daily wear.,7,"28,30,32,34",Rayon,True,15 days,3 days,2025-08-03T21:35:19.370147,category/home-&-kitchen,meesho_complete_dataset_20250902_213519.json
MEESHO_1000569,Global Desi Mobile Cover - Kurtas,Women Clothing,Kurtas,Global Desi,1192,751,37,4.5,918,Limited Stock,Seller_482,https://images.meesho.com/images/products/1000569/1_512.jpg,https://www.meesho.com/product/1000569,High quality mobile cover from Global Desi. Perfect for daily wear.,2,"28,30,32,34",Polyester,False,No return,5 days,2025-08-07T21:35:19.370153,category/women-clothing,meesho_complete_dataset_20250902_213519.json
MEESHO_1000570,Libas Casual Dress - School Uniforms,Kids Clothing,School Uniforms,Libas,2500,1525,39,4.3,2531,Limited Stock,Seller_816,https://images.meesho.com/images/products/1000570/1_512.jpg,https://www.meesho.com/product/1000570,High quality casual dress from Libas. Perfect for daily wear.,6,"S,M,L,XL",Cotton Blend,True,15 days,4 days,2025-08-19T21:35:19.370159,category/kids-clothing,meesho_complete_dataset_20250902_213519.json
MEESHO_1000571,Manthan Printed Saree - Sports & Fitness,Sports & Fitness,Sports & Fitness,Manthan,736,500,32,3.4,995,In Stock,Seller_290,https://images.meesho.com/images/products/1000571/1_512.jpg,https://www.meesho.com/product/1000571,High quality printed saree from Manthan. Perfect for daily wear.,4,"28,30,32,34",Silk,True,7 days,5 days,2025-08-30T21:35:19.370165,category/sports-&-fitness,meesho_complete_dataset_20250902_213519.json
MEESHO_1000572,Janasya Denim Jeans - Books,Books,Books,Janasya,480,360,25,3.8,180,Limited Stock,Seller_903,https://images.meesho.com/images/products/1000572/1_512.jpg,https://www.meesho.com/product/1000572,High quality denim jeans from Janasya. Perfect for daily wear.,8,One Size,Silk,True,15 days,9 days,2025-08-08T21:35:19.370171,category/books,meesho_complete_dataset_20250902_213519.json
MEESHO_1000573,Manthan Kids T-Shirt - Sarees,Women Clothing,Sarees,Manthan,1619,664,59,3.0,3017,Limited Stock,Seller_589,https://images.meesho.com/images/products/1000573/1_512.jpg,https://www.meesho.com/product/1000573,High quality kids t-shirt from Manthan. Perfect for daily wear.,6,"S,M,L,XL",Rayon,True,No return,3 days,2025-08-10T21:35:19.370177,category/women-clothing,meesho_complete_dataset_20250902_213519.json
MEESHO_1000574,Global Desi Running Shoes - Girls Clothing,Kids Clothing,Girls Clothing,Global Desi,2968,1247,58,4.8,113,In Stock,Seller_802,https://images.meesho.com/images/products/1000574/1_512.jpg,https://www.meesho.com/product/1000574,High quality running shoes from Global Desi. Perfect for daily wear.,5,One Size,Cotton Blend,False,No return,4 days,2025-08-27T21:35:19.370183,category/kids-clothing,meesho_complete_dataset_20250902_213519.json
MEESHO_1000575,Global Desi Jewelry Set - Toys & Games,Toys & Games,Toys & Games,Global Desi,2892,1446,50,4.1,782,Limited Stock,Seller_343,https://images.meesho.com/images/products/1000575/1_512.jpg,https://www.meesho.com/product/1000575,High quality jewelry set from Global Desi. Perfect for daily wear.,7,Free Size,Polyester,False,15 days,7 days,2025-08-18T21:35:19.370189,category/toys-&-games,meesho_complete_dataset_20250902_213519.json
MEESHO_1000576,DressBerry Face Cream - Toys & Games,Toys & Games,Toys & Games,DressBerry,2979,1162,61,3.4,3223,In Stock,Seller_836,https://images.meesho.com/images/products/1000576/1_512.jpg,https://www.meesho.com/product/1000576,High quality face cream from DressBerry. Perfect for daily wear.,4,"S,M,L,XL",Polyester,False,No return,5 days,2025-08-31T21:35:19.370195,category/toys-&-games,meesho_complete_dataset_20250902_213519.json
MEESHO_1000577,Manthan Face Cream - Automotive,Automotive,Automotive,Manthan,680,394,42,3.7,3718,Out of Stock,Seller_240,https://images.meesho.com/images/products/1000577/1_512.jpg,https://www.meesho.com/product/1000577,High quality face cream from Manthan. Perfect for daily wear.,7,Free Size,Silk,False,No return,6 days,2025-08-19T21:35:19.370200,category/automotive,meesho_complete_dataset_20250902_213519.json
MEESHO_1000578,Aks Face Cream - Boys Clothing,Kids Clothing,Boys Clothing,Aks,971,719,26,3.7,2820,Limited Stock,Seller_264,https://images.meesho.com/images/products/1000578/1_512.jpg,https://www.meesho.com/product/1000578,High quality face cream from Aks. Perfect for daily wear.,3,"28,30,32,34",Cotton Blend,True,No return,3 days,2025-08-29T21:35:19.370206,category/kids-clothing,meesho_complete_dataset_20250902_213519.json
MEESHO_1000579,Aks Hair Oil - Girls Clothing,Kids Clothing,Girls Clothing,Aks,1403,856,39,4.2,2048,In Stock,Seller_193,https://images.meesho.com/images/products/1000579/1_512.jpg,https://www.meesho.com/product/1000579,High quality hair oil from Aks. Perfect for daily wear.,5,Free Size,Rayon,False,7 days,5 days,2025-08-08T21:35:19.370212,category/kids-clothing,meesho_complete_dataset_20250902_213519.json
MEESHO_1000580,DressBerry Kids T-Shirt - Books,Books,Books,DressBerry,425,298,30,3.8,1704,Out of Stock,Seller_718,https://images.meesho.com/images/products/1000580/1_512.jpg,https://www.meesho.com/product/1000580,High quality kids t-shirt from DressBerry. Perfect for daily wear.,7,Free Size,Rayon,True,No return,9 days,2025-08-25T21:35:19.370217,category/books,meesho_complete_dataset_20250902_213519.json
MEESHO_1000581,Anouk Face Cream - Home Decor,Home & Kitchen,Home Decor,Anouk,1804,794,56,4.0,4758,Out of Stock,Seller_278,https://images.meesho.com/images/products/1000581/1_512.jpg,https://www.meesho.com/product/1000581,High quality face cream from Anouk. Perfect for daily wear.,5,"28,30,32,34",Rayon,True,No return,8 days,2025-08-22T21:35:19.370223,category/home-&-kitchen,meesho_complete_dataset_20250902_213519.json
MEESHO_1000582,Mast & Harbour Ethnic Suit - Bedding,Home & Kitchen,Bedding,Mast & Harbour,2157,949,56,4.3,259,Out of Stock,Seller_823,https://images.meesho.com/images/products/1000582/1_512.jpg,https://www.meesho.com/product/1000582,High quality ethnic suit from Mast & Harbour. Perfect for daily wear.,7,"S,M,L,XL",Cotton,False,15 days,7 days,2025-08-08T21:35:19.370229,category/home-&-kitchen,meesho_complete_dataset_20250902_213519.json
MEESHO_1000583,Vishudh Mobile Cover - Chargers,Electronics,Chargers,Vishudh,524,194,63,4.1,1368,Out of Stock,Seller_642,https://images.meesho.com/images/products/1000583/1_512.jpg,https://www.meesho.com/product/1000583,High quality mobile cover from Vishudh. Perfect for daily wear.,3,Free Size,Rayon,False,7 days,4 days,2025-08-09T21:35:19.370235,category/electronics,meesho_complete_dataset_20250902_213519.json
MEESHO_1000584,Sangria Kitchen Set - Kitchen Appliances,Home & Kitchen,Kitchen Appliances,Sangria,1273,1057,17,4.0,709,Out of Stock,Seller_31,https://images.meesho.com/images/products/1000584/1_512.jpg,https://www.meesho.com/product/1000584,High quality kitchen set from Sangria. Perfect for daily wear.,1,"28,30,32,34",Cotton Blend,True,7 days,4 days,2025-08-16T21:35:19.370245,category/home-&-kitchen,meesho_complete_dataset_20250902_213519.json
MEESHO_1000585,MIMOSA Formal Shirt - Toys & Games,Toys & Games,Toys & Games,MIMOSA,2375,1330,44,4.5,500,In Stock,Seller_70,https://images.meesho.com/images/products/1000585/1_512.jpg,https://www.meesho.com/product/1000585,High quality formal shirt from MIMOSA. Perfect for daily wear.,2,"28,30,32,34",Cotton,False,7 days,4 days,2025-08-28T21:35:19.370251,category/toys-&-games,meesho_complete_dataset_20250902_213519.json
MEESHO_1000586,Soch Face Cream - Sunglasses,Accessories,Sunglasses,Soch,273,221,19,4.8,2437,Limited Stock,Seller_33,https://images.meesho.com/images/products/1000586/1_512.jpg,https://www.meesho.com/product/1000586,High quality face cream from Soch. Perfect for daily wear.,3,One Size,Polyester,True,15 days,6 days,2025-08-11T21:35:19.370256,category/accessories,meesho_complete_dataset_20250902_213519.json
MEESHO_1000587,Manthan Formal Shirt - Sports & Fitness,Sports & Fitness,Sports & Fitness,Manthan,1421,583,59,3.8,4355,Limited Stock,Seller_83,https://images.meesho.com/images/products/1000587/1_512.jpg,https://www.meesho.com/product/1000587,High quality formal shirt from Manthan. Perfect for daily wear.,6,Free Size,Cotton,False,No return,8 days,2025-08-06T21:35:19.370262,category/sports-&-fitness,meesho_complete_dataset_20250902_213519.json
MEESHO_1000588,Varanga Jewelry Set - Books,Books,Books,Varanga,1958,842,57,3.9,2849,Out of Stock,Seller_251,https://images.meesho.com/images/products/1000588/1_512.jpg,https://www.meesho.com/product/1000588,High quality jewelry set from Varanga. Perfect for daily wear.,3,Free Size,Cotton Blend,False,15 days,8 days,2025-08-10T21:35:19.370285,category/books,meesho_complete_dataset_20250902_213519.json
MEESHO_1000589,Manthan Kids T-Shirt - Automotive,Automotive,Automotive,Manthan,2897,2086,28,3.4,550,Out of Stock,Seller_123,https://images.meesho.com/images/products/1000589/1_512.jpg,https://www.meesho.com/product/1000589,High quality kids t-shirt from Manthan. Perfect for daily wear.,1,"28,30,32,34",Rayon,True,7 days,10 days,2025-08-31T21:35:19.370291,category/automotive,meesho_complete_dataset_20250902_213519.json
MEESHO_1000590,Libas Cotton Kurti - Personal Care,Beauty & Health,Personal Care,Libas,2549,1580,38,3.9,4962,Limited Stock,Seller_678,https://images.meesho.com/images/products/1000590/1_512.jpg,https://www.meesho.com/product/1000590,High quality cotton kurti from Libas. Perfect for daily wear.,3,"S,M,L,XL",Polyester,True,7 days,4 days,2025-08-27T21:35:19.370297,category/beauty-&-health,meesho_complete_dataset_20250902_213519.json
MEESHO_1000591,Indya Hair Oil - Toys & Games,Toys & Games,Toys & Games,Indya,1581,569,64,4.6,4994,Limited Stock,Seller_483,https://images.meesho.com/images/products/1000591/1_512.jpg,https://www.meesho.com/product/1000591,High quality hair oil from Indya. Perfect for daily wear.,3,"28,30,32,34",Polyester,False,15 days,7 days,2025-08-24T21:35:19.370302,category/toys-&-games,meesho_complete_dataset_20250902_213519.json
MEESHO_1000592,Indya Printed Saree - Toys & Games,Toys & Games,Toys & Games,Indya,1761,599,66,3.1,1129,In Stock,Seller_936,https://images.meesho.com/images/products/1000592/1_512.jpg,https://www.meesho.com/product/1000592,High quality printed saree from Indya. Perfect for daily wear.,2,Free Size,Polyester,True,15 days,6 days,2025-08-22T21:35:19.370310,category/toys-&-games,meesho_complete_dataset_20250902_213519.json
MEESHO_1000593,Anouk Denim Jeans - Headphones,Electronics,Headphones,Anouk,932,736,21,4.2,1713,Limited Stock,Seller_674,https://images.meesho.com/images/products/1000593/1_512.jpg,https://www.meesho.com/product/1000593,High quality denim jeans from Anouk. Perfect for daily wear.,1,One Size,Silk,True,No return,4 days,2025-08-08T21:35:19.370316,category/electronics,meesho_complete_dataset_20250902_213519.json
MEESHO_1000594,MIMOSA Printed Saree - T-Shirts,Men Clothing,T-Shirts,MIMOSA,1127,417,63,4.5,4492,Out of Stock,Seller_496,https://images.meesho.com/images/products/1000594/1_512.jpg,https://www.meesho.com/product/1000594,High quality printed saree from MIMOSA. Perfect for daily wear.,1,"28,30,32,34",Cotton,True,15 days,9 days,2025-08-20T21:35:19.370321,category/men-clothing,meesho_complete_dataset_20250902_213519.json
MEESHO_1000595,Anouk Cotton Kurti - Bedding,Home & Kitchen,Bedding,Anouk,767,445,42,4.5,4550,In Stock,Seller_766,https://images.meesho.com/images/products/1000595/1_512.jpg,https://www.meesho.com/product/1000595,High quality cotton kurti from Anouk. Perfect for daily wear.,4,Free Size,Cotton Blend,False,15 days,4 days,2025-08-05T21:35:19.370328,category/home-&-kitchen,meesho_complete_dataset_20250902_213519.json
MEESHO_1000596,DressBerry Casual Dress - Suits,Women Clothing,Suits,DressBerry,2452,1937,21,4.4,2614,Limited Stock,Seller_825,https://images.meesho.com/images/products/1000596/1_512.jpg,https://www.meesho.com/product/1000596,High quality casual dress from DressBerry. Perfect for daily wear.,4,"28,30,32,34",Polyester,False,No return,9 days,2025-08-24T21:35:19.370334,category/women-clothing,meesho_complete_dataset_20250902_213519.json
MEESHO_1000597,Manthan Bedsheet Set - Shoes,Bags & Footwear,Shoes,Manthan,196,131,33,4.5,2443,Out of Stock,Seller_148,https://images.meesho.com/images/products/1000597/1_512.jpg,https://www.meesho.com/product/1000597,High quality bedsheet set from Manthan. Perfect for daily wear.,7,One Size,Polyester,False,7 days,7 days,2025-08-22T21:35:19.370341,category/bags-&-footwear,meesho_complete_dataset_20250902_213519.json
MEESHO_1000598,Sangria Mobile Cover - Jewelry,Accessories,Jewelry,Sangria,2675,2327,13,3.1,830,Limited Stock,Seller_237,https://images.meesho.com/images/products/1000598/1_512.jpg,https://www.meesho.com/product/1000598,High quality mobile cover from Sangria. Perfect for daily wear.,8,One Size,Polyester,True,No return,5 days,2025-08-29T21:35:19.370347,category/accessories,meesho_complete_dataset_20250902_213519.json
MEESHO_1000599,Aks Cotton Kurti - Sports & Fitness,Sports & Fitness,Sports & Fitness,Aks,945,784,17,3.0,1501,Limited Stock,Seller_733,https://images.meesho.com/images/products/1000599/1_512.jpg,https://www.meesho.com/product/1000599,High quality cotton kurti from Aks. Perfect for daily wear.,3,One Size,Polyester,True,15 days,10 days,2025-08-17T21:35:19.370353,category/sports-&-fitness,meesho_complete_dataset_20250902_213519.json
MEESHO_1000600,MIMOSA Jewelry Set - Books,Books,Books,MIMOSA,1033,475,54,3.8,2938,Limited Stock,Seller_63,https://images.meesho.com/images/products/1000600/1_512.jpg,https://www.meesho.com/product/1000600,High quality jewelry set from MIMOSA. Perfect for daily wear.,3,"S,M,L,XL",Cotton,False,7 days,3 days,2025-09-02T21:35:19.370359,category/books,meesho_complete_dataset_20250902_213519.json
MEESHO_1000601,MIMOSA Face Cream - Mobile Accessories,Electronics,Mobile Accessories,MIMOSA,307,230,25,3.5,2025,Out of Stock,Seller_605,https://images.meesho.com/images/products/1000601/1_512.jpg,https://www.meesho.com/product/1000601,High quality face cream from MIMOSA. Perfect for daily wear.,3,"S,M,L,XL",Cotton,False,No return,3 days,2025-08-27T21:35:19.370364,category/electronics,meesho_complete_dataset_20250902_213519.json
MEESHO_1000602,Vishudh Formal Shirt - Automotive,Automotive,Automotive,Vishudh,267,112,58,3.6,2203,In Stock,Seller_745,https://images.meesho.com/images/products/1000602/1_512.jpg,https://www.meesho.com/product/1000602,High quality formal shirt from Vishudh. Perfect for daily wear.,2,"S,M,L,XL",Polyester,True,7 days,5 days,2025-08-15T21:35:19.370370,category/automotive,meesho_complete_dataset_20250902_213519.json
MEESHO_1000603,Indya Handbag - Toys & Games,Toys & Games,Toys & Games,Indya,2017,1533,24,4.6,3660,In Stock,Seller_692,https://images.meesho.com/images/products/1000603/1_512.jpg,https://www.meesho.com/product/1000603,High quality handbag from Indya. Perfect for daily wear.,2,"28,30,32,34",Silk,False,7 days,6 days,2025-08-29T21:35:19.370376,category/toys-&-games,meesho_complete_dataset_20250902_213519.json
MEESHO_1000604,Mast & Harbour Jewelry Set - Casual Wear,Men Clothing,Casual Wear,Mast & Harbour,1311,1009,23,4.0,2424,Limited Stock,Seller_502,https://images.meesho.com/images/products/1000604/1_512.jpg,https://www.meesho.com/product/1000604,High quality jewelry set from Mast & Harbour. Perfect for daily wear.,4,One Size,Polyester,True,No return,8 days,2025-08-17T21:35:19.370381,category/men-clothing,meesho_complete_dataset_20250902_213519.json
MEESHO_1000605,Soch Wall Clock - School Uniforms,Kids Clothing,School Uniforms,Soch,2093,1005,52,3.9,807,Limited Stock,Seller_429,https://images.meesho.com/images/products/1000605/1_512.jpg,https://www.meesho.com/product/1000605,High quality wall clock from Soch. Perfect for daily wear.,2,One Size,Cotton Blend,True,15 days,8 days,2025-08-12T21:35:19.370388,category/kids-clothing,meesho_complete_dataset_20250902_213519.json
MEESHO_1000606,Janasya Formal Shirt - Jeans,Men Clothing,Jeans,Janasya,1740,592,66,4.8,220,In Stock,Seller_205,https://images.meesho.com/images/products/1000606/1_512.jpg,https://www.meesho.com/product/1000606,High quality formal shirt from Janasya. Perfect for daily wear.,6,"S,M,L,XL",Rayon,True,15 days,10 days,2025-08-09T21:35:19.370394,category/men-clothing,meesho_complete_dataset_20250902_213519.json
MEESHO_1000607,Janasya Printed Saree - Sports & Fitness,Sports & Fitness,Sports & Fitness,Janasya,2510,954,62,3.4,754,Out of Stock,Seller_606,https://images.meesho.com/images/products/1000607/1_512.jpg,https://www.meesho.com/product/1000607,High quality printed saree from Janasya. Perfect for daily wear.,4,"S,M,L,XL",Cotton Blend,True,7 days,5 days,2025-08-30T21:35:19.370399,category/sports-&-fitness,meesho_complete_dataset_20250902_213519.json
MEESHO_1000608,DressBerry Kids T-Shirt - Hair Care,Beauty & Health,Hair Care,DressBerry,1982,714,64,4.0,519,Out of Stock,Seller_826,https://images.meesho.com/images/products/1000608/1_512.jpg,https://www.meesho.com/product/1000608,High quality kids t-shirt from DressBerry. Perfect for daily wear.,2,Free Size,Cotton Blend,True,7 days,7 days,2025-08-28T21:35:19.370405,category/beauty-&-health,meesho_complete_dataset_20250902_213519.json
MEESHO_1000609,Anouk Bedsheet Set - Automotive,Automotive,Automotive,Anouk,678,495,27,3.6,4703,Out of Stock,Seller_40,https://images.meesho.com/images/products/1000609/1_512.jpg,https://www.meesho.com/product/1000609,High quality bedsheet set from Anouk. Perfect for daily wear.,4,"S,M,L,XL",Cotton,True,7 days,10 days,2025-08-16T21:35:19.370412,category/automotive,meesho_complete_dataset_20250902_213519.json
MEESHO_1000610,Varanga Printed Saree - Suits,Women Clothing,Suits,Varanga,580,487,16,3.4,2962,In Stock,Seller_864,https://images.meesho.com/images/products/1000610/1_512.jpg,https://www.meesho.com/product/1000610,High quality printed saree from Varanga. Perfect for daily wear.,1,"S,M,L,XL",Cotton Blend,True,15 days,6 days,2025-08-05T21:35:19.370417,category/women-clothing,meesho_complete_dataset_20250902_213519.json
MEESHO_1000611,Janasya Mobile Cover - Cleaning,Home & Kitchen,Cleaning,Janasya,1347,512,62,4.8,659,Limited Stock,Seller_299,https://images.meesho.com/images/products/1000611/1_512.jpg,https://www.meesho.com/product/1000611,High quality mobile cover from Janasya. Perfect for daily wear.,1,"S,M,L,XL",Cotton,False,7 days,9 days,2025-08-15T21:35:19.370423,category/home-&-kitchen,meesho_complete_dataset_20250902_213519.json
MEESHO_1000612,Sangria Running Shoes - Sports & Fitness,Sports & Fitness,Sports & Fitness,Sangria,2577,1057,59,4.5,2446,Out of Stock,Seller_800,https://images.meesho.com/images/products/1000612/1_512.jpg,https://www.meesho.com/product/1000612,High quality running shoes from Sangria. Perfect for daily wear.,5,Free Size,Silk,False,No return,10 days,2025-08-12T21:35:19.370429,category/sports-&-fitness,meesho_complete_dataset_20250902_213519.json
MEESHO_1000613,Janasya Handbag - Automotive,Automotive,Automotive,Janasya,2643,1797,32,4.4,2486,Limited Stock,Seller_177,https://images.meesho.com/images/products/1000613/1_512.jpg,https://www.meesho.com/product/1000613,High quality handbag from Janasya. Perfect for daily wear.,6,Free Size,Cotton Blend,True,15 days,7 days,2025-08-28T21:35:19.370435,category/automotive,meesho_complete_dataset_20250902_213519.json
MEESHO_1000614,Soch Formal Shirt - Toys & Games,Toys & Games,Toys & Games,Soch,2282,1460,36,3.4,270,Limited Stock,Seller_290,https://images.meesho.com/images/products/1000614/1_512.jpg,https://www.meesho.com/product/1000614,High quality formal shirt from Soch. Perfect for daily wear.,8,"S,M,L,XL",Cotton Blend,True,7 days,4 days,2025-08-28T21:35:19.370441,category/toys-&-games,meesho_complete_dataset_20250902_213519.json
MEESHO_1000615,HERE&NOW Wall Clock - Sports & Fitness,Sports & Fitness,Sports & Fitness,HERE&NOW,2773,1081,61,4.5,2424,Limited Stock,Seller_764,https://images.meesho.com/images/products/1000615/1_512.jpg,https://www.meesho.com/product/1000615,High quality wall clock from HERE&NOW. Perfect for daily wear.,5,One Size,Silk,False,7 days,10 days,2025-08-23T21:35:19.370447,category/sports-&-fitness,meesho_complete_dataset_20250902_213519.json
MEESHO_1000616,Vishudh Casual Dress - Baby Clothing,Kids Clothing,Baby Clothing,Vishudh,2443,1173,52,3.7,835,In Stock,Seller_721,https://images.meesho.com/images/products/1000616/1_512.jpg,https://www.meesho.com/product/1000616,High quality casual dress from Vishudh. Perfect for daily wear.,6,One Size,Silk,True,15 days,4 days,2025-09-01T21:35:19.370453,category/kids-clothing,meesho_complete_dataset_20250902_213519.json
MEESHO_1000617,Janasya Face Cream - Automotive,Automotive,Automotive,Janasya,949,380,60,4.3,431,Out of Stock,Seller_998,https://images.meesho.com/images/products/1000617/1_512.jpg,https://www.meesho.com/product/1000617,High quality face cream from Janasya. Perfect for daily wear.,1,One Size,Rayon,False,7 days,6 days,2025-08-23T21:35:19.370459,category/automotive,meesho_complete_dataset_20250902_213519.json
MEESHO_1000618,Mast & Harbour Hair Oil - T-Shirts,Men Clothing,T-Shirts,Mast & Harbour,1722,1498,13,3.4,1859,In Stock,Seller_400,https://images.meesho.com/images/products/1000618/1_512.jpg,https://www.meesho.com/product/1000618,High quality hair oil from Mast & Harbour. Perfect for daily wear.,4,Free Size,Polyester,False,No return,8 days,2025-08-22T21:35:19.370465,category/men-clothing,meesho_complete_dataset_20250902_213519.json
MEESHO_1000619,Indya Handbag - Handbags,Bags & Footwear,Handbags,Indya,859,765,11,4.1,4695,Limited Stock,Seller_934,https://images.meesho.com/images/products/1000619/1_512.jpg,https://www.meesho.com/product/1000619,High quality handbag from Indya. Perfect for daily wear.,3,Free Size,Polyester,True,7 days,6 days,2025-08-31T21:35:19.370470,category/bags-&-footwear,meesho_complete_dataset_20250902_213519.json
MEESHO_1000620,Roadster Ethnic Suit - Toys & Games,Toys & Games,Toys & Games,Roadster,2975,2499,16,3.1,4750,Out of Stock,Seller_813,https://images.meesho.com/images/products/1000620/1_512.jpg,https://www.meesho.com/product/1000620,High quality ethnic suit from Roadster. Perfect for daily wear.,8,Free Size,Cotton,False,7 days,8 days,2025-08-04T21:35:19.370478,category/toys-&-games,meesho_complete_dataset_20250902_213519.json
MEESHO_1000621,Varanga Face Cream - Backpacks,Bags & Footwear,Backpacks,Varanga,1467,689,53,4.4,57,Out of Stock,Seller_864,https://images.meesho.com/images/products/1000621/1_512.jpg,https://www.meesho.com/product/1000621,High quality face cream from Varanga. Perfect for daily wear.,1,One Size,Polyester,False,No return,4 days,2025-08-28T21:35:19.370483,category/bags-&-footwear,meesho_complete_dataset_20250902_213519.json
MEESHO_1000622,Roadster Jewelry Set - Storage,Home & Kitchen,Storage,Roadster,1767,1149,35,3.8,4379,In Stock,Seller_241,https://images.meesho.com/images/products/1000622/1_512.jpg,https://www.meesho.com/product/1000622,High quality jewelry set from Roadster. Perfect for daily wear.,8,"28,30,32,34",Polyester,True,15 days,7 days,2025-08-07T21:35:19.370489,category/home-&-kitchen,meesho_complete_dataset_20250902_213519.json
MEESHO_1000623,Soch Hair Oil - Tops,Women Clothing,Tops,Soch,2545,1909,25,3.7,3289,In Stock,Seller_194,https://images.meesho.com/images/products/1000623/1_512.jpg,https://www.meesho.com/product/1000623,High quality hair oil from Soch. Perfect for daily wear.,4,"S,M,L,XL",Polyester,False,15 days,6 days,2025-08-11T21:35:19.370495,category/women-clothing,meesho_complete_dataset_20250902_213519.json
MEESHO_1000624,Varanga Hair Oil - Watches,Accessories,Watches,Varanga,105,37,65,3.3,497,Limited Stock,Seller_402,https://images.meesho.com/images/products/1000624/1_512.jpg,https://www.meesho.com/product/1000624,High quality hair oil from Varanga. Perfect for daily wear.,3,Free Size,Cotton Blend,True,15 days,10 days,2025-08-19T21:35:19.370500,category/accessories,meesho_complete_dataset_20250902_213519.json
MEESHO_1000625,Janasya Kitchen Set - Toys & Games,Toys & Games,Toys & Games,Janasya,2496,1872,25,4.4,326,Out of Stock,Seller_534,https://images.meesho.com/images/products/1000625/1_512.jpg,https://www.meesho.com/product/1000625,High quality kitchen set from Janasya. Perfect for daily wear.,6,One Size,Polyester,True,No return,4 days,2025-09-01T21:35:19.370506,category/toys-&-games,meesho_complete_dataset_20250902_213519.json
MEESHO_1000626,HERE&NOW Bedsheet Set - Handbags,Bags & Footwear,Handbags,HERE&NOW,377,249,34,3.1,528,Out of Stock,Seller_47,https://images.meesho.com/images/products/1000626/1_512.jpg,https://www.meesho.com/product/1000626,High quality bedsheet set from HERE&NOW. Perfect for daily wear.,2,"28,30,32,34",Cotton,True,15 days,10 days,2025-08-09T21:35:19.370513,category/bags-&-footwear,meesho_complete_dataset_20250902_213519.json
MEESHO_1000627,SASSAFRAS Wall Clock - Dresses,Women Clothing,Dresses,SASSAFRAS,2260,904,60,4.0,3905,Out of Stock,Seller_171,https://images.meesho.com/images/products/1000627/1_512.jpg,https://www.meesho.com/product/1000627,High quality wall clock from SASSAFRAS. Perfect for daily wear.,3,"28,30,32,34",Cotton Blend,False,No return,8 days,2025-08-19T21:35:19.370519,category/women-clothing,meesho_complete_dataset_20250902_213519.json
MEESHO_1000628,Anouk Casual Dress - Ethnic Wear,Men Clothing,Ethnic Wear,Anouk,502,422,16,4.5,4991,In Stock,Seller_869,https://images.meesho.com/images/products/1000628/1_512.jpg,https://www.meesho.com/product/1000628,High quality casual dress from Anouk. Perfect for daily wear.,5,"S,M,L,XL",Silk,True,No return,3 days,2025-08-17T21:35:19.370525,category/men-clothing,meesho_complete_dataset_20250902_213519.json
MEESHO_1000629,GoSriKi Ethnic Suit - Hair Care,Beauty & Health,Hair Care,GoSriKi,1204,650,46,3.2,4606,Limited Stock,Seller_491,https://images.meesho.com/images/products/1000629/1_512.jpg,https://www.meesho.com/product/1000629,High quality ethnic suit from GoSriKi. Perfect for daily wear.,2,Free Size,Cotton Blend,False,7 days,3 days,2025-09-01T21:35:19.370531,category/beauty-&-health,meesho_complete_dataset_20250902_213519.json
MEESHO_1000630,GoSriKi Bedsheet Set - Cleaning,Home & Kitchen,Cleaning,GoSriKi,2542,1627,36,3.2,3554,Out of Stock,Seller_960,https://images.meesho.com/images/products/1000630/1_512.jpg,https://www.meesho.com/product/1000630,High quality bedsheet set from GoSriKi. Perfect for daily wear.,5,"28,30,32,34",Cotton Blend,True,No return,8 days,2025-08-07T21:35:19.370537,category/home-&-kitchen,meesho_complete_dataset_20250902_213519.json
MEESHO_1000631,Indya Mobile Cover - Wallets,Bags & Footwear,Wallets,Indya,2413,2051,15,3.2,1074,Out of Stock,Seller_569,https://images.meesho.com/images/products/1000631/1_512.jpg,https://www.meesho.com/product/1000631,High quality mobile cover from Indya. Perfect for daily wear.,6,One Size,Silk,False,7 days,4 days,2025-08-19T21:35:19.370542,category/bags-&-footwear,meesho_complete_dataset_20250902_213519.json
MEESHO_1000632,Varanga Bedsheet Set - Automotive,Automotive,Automotive,Varanga,2414,1593,34,3.8,3822,Out of Stock,Seller_144,https://images.meesho.com/images/products/1000632/1_512.jpg,https://www.meesho.com/product/1000632,High quality bedsheet set from Varanga. Perfect for daily wear.,6,One Size,Rayon,False,15 days,3 days,2025-08-26T21:35:19.370550,category/automotive,meesho_complete_dataset_20250902_213519.json
MEESHO_1000633,Libas Bedsheet Set - Books,Books,Books,Libas,1612,1306,19,4.7,1088,Limited Stock,Seller_502,https://images.meesho.com/images/products/1000633/1_512.jpg,https://www.meesho.com/product/1000633,High quality bedsheet set from Libas. Perfect for daily wear.,2,"28,30,32,34",Cotton,True,No return,10 days,2025-08-17T21:35:19.370556,category/books,meesho_complete_dataset_20250902_213519.json
MEESHO_1000634,Roadster Kids T-Shirt - Kurtas,Women Clothing,Kurtas,Roadster,1105,398,64,3.9,3569,Out of Stock,Seller_853,https://images.meesho.com/images/products/1000634/1_512.jpg,https://www.meesho.com/product/1000634,High quality kids t-shirt from Roadster. Perfect for daily wear.,7,Free Size,Rayon,False,15 days,5 days,2025-08-12T21:35:19.370561,category/women-clothing,meesho_complete_dataset_20250902_213519.json
MEESHO_1000635,Mast & Harbour Kids T-Shirt - Toys & Games,Toys & Games,Toys & Games,Mast & Harbour,921,507,45,3.4,4931,In Stock,Seller_795,https://images.meesho.com/images/products/1000635/1_512.jpg,https://www.meesho.com/product/1000635,High quality kids t-shirt from Mast & Harbour. Perfect for daily wear.,8,"S,M,L,XL",Polyester,True,15 days,10 days,2025-08-16T21:35:19.370567,category/toys-&-games,meesho_complete_dataset_20250902_213519.json
MEESHO_1000636,Anouk Handbag - Storage,Home & Kitchen,Storage,Anouk,455,396,13,3.6,3089,In Stock,Seller_221,https://images.meesho.com/images/products/1000636/1_512.jpg,https://www.meesho.com/product/1000636,High quality handbag from Anouk. Perfect for daily wear.,8,One Size,Silk,False,15 days,6 days,2025-09-02T21:35:19.370573,category/home-&-kitchen,meesho_complete_dataset_20250902_213519.json
MEESHO_1000637,Sangria Jewelry Set - Headphones,Electronics,Headphones,Sangria,883,530,40,4.3,3347,Limited Stock,Seller_926,https://images.meesho.com/images/products/1000637/1_512.jpg,https://www.meesho.com/product/1000637,High quality jewelry set from Sangria. Perfect for daily wear.,7,Free Size,Rayon,True,7 days,7 days,2025-08-27T21:35:19.370579,category/electronics,meesho_complete_dataset_20250902_213519.json
MEESHO_1000638,Anouk Running Shoes - T-Shirts,Men Clothing,T-Shirts,Anouk,1992,1056,47,4.1,3387,In Stock,Seller_900,https://images.meesho.com/images/products/1000638/1_512.jpg,https://www.meesho.com/product/1000638,High quality running shoes from Anouk. Perfect for daily wear.,6,"S,M,L,XL",Silk,True,15 days,7 days,2025-08-10T21:35:19.370585,category/men-clothing,meesho_complete_dataset_20250902_213519.json
MEESHO_1000639,Aks Wall Clock - Automotive,Automotive,Automotive,Aks,2623,2334,11,3.7,2314,Out of Stock,Seller_512,https://images.meesho.com/images/products/1000639/1_512.jpg,https://www.meesho.com/product/1000639,High quality wall clock from Aks. Perfect for daily wear.,2,"28,30,32,34",Silk,False,7 days,5 days,2025-08-28T21:35:19.370591,category/automotive,meesho_complete_dataset_20250902_213519.json
MEESHO_1000640,Aks Hair Oil - Storage,Home & Kitchen,Storage,Aks,169,59,65,3.8,4807,Out of Stock,Seller_369,https://images.meesho.com/images/products/1000640/1_512.jpg,https://www.meesho.com/product/1000640,High quality hair oil from Aks. Perfect for daily wear.,6,"S,M,L,XL",Cotton,True,15 days,8 days,2025-08-27T21:35:19.370596,category/home-&-kitchen,meesho_complete_dataset_20250902_213519.json
MEESHO_1000641,Libas Casual Dress - Home Decor,Home & Kitchen,Home Decor,Libas,2890,2456,15,4.8,4413,Limited Stock,Seller_420,https://images.meesho.com/images/products/1000641/1_512.jpg,https://www.meesho.com/product/1000641,High quality casual dress from Libas. Perfect for daily wear.,1,"28,30,32,34",Cotton,False,7 days,7 days,2025-08-18T21:35:19.370602,category/home-&-kitchen,meesho_complete_dataset_20250902_213519.json
MEESHO_1000642,DressBerry Handbag - Girls Clothing,Kids Clothing,Girls Clothing,DressBerry,2495,923,63,3.1,648,Limited Stock,Seller_578,https://images.meesho.com/images/products/1000642/1_512.jpg,https://www.meesho.com/product/1000642,High quality handbag from DressBerry. Perfect for daily wear.,2,Free Size,Cotton,True,No return,8 days,2025-08-24T21:35:19.370608,category/kids-clothing,meesho_complete_dataset_20250902_213519.json
MEESHO_1000643,Anouk Printed Saree - Sunglasses,Accessories,Sunglasses,Anouk,2445,880,64,4.4,3838,In Stock,Seller_976,https://images.meesho.com/images/products/1000643/1_512.jpg,https://www.meesho.com/product/1000643,High quality printed saree from Anouk. Perfect for daily wear.,1,One Size,Polyester,False,7 days,8 days,2025-09-02T21:35:19.370614,category/accessories,meesho_complete_dataset_20250902_213519.json
MEESHO_1000644,Aks Casual Dress - Skincare,Beauty & Health,Skincare,Aks,1215,923,24,4.3,900,Limited Stock,Seller_446,https://images.meesho.com/images/products/1000644/1_512.jpg,https://www.meesho.com/product/1000644,High quality casual dress from Aks. Perfect for daily wear.,2,One Size,Rayon,True,No return,5 days,2025-08-27T21:35:19.370619,category/beauty-&-health,meesho_complete_dataset_20250902_213519.json
MEESHO_1000645,Vishudh Jewelry Set - Toys & Games,Toys & Games,Toys & Games,Vishudh,2530,1392,45,3.5,4586,Limited Stock,Seller_918,https://images.meesho.com/images/products/1000645/1_512.jpg,https://www.meesho.com/product/1000645,High quality jewelry set from Vishudh. Perfect for daily wear.,1,"S,M,L,XL",Cotton Blend,False,No return,5 days,2025-08-14T21:35:19.370625,category/toys-&-games,meesho_complete_dataset_20250902_213519.json
MEESHO_1000646,Global Desi Hair Oil - Health Supplements,Beauty & Health,Health Supplements,Global Desi,226,88,61,3.5,2771,Limited Stock,Seller_846,https://images.meesho.com/images/products/1000646/1_512.jpg,https://www.meesho.com/product/1000646,High quality hair oil from Global Desi. Perfect for daily wear.,3,One Size,Cotton Blend,True,15 days,8 days,2025-08-15T21:35:19.370631,category/beauty-&-health,meesho_complete_dataset_20250902_213519.json
MEESHO_1000647,Janasya Denim Jeans - Kitchen Appliances,Home & Kitchen,Kitchen Appliances,Janasya,2855,1570,45,3.6,2121,Limited Stock,Seller_96,https://images.meesho.com/images/products/1000647/1_512.jpg,https://www.meesho.com/product/1000647,High quality denim jeans from Janasya. Perfect for daily wear.,7,One Size,Cotton,True,7 days,8 days,2025-08-24T21:35:19.370637,category/home-&-kitchen,meesho_complete_dataset_20250902_213519.json
MEESHO_1000648,Soch Face Cream - Sports & Fitness,Sports & Fitness,Sports & Fitness,Soch,2936,2085,29,4.6,628,In Stock,Seller_123,https://images.meesho.com/images/products/1000648/1_512.jpg,https://www.meesho.com/product/1000648,High quality face cream from Soch. Perfect for daily wear.,1,Free Size,Silk,True,No return,10 days,2025-08-10T21:35:19.370644,category/sports-&-fitness,meesho_complete_dataset_20250902_213519.json
MEESHO_1000649,Soch Kids T-Shirt - Books,Books,Books,Soch,1061,849,20,4.8,1035,Limited Stock,Seller_762,https://images.meesho.com/images/products/1000649/1_512.jpg,https://www.meesho.com/product/1000649,High quality kids t-shirt from Soch. Perfect for daily wear.,4,"S,M,L,XL",Polyester,False,7 days,5 days,2025-08-15T21:35:19.370650,category/books,meesho_complete_dataset_20250902_213519.json
MEESHO_1000650,Varanga Cotton Kurti - Home Decor,Home & Kitchen,Home Decor,Varanga,1981,1050,47,4.4,2566,Out of Stock,Seller_875,https://images.meesho.com/images/products/1000650/1_512.jpg,https://www.meesho.com/product/1000650,High quality cotton kurti from Varanga. Perfect for daily wear.,2,Free Size,Polyester,True,No return,10 days,2025-08-22T21:35:19.370656,category/home-&-kitchen,meesho_complete_dataset_20250902_213519.json
MEESHO_1000651,Vishudh Casual Dress - Toys & Games,Toys & Games,Toys & Games,Vishudh,1530,597,61,4.2,3308,Out of Stock,Seller_612,https://images.meesho.com/images/products/1000651/1_512.jpg,https://www.meesho.com/product/1000651,High quality casual dress from Vishudh. Perfect for daily wear.,6,"S,M,L,XL",Silk,True,No return,3 days,2025-08-15T21:35:19.370662,category/toys-&-games,meesho_complete_dataset_20250902_213519.json
MEESHO_1000652,Varanga Formal Shirt - Books,Books,Books,Varanga,2181,1745,20,4.5,2366,Limited Stock,Seller_808,https://images.meesho.com/images/products/1000652/1_512.jpg,https://www.meesho.com/product/1000652,High quality formal shirt from Varanga. Perfect for daily wear.,5,One Size,Cotton Blend,False,7 days,5 days,2025-08-21T21:35:19.370668,category/books,meesho_complete_dataset_20250902_213519.json
MEESHO_1000653,SASSAFRAS Jewelry Set - Makeup,Beauty & Health,Makeup,SASSAFRAS,2477,1437,42,4.1,753,Out of Stock,Seller_210,https://images.meesho.com/images/products/1000653/1_512.jpg,https://www.meesho.com/product/1000653,High quality jewelry set from SASSAFRAS. Perfect for daily wear.,5,"S,M,L,XL",Cotton Blend,True,7 days,6 days,2025-08-17T21:35:19.370673,category/beauty-&-health,meesho_complete_dataset_20250902_213519.json
MEESHO_1000654,Soch Ethnic Suit - Books,Books,Books,Soch,2381,1786,25,3.4,1810,In Stock,Seller_481,https://images.meesho.com/images/products/1000654/1_512.jpg,https://www.meesho.com/product/1000654,High quality ethnic suit from Soch. Perfect for daily wear.,1,"S,M,L,XL",Silk,False,7 days,5 days,2025-08-07T21:35:19.370679,category/books,meesho_complete_dataset_20250902_213519.json
MEESHO_1000655,SASSAFRAS Cotton Kurti - Books,Books,Books,SASSAFRAS,1511,756,50,3.8,1270,Limited Stock,Seller_612,https://images.meesho.com/images/products/1000655/1_512.jpg,https://www.meesho.com/product/1000655,High quality cotton kurti from SASSAFRAS. Perfect for daily wear.,5,Free Size,Cotton Blend,True,15 days,4 days,2025-08-28T21:35:19.370685,category/books,meesho_complete_dataset_20250902_213519.json
MEESHO_1000656,DressBerry Cotton Kurti - Casual Wear,Men Clothing,Casual Wear,DressBerry,444,262,41,3.4,2818,In Stock,Seller_4,https://images.meesho.com/images/products/1000656/1_512.jpg,https://www.meesho.com/product/1000656,High quality cotton kurti from DressBerry. Perfect for daily wear.,2,"28,30,32,34",Rayon,False,7 days,7 days,2025-08-30T21:35:19.370690,category/men-clothing,meesho_complete_dataset_20250902_213519.json
MEESHO_1000657,Global Desi Mobile Cover - Books,Books,Books,Global Desi,2823,2061,27,4.7,4917,Out of Stock,Seller_706,https://images.meesho.com/images/products/1000657/1_512.jpg,https://www.meesho.com/product/1000657,High quality mobile cover from Global Desi. Perfect for daily wear.,2,Free Size,Cotton,True,No return,4 days,2025-08-26T21:35:19.370696,category/books,meesho_complete_dataset_20250902_213519.json
MEESHO_1000658,Mast & Harbour Denim Jeans - Books,Books,Books,Mast & Harbour,1226,466,62,3.8,886,In Stock,Seller_524,https://images.meesho.com/images/products/1000658/1_512.jpg,https://www.meesho.com/product/1000658,High quality denim jeans from Mast & Harbour. Perfect for daily wear.,7,"28,30,32,34",Silk,True,7 days,6 days,2025-08-31T21:35:19.370702,category/books,meesho_complete_dataset_20250902_213519.json
MEESHO_1000659,Global Desi Hair Oil - Ethnic Wear,Men Clothing,Ethnic Wear,Global Desi,249,219,12,4.2,1498,Limited Stock,Seller_332,https://images.meesho.com/images/products/1000659/1_512.jpg,https://www.meesho.com/product/1000659,High quality hair oil from Global Desi. Perfect for daily wear.,6,One Size,Rayon,True,7 days,4 days,2025-08-16T21:35:19.370708,category/men-clothing,meesho_complete_dataset_20250902_213519.json
MEESHO_1000660,Indya Mobile Cover - Books,Books,Books,Indya,2717,1630,40,4.6,1559,Out of Stock,Seller_9,https://images.meesho.com/images/products/1000660/1_512.jpg,https://www.meesho.com/product/1000660,High quality mobile cover from Indya. Perfect for daily wear.,1,"S,M,L,XL",Silk,True,15 days,3 days,2025-08-17T21:35:19.370714,category/books,meesho_complete_dataset_20250902_213519.json
MEESHO_1000661,Anouk Jewelry Set - Jeans,Men Clothing,Jeans,Anouk,1416,1020,28,3.7,3712,Limited Stock,Seller_77,https://images.meesho.com/images/products/1000661/1_512.jpg,https://www.meesho.com/product/1000661,High quality jewelry set from Anouk. Perfect for daily wear.,5,One Size,Cotton,False,15 days,6 days,2025-08-11T21:35:19.370719,category/men-clothing,meesho_complete_dataset_20250902_213519.json
MEESHO_1000662,Global Desi Printed Saree - Skincare,Beauty & Health,Skincare,Global Desi,623,530,15,3.5,3530,Limited Stock,Seller_239,https://images.meesho.com/images/products/1000662/1_512.jpg,https://www.meesho.com/product/1000662,High quality printed saree from Global Desi. Perfect for daily wear.,2,Free Size,Silk,False,15 days,8 days,2025-08-24T21:35:19.370726,category/beauty-&-health,meesho_complete_dataset_20250902_213519.json
MEESHO_1000663,Anouk Face Cream - Toys & Games,Toys & Games,Toys & Games,Anouk,317,260,18,3.3,2316,In Stock,Seller_979,https://images.meesho.com/images/products/1000663/1_512.jpg,https://www.meesho.com/product/1000663,High quality face cream from Anouk. Perfect for daily wear.,5,One Size,Silk,True,15 days,7 days,2025-08-17T21:35:19.370733,category/toys-&-games,meesho_complete_dataset_20250902_213519.json
MEESHO_1000664,Libas Printed Saree - School Uniforms,Kids Clothing,School Uniforms,Libas,189,104,45,3.8,4271,Out of Stock,Seller_688,https://images.meesho.com/images/products/1000664/1_512.jpg,https://www.meesho.com/product/1000664,High quality printed saree from Libas. Perfect for daily wear.,2,One Size,Cotton,False,15 days,7 days,2025-08-30T21:35:19.370739,category/kids-clothing,meesho_complete_dataset_20250902_213519.json
MEESHO_1000665,Janasya Running Shoes - Headphones,Electronics,Headphones,Janasya,2039,1020,50,3.6,1717,In Stock,Seller_961,https://images.meesho.com/images/products/1000665/1_512.jpg,https://www.meesho.com/product/1000665,High quality running shoes from Janasya. Perfect for daily wear.,7,"S,M,L,XL",Rayon,False,No return,4 days,2025-08-08T21:35:19.370746,category/electronics,meesho_complete_dataset_20250902_213519.json
MEESHO_1000666,Aks Kids T-Shirt - Sports & Fitness,Sports & Fitness,Sports & Fitness,Aks,1524,549,64,3.7,4347,Limited Stock,Seller_513,https://images.meesho.com/images/products/1000666/1_512.jpg,https://www.meesho.com/product/1000666,High quality kids t-shirt from Aks. Perfect for daily wear.,7,One Size,Rayon,True,15 days,7 days,2025-08-09T21:35:19.370752,category/sports-&-fitness,meesho_complete_dataset_20250902_213519.json
MEESHO_1000667,Anouk Wall Clock - Sports & Fitness,Sports & Fitness,Sports & Fitness,Anouk,554,305,45,4.7,906,Limited Stock,Seller_282,https://images.meesho.com/images/products/1000667/1_512.jpg,https://www.meesho.com/product/1000667,High quality wall clock from Anouk. Perfect for daily wear.,3,Free Size,Silk,True,7 days,10 days,2025-08-09T21:35:19.370758,category/sports-&-fitness,meesho_complete_dataset_20250902_213519.json
MEESHO_1000668,Varanga Mobile Cover - Books,Books,Books,Varanga,1549,1146,26,3.8,2408,In Stock,Seller_951,https://images.meesho.com/images/products/1000668/1_512.jpg,https://www.meesho.com/product/1000668,High quality mobile cover from Varanga. Perfect for daily wear.,3,"28,30,32,34",Cotton,False,7 days,3 days,2025-08-21T21:35:19.370763,category/books,meesho_complete_dataset_20250902_213519.json
MEESHO_1000669,Vishudh Kids T-Shirt - Sports & Fitness,Sports & Fitness,Sports & Fitness,Vishudh,1985,1191,40,3.8,1715,In Stock,Seller_32,https://images.meesho.com/images/products/1000669/1_512.jpg,https://www.meesho.com/product/1000669,High quality kids t-shirt from Vishudh. Perfect for daily wear.,6,Free Size,Cotton Blend,False,7 days,6 days,2025-09-01T21:35:19.370770,category/sports-&-fitness,meesho_complete_dataset_20250902_213519.json
MEESHO_1000670,Indya Handbag - Sports & Fitness,Sports & Fitness,Sports & Fitness,Indya,341,225,34,4.7,1257,In Stock,Seller_209,https://images.meesho.com/images/products/1000670/1_512.jpg,https://www.meesho.com/product/1000670,High quality handbag from Indya. Perfect for daily wear.,4,One Size,Cotton Blend,False,15 days,6 days,2025-08-16T21:35:19.370776,category/sports-&-fitness,meesho_complete_dataset_20250902_213519.json
MEESHO_1000671,Mast & Harbour Printed Saree - Storage,Home & Kitchen,Storage,Mast & Harbour,767,314,59,3.3,2294,Out of Stock,Seller_517,https://images.meesho.com/images/products/1000671/1_512.jpg,https://www.meesho.com/product/1000671,High quality printed saree from Mast & Harbour. Perfect for daily wear.,4,"S,M,L,XL",Silk,True,7 days,8 days,2025-08-17T21:35:19.370782,category/home-&-kitchen,meesho_complete_dataset_20250902_213519.json
MEESHO_1000672,Janasya Cotton Kurti - Books,Books,Books,Janasya,1245,1046,16,3.5,3976,Out of Stock,Seller_405,https://images.meesho.com/images/products/1000672/1_512.jpg,https://www.meesho.com/product/1000672,High quality cotton kurti from Janasya. Perfect for daily wear.,8,"S,M,L,XL",Rayon,False,7 days,6 days,2025-08-09T21:35:19.370787,category/books,meesho_complete_dataset_20250902_213519.json
MEESHO_1000673,Sangria Cotton Kurti - Automotive,Automotive,Automotive,Sangria,210,126,40,3.3,2616,Out of Stock,Seller_920,https://images.meesho.com/images/products/1000673/1_512.jpg,https://www.meesho.com/product/1000673,High quality cotton kurti from Sangria. Perfect for daily wear.,8,"S,M,L,XL",Rayon,True,7 days,7 days,2025-08-14T21:35:19.370793,category/automotive,meesho_complete_dataset_20250902_213519.json
MEESHO_1000674,Sangria Mobile Cover - Suits,Women Clothing,Suits,Sangria,2085,1605,23,3.2,4552,Limited Stock,Seller_526,https://images.meesho.com/images/products/1000674/1_512.jpg,https://www.meesho.com/product/1000674,High quality mobile cover from Sangria. Perfect for daily wear.,1,One Size,Silk,True,No return,5 days,2025-08-31T21:35:19.370799,category/women-clothing,meesho_complete_dataset_20250902_213519.json
MEESHO_1000675,Manthan Denim Jeans - Personal Care,Beauty & Health,Personal Care,Manthan,310,205,34,3.4,3502,Out of Stock,Seller_467,https://images.meesho.com/images/products/1000675/1_512.jpg,https://www.meesho.com/product/1000675,High quality denim jeans from Manthan. Perfect for daily wear.,7,Free Size,Cotton Blend,True,15 days,6 days,2025-08-31T21:35:19.370805,category/beauty-&-health,meesho_complete_dataset_20250902_213519.json
MEESHO_1000676,Roadster Ethnic Suit - Baby Clothing,Kids Clothing,Baby Clothing,Roadster,1247,661,47,3.3,702,Limited Stock,Seller_983,https://images.meesho.com/images/products/1000676/1_512.jpg,https://www.meesho.com/product/1000676,High quality ethnic suit from Roadster. Perfect for daily wear.,2,One Size,Silk,False,No return,8 days,2025-08-17T21:35:19.370811,category/kids-clothing,meesho_complete_dataset_20250902_213519.json
MEESHO_1000677,Mast & Harbour Running Shoes - Sports & Fitness,Sports & Fitness,Sports & Fitness,Mast & Harbour,1159,475,59,3.5,2325,In Stock,Seller_692,https://images.meesho.com/images/products/1000677/1_512.jpg,https://www.meesho.com/product/1000677,High quality running shoes from Mast & Harbour. Perfect for daily wear.,5,"S,M,L,XL",Rayon,False,7 days,3 days,2025-09-02T21:35:19.370817,category/sports-&-fitness,meesho_complete_dataset_20250902_213519.json
MEESHO_1000678,GoSriKi Mobile Cover - Toys & Games,Toys & Games,Toys & Games,GoSriKi,1891,1172,38,3.6,1089,Limited Stock,Seller_859,https://images.meesho.com/images/products/1000678/1_512.jpg,https://www.meesho.com/product/1000678,High quality mobile cover from GoSriKi. Perfect for daily wear.,5,Free Size,Silk,True,15 days,9 days,2025-09-01T21:35:19.370822,category/toys-&-games,meesho_complete_dataset_20250902_213519.json
MEESHO_1000679,Janasya Wall Clock - Watches,Accessories,Watches,Janasya,565,401,29,3.3,4197,In Stock,Seller_108,https://images.meesho.com/images/products/1000679/1_512.jpg,https://www.meesho.com/product/1000679,High quality wall clock from Janasya. Perfect for daily wear.,3,One Size,Polyester,True,No return,3 days,2025-08-06T21:35:19.370828,category/accessories,meesho_complete_dataset_20250902_213519.json
MEESHO_1000680,Aks Jewelry Set - Sarees,Women Clothing,Sarees,Aks,2799,840,70,3.5,1787,In Stock,Seller_40,https://images.meesho.com/images/products/1000680/1_512.jpg,https://www.meesho.com/product/1000680,High quality jewelry set from Aks. Perfect for daily wear.,4,"28,30,32,34",Cotton Blend,False,No return,5 days,2025-08-10T21:35:19.370834,category/women-clothing,meesho_complete_dataset_20250902_213519.json
MEESHO_1000681,Janasya Ethnic Suit - Toys & Games,Toys & Games,Toys & Games,Janasya,2729,1501,45,3.5,4984,In Stock,Seller_214,https://images.meesho.com/images/products/1000681/1_512.jpg,https://www.meesho.com/product/1000681,High quality ethnic suit from Janasya. Perfect for daily wear.,3,Free Size,Silk,True,15 days,8 days,2025-08-15T21:35:19.370840,category/toys-&-games,meesho_complete_dataset_20250902_213519.json
MEESHO_1000682,Libas Denim Jeans - Sports & Fitness,Sports & Fitness,Sports & Fitness,Libas,2202,1784,19,4.5,3954,In Stock,Seller_644,https://images.meesho.com/images/products/1000682/1_512.jpg,https://www.meesho.com/product/1000682,High quality denim jeans from Libas. Perfect for daily wear.,6,"28,30,32,34",Silk,True,No return,3 days,2025-08-05T21:35:19.370846,category/sports-&-fitness,meesho_complete_dataset_20250902_213519.json
MEESHO_1000683,Roadster Cotton Kurti - Bedding,Home & Kitchen,Bedding,Roadster,2416,1087,55,3.9,68,Limited Stock,Seller_646,https://images.meesho.com/images/products/1000683/1_512.jpg,https://www.meesho.com/product/1000683,High quality cotton kurti from Roadster. Perfect for daily wear.,7,Free Size,Cotton,True,7 days,8 days,2025-08-24T21:35:19.370852,category/home-&-kitchen,meesho_complete_dataset_20250902_213519.json
MEESHO_1000684,DressBerry Jewelry Set - Books,Books,Books,DressBerry,2490,1668,33,3.0,3926,Out of Stock,Seller_478,https://images.meesho.com/images/products/1000684/1_512.jpg,https://www.meesho.com/product/1000684,High quality jewelry set from DressBerry. Perfect for daily wear.,6,One Size,Cotton Blend,True,7 days,7 days,2025-08-11T21:35:19.370858,category/books,meesho_complete_dataset_20250902_213519.json
MEESHO_1000685,Roadster Printed Saree - Toys & Games,Toys & Games,Toys & Games,Roadster,1037,477,54,4.0,2821,Limited Stock,Seller_925,https://images.meesho.com/images/products/1000685/1_512.jpg,https://www.meesho.com/product/1000685,High quality printed saree from Roadster. Perfect for daily wear.,8,"S,M,L,XL",Silk,False,No return,9 days,2025-08-25T21:35:19.370864,category/toys-&-games,meesho_complete_dataset_20250902_213519.json
MEESHO_1000686,Aks Jewelry Set - Personal Care,Beauty & Health,Personal Care,Aks,1202,361,70,4.4,516,In Stock,Seller_594,https://images.meesho.com/images/products/1000686/1_512.jpg,https://www.meesho.com/product/1000686,High quality jewelry set from Aks. Perfect for daily wear.,6,"28,30,32,34",Rayon,True,15 days,4 days,2025-08-10T21:35:19.370869,category/beauty-&-health,meesho_complete_dataset_20250902_213519.json
MEESHO_1000687,Mast & Harbour Bedsheet Set - Hair Accessories,Accessories,Hair Accessories,Mast & Harbour,1096,975,11,3.2,2732,Limited Stock,Seller_792,https://images.meesho.com/images/products/1000687/1_512.jpg,https://www.meesho.com/product/1000687,High quality bedsheet set from Mast & Harbour. Perfect for daily wear.,7,Free Size,Rayon,False,No return,7 days,2025-08-26T21:35:19.370875,category/accessories,meesho_complete_dataset_20250902_213519.json
MEESHO_1000688,GoSriKi Casual Dress - Books,Books,Books,GoSriKi,2842,2416,15,4.0,165,In Stock,Seller_228,https://images.meesho.com/images/products/1000688/1_512.jpg,https://www.meesho.com/product/1000688,High quality casual dress from GoSriKi. Perfect for daily wear.,1,"S,M,L,XL",Cotton,False,15 days,8 days,2025-08-28T21:35:19.370909,category/books,meesho_complete_dataset_20250902_213519.json
MEESHO_1000689,Vishudh Handbag - Kurtas,Women Clothing,Kurtas,Vishudh,1917,1514,21,3.1,2531,Limited Stock,Seller_604,https://images.meesho.com/images/products/1000689/1_512.jpg,https://www.meesho.com/product/1000689,High quality handbag from Vishudh. Perfect for daily wear.,8,Free Size,Cotton,True,7 days,10 days,2025-08-14T21:35:19.370915,category/women-clothing,meesho_complete_dataset_20250902_213519.json
MEESHO_1000690,Janasya Handbag - Cleaning,Home & Kitchen,Cleaning,Janasya,2773,1303,53,3.3,1767,Limited Stock,Seller_974,https://images.meesho.com/images/products/1000690/1_512.jpg,https://www.meesho.com/product/1000690,High quality handbag from Janasya. Perfect for daily wear.,4,"28,30,32,34",Polyester,True,No return,6 days,2025-08-13T21:35:19.370922,category/home-&-kitchen,meesho_complete_dataset_20250902_213519.json
MEESHO_1000691,Mast & Harbour Cotton Kurti - Mobile Accessories,Electronics,Mobile Accessories,Mast & Harbour,1322,648,51,4.0,2204,Limited Stock,Seller_758,https://images.meesho.com/images/products/1000691/1_512.jpg,https://www.meesho.com/product/1000691,High quality cotton kurti from Mast & Harbour. Perfect for daily wear.,1,"28,30,32,34",Cotton,False,7 days,9 days,2025-08-13T21:35:19.370928,category/electronics,meesho_complete_dataset_20250902_213519.json
MEESHO_1000692,DressBerry Bedsheet Set - Toys & Games,Toys & Games,Toys & Games,DressBerry,1190,488,59,3.4,2225,Limited Stock,Seller_486,https://images.meesho.com/images/products/1000692/1_512.jpg,https://www.meesho.com/product/1000692,High quality bedsheet set from DressBerry. Perfect for daily wear.,7,One Size,Polyester,True,15 days,5 days,2025-08-16T21:35:19.370934,category/toys-&-games,meesho_complete_dataset_20250902_213519.json
MEESHO_1000693,DressBerry Cotton Kurti - Watches,Accessories,Watches,DressBerry,720,475,34,4.5,3685,Out of Stock,Seller_589,https://images.meesho.com/images/products/1000693/1_512.jpg,https://www.meesho.com/product/1000693,High quality cotton kurti from DressBerry. Perfect for daily wear.,5,One Size,Cotton,True,15 days,6 days,2025-08-29T21:35:19.370939,category/accessories,meesho_complete_dataset_20250902_213519.json
MEESHO_1000694,DressBerry Casual Dress - Boys Clothing,Kids Clothing,Boys Clothing,DressBerry,2841,2472,13,3.5,3184,In Stock,Seller_483,https://images.meesho.com/images/products/1000694/1_512.jpg,https://www.meesho.com/product/1000694,High quality casual dress from DressBerry. Perfect for daily wear.,1,One Size,Cotton,False,No return,5 days,2025-08-12T21:35:19.370945,category/kids-clothing,meesho_complete_dataset_20250902_213519.json
MEESHO_1000695,Janasya Kitchen Set - Backpacks,Bags & Footwear,Backpacks,Janasya,1431,787,45,4.0,1549,In Stock,Seller_234,https://images.meesho.com/images/products/1000695/1_512.jpg,https://www.meesho.com/product/1000695,High quality kitchen set from Janasya. Perfect for daily wear.,6,Free Size,Silk,False,No return,3 days,2025-08-28T21:35:19.370951,category/bags-&-footwear,meesho_complete_dataset_20250902_213519.json
MEESHO_1000696,DressBerry Casual Dress - Skincare,Beauty & Health,Skincare,DressBerry,1996,1178,41,4.5,1815,In Stock,Seller_659,https://images.meesho.com/images/products/1000696/1_512.jpg,https://www.meesho.com/product/1000696,High quality casual dress from DressBerry. Perfect for daily wear.,5,"S,M,L,XL",Polyester,True,15 days,6 days,2025-08-13T21:35:19.370957,category/beauty-&-health,meesho_complete_dataset_20250902_213519.json
MEESHO_1000697,Manthan Cotton Kurti - Toys & Games,Toys & Games,Toys & Games,Manthan,1105,409,63,3.4,1777,In Stock,Seller_868,https://images.meesho.com/images/products/1000697/1_512.jpg,https://www.meesho.com/product/1000697,High quality cotton kurti from Manthan. Perfect for daily wear.,8,"28,30,32,34",Polyester,True,15 days,10 days,2025-08-12T21:35:19.370963,category/toys-&-games,meesho_complete_dataset_20250902_213519.json
MEESHO_1000698,Janasya Ethnic Suit - Mobile Accessories,Electronics,Mobile Accessories,Janasya,2714,977,64,3.8,2000,Out of Stock,Seller_73,https://images.meesho.com/images/products/1000698/1_512.jpg,https://www.meesho.com/product/1000698,High quality ethnic suit from Janasya. Perfect for daily wear.,5,One Size,Polyester,True,7 days,10 days,2025-08-23T21:35:19.370968,category/electronics,meesho_complete_dataset_20250902_213519.json
MEESHO_1000699,Soch Printed Saree - Sports & Fitness,Sports & Fitness,Sports & Fitness,Soch,2554,1149,55,3.9,2822,Out of Stock,Seller_111,https://images.meesho.com/images/products/1000699/1_512.jpg,https://www.meesho.com/product/1000699,High quality printed saree from Soch. Perfect for daily wear.,5,"28,30,32,34",Silk,True,No return,8 days,2025-08-17T21:35:19.370974,category/sports-&-fitness,meesho_complete_dataset_20250902_213519.json
MEESHO_1000700,Roadster Denim Jeans - Toys & Games,Toys & Games,Toys & Games,Roadster,706,261,63,4.0,3011,In Stock,Seller_480,https://images.meesho.com/images/products/1000700/1_512.jpg,https://www.meesho.com/product/1000700,High quality denim jeans from Roadster. Perfect for daily wear.,1,Free Size,Cotton Blend,True,7 days,10 days,2025-08-21T21:35:19.370980,category/toys-&-games,meesho_complete_dataset_20250902_213519.json
MEESHO_1000701,Sangria Denim Jeans - Sports & Fitness,Sports & Fitness,Sports & Fitness,Sangria,1565,1017,35,3.1,442,Out of Stock,Seller_895,https://images.meesho.com/images/products/1000701/1_512.jpg,https://www.meesho.com/product/1000701,High quality denim jeans from Sangria. Perfect for daily wear.,4,"S,M,L,XL",Cotton,True,No return,4 days,2025-08-05T21:35:19.370986,category/sports-&-fitness,meesho_complete_dataset_20250902_213519.json
MEESHO_1000702,DressBerry Cotton Kurti - Sandals,Bags & Footwear,Sandals,DressBerry,2028,730,64,4.4,1236,In Stock,Seller_797,https://images.meesho.com/images/products/1000702/1_512.jpg,https://www.meesho.com/product/1000702,High quality cotton kurti from DressBerry. Perfect for daily wear.,2,One Size,Rayon,False,15 days,4 days,2025-08-30T21:35:19.370992,category/bags-&-footwear,meesho_complete_dataset_20250902_213519.json
MEESHO_1000703,Indya Printed Saree - Ethnic Wear,Women Clothing,Ethnic Wear,Indya,1241,596,52,3.1,844,Limited Stock,Seller_395,https://images.meesho.com/images/products/1000703/1_512.jpg,https://www.meesho.com/product/1000703,High quality printed saree from Indya. Perfect for daily wear.,6,"S,M,L,XL",Silk,False,No return,4 days,2025-08-25T21:35:19.370998,category/women-clothing,meesho_complete_dataset_20250902_213519.json
MEESHO_1000704,Janasya Formal Shirt - Automotive,Automotive,Automotive,Janasya,1387,666,52,4.1,2748,Out of Stock,Seller_711,https://images.meesho.com/images/products/1000704/1_512.jpg,https://www.meesho.com/product/1000704,High quality formal shirt from Janasya. Perfect for daily wear.,3,Free Size,Polyester,False,7 days,10 days,2025-08-05T21:35:19.371003,category/automotive,meesho_complete_dataset_20250902_213519.json
MEESHO_1000705,Libas Formal Shirt - Jeans,Men Clothing,Jeans,Libas,662,305,54,4.3,4687,Limited Stock,Seller_523,https://images.meesho.com/images/products/1000705/1_512.jpg,https://www.meesho.com/product/1000705,High quality formal shirt from Libas. Perfect for daily wear.,5,Free Size,Cotton,False,No return,7 days,2025-08-15T21:35:19.371009,category/men-clothing,meesho_complete_dataset_20250902_213519.json
MEESHO_1000706,Roadster Formal Shirt - Tops,Women Clothing,Tops,Roadster,1359,938,31,3.9,810,In Stock,Seller_273,https://images.meesho.com/images/products/1000706/1_512.jpg,https://www.meesho.com/product/1000706,High quality formal shirt from Roadster. Perfect for daily wear.,2,"S,M,L,XL",Polyester,False,No return,8 days,2025-08-31T21:35:19.371015,category/women-clothing,meesho_complete_dataset_20250902_213519.json
MEESHO_1000707,Indya Hair Oil - Jeans,Men Clothing,Jeans,Indya,122,68,44,4.4,4549,In Stock,Seller_509,https://images.meesho.com/images/products/1000707/1_512.jpg,https://www.meesho.com/product/1000707,High quality hair oil from Indya. Perfect for daily wear.,4,Free Size,Cotton,True,15 days,7 days,2025-08-18T21:35:19.371021,category/men-clothing,meesho_complete_dataset_20250902_213519.json
MEESHO_1000708,Aks Kids T-Shirt - Toys & Games,Toys & Games,Toys & Games,Aks,215,159,26,3.9,1932,Out of Stock,Seller_843,https://images.meesho.com/images/products/1000708/1_512.jpg,https://www.meesho.com/product/1000708,High quality kids t-shirt from Aks. Perfect for daily wear.,2,One Size,Rayon,True,15 days,9 days,2025-08-30T21:35:19.371027,category/toys-&-games,meesho_complete_dataset_20250902_213519.json
MEESHO_1000709,SASSAFRAS Jewelry Set - Headphones,Electronics,Headphones,SASSAFRAS,2892,1735,40,3.1,518,Limited Stock,Seller_808,https://images.meesho.com/images/products/1000709/1_512.jpg,https://www.meesho.com/product/1000709,High quality jewelry set from SASSAFRAS. Perfect for daily wear.,1,"S,M,L,XL",Cotton,False,15 days,3 days,2025-08-11T21:35:19.371032,category/electronics,meesho_complete_dataset_20250902_213519.json
MEESHO_1000710,Global Desi Jewelry Set - Sports & Fitness,Sports & Fitness,Sports & Fitness,Global Desi,456,146,68,3.1,1976,Limited Stock,Seller_492,https://images.meesho.com/images/products/1000710/1_512.jpg,https://www.meesho.com/product/1000710,High quality jewelry set from Global Desi. Perfect for daily wear.,7,One Size,Cotton Blend,True,No return,3 days,2025-08-31T21:35:19.371038,category/sports-&-fitness,meesho_complete_dataset_20250902_213519.json
MEESHO_1000711,Varanga Ethnic Suit - Ethnic Wear,Men Clothing,Ethnic Wear,Varanga,514,396,23,4.4,2050,Limited Stock,Seller_631,https://images.meesho.com/images/products/1000711/1_512.jpg,https://www.meesho.com/product/1000711,High quality ethnic suit from Varanga. Perfect for daily wear.,6,One Size,Silk,True,No return,4 days,2025-08-17T21:35:19.371044,category/men-clothing,meesho_complete_dataset_20250902_213519.json
MEESHO_1000712,SASSAFRAS Kitchen Set - Jewelry,Accessories,Jewelry,SASSAFRAS,2913,1340,54,4.3,1139,Limited Stock,Seller_632,https://images.meesho.com/images/products/1000712/1_512.jpg,https://www.meesho.com/product/1000712,High quality kitchen set from SASSAFRAS. Perfect for daily wear.,1,"S,M,L,XL",Polyester,False,7 days,7 days,2025-08-11T21:35:19.371052,category/accessories,meesho_complete_dataset_20250902_213519.json
MEESHO_1000713,Manthan Casual Dress - Boys Clothing,Kids Clothing,Boys Clothing,Manthan,1484,861,42,4.2,3041,Out of Stock,Seller_870,https://images.meesho.com/images/products/1000713/1_512.jpg,https://www.meesho.com/product/1000713,High quality casual dress from Manthan. Perfect for daily wear.,8,"S,M,L,XL",Rayon,True,15 days,6 days,2025-08-16T21:35:19.371058,category/kids-clothing,meesho_complete_dataset_20250902_213519.json
MEESHO_1000714,Manthan Face Cream - Ethnic Wear,Women Clothing,Ethnic Wear,Manthan,1625,1381,15,3.3,3945,Limited Stock,Seller_995,https://images.meesho.com/images/products/1000714/1_512.jpg,https://www.meesho.com/product/1000714,High quality face cream from Manthan. Perfect for daily wear.,6,"28,30,32,34",Rayon,True,15 days,7 days,2025-08-28T21:35:19.371063,category/women-clothing,meesho_complete_dataset_20250902_213519.json
MEESHO_1000715,Soch Wall Clock - Kurtas,Women Clothing,Kurtas,Soch,1746,925,47,4.3,1724,In Stock,Seller_310,https://images.meesho.com/images/products/1000715/1_512.jpg,https://www.meesho.com/product/1000715,High quality wall clock from Soch. Perfect for daily wear.,3,"S,M,L,XL",Cotton Blend,True,7 days,5 days,2025-08-20T21:35:19.371069,category/women-clothing,meesho_complete_dataset_20250902_213519.json
MEESHO_1000716,SASSAFRAS Formal Shirt - Handbags,Bags & Footwear,Handbags,SASSAFRAS,2686,1289,52,3.9,4377,In Stock,Seller_606,https://images.meesho.com/images/products/1000716/1_512.jpg,https://www.meesho.com/product/1000716,High quality formal shirt from SASSAFRAS. Perfect for daily wear.,3,"28,30,32,34",Rayon,True,No return,7 days,2025-08-28T21:35:19.371075,category/bags-&-footwear,meesho_complete_dataset_20250902_213519.json
MEESHO_1000717,Janasya Ethnic Suit - Backpacks,Bags & Footwear,Backpacks,Janasya,1227,847,31,4.4,819,In Stock,Seller_176,https://images.meesho.com/images/products/1000717/1_512.jpg,https://www.meesho.com/product/1000717,High quality ethnic suit from Janasya. Perfect for daily wear.,8,One Size,Polyester,False,15 days,3 days,2025-08-27T21:35:19.371081,category/bags-&-footwear,meesho_complete_dataset_20250902_213519.json
MEESHO_1000718,Sangria Face Cream - Baby Clothing,Kids Clothing,Baby Clothing,Sangria,1956,1252,36,3.6,750,In Stock,Seller_924,https://images.meesho.com/images/products/1000718/1_512.jpg,https://www.meesho.com/product/1000718,High quality face cream from Sangria. Perfect for daily wear.,6,"S,M,L,XL",Polyester,True,7 days,5 days,2025-08-21T21:35:19.371087,category/kids-clothing,meesho_complete_dataset_20250902_213519.json
MEESHO_1000719,Global Desi Ethnic Suit - Bedding,Home & Kitchen,Bedding,Global Desi,2499,1899,24,3.2,4410,Out of Stock,Seller_488,https://images.meesho.com/images/products/1000719/1_512.jpg,https://www.meesho.com/product/1000719,High quality ethnic suit from Global Desi. Perfect for daily wear.,1,Free Size,Rayon,False,7 days,10 days,2025-08-17T21:35:19.371093,category/home-&-kitchen,meesho_complete_dataset_20250902_213519.json
MEESHO_1000720,Sangria Face Cream - Watches,Accessories,Watches,Sangria,2763,1326,52,3.7,1924,In Stock,Seller_443,https://images.meesho.com/images/products/1000720/1_512.jpg,https://www.meesho.com/product/1000720,High quality face cream from Sangria. Perfect for daily wear.,4,One Size,Silk,True,7 days,6 days,2025-08-19T21:35:19.371098,category/accessories,meesho_complete_dataset_20250902_213519.json
MEESHO_1000721,Janasya Hair Oil - Toys & Games,Toys & Games,Toys & Games,Janasya,1930,714,63,4.1,1478,In Stock,Seller_796,https://images.meesho.com/images/products/1000721/1_512.jpg,https://www.meesho.com/product/1000721,High quality hair oil from Janasya. Perfect for daily wear.,1,"28,30,32,34",Cotton Blend,True,15 days,9 days,2025-09-02T21:35:19.371104,category/toys-&-games,meesho_complete_dataset_20250902_213519.json
MEESHO_1000722,Roadster Mobile Cover - Books,Books,Books,Roadster,2915,2361,19,3.8,112,Out of Stock,Seller_677,https://images.meesho.com/images/products/1000722/1_512.jpg,https://www.meesho.com/product/1000722,High quality mobile cover from Roadster. Perfect for daily wear.,8,Free Size,Silk,False,No return,7 days,2025-09-01T21:35:19.371110,category/books,meesho_complete_dataset_20250902_213519.json
MEESHO_1000723,HERE&NOW Mobile Cover - Cleaning,Home & Kitchen,Cleaning,HERE&NOW,2490,2017,19,3.2,2724,In Stock,Seller_947,https://images.meesho.com/images/products/1000723/1_512.jpg,https://www.meesho.com/product/1000723,High quality mobile cover from HERE&NOW. Perfect for daily wear.,6,One Size,Silk,True,No return,6 days,2025-08-20T21:35:19.371116,category/home-&-kitchen,meesho_complete_dataset_20250902_213519.json
MEESHO_1000724,GoSriKi Casual Dress - Storage,Home & Kitchen,Storage,GoSriKi,1698,1324,22,3.2,2223,Limited Stock,Seller_281,https://images.meesho.com/images/products/1000724/1_512.jpg,https://www.meesho.com/product/1000724,High quality casual dress from GoSriKi. Perfect for daily wear.,6,"28,30,32,34",Silk,True,7 days,7 days,2025-08-11T21:35:19.371122,category/home-&-kitchen,meesho_complete_dataset_20250902_213519.json
MEESHO_1000725,GoSriKi Running Shoes - Books,Books,Books,GoSriKi,1384,609,56,3.4,3915,In Stock,Seller_337,https://images.meesho.com/images/products/1000725/1_512.jpg,https://www.meesho.com/product/1000725,High quality running shoes from GoSriKi. Perfect for daily wear.,6,"S,M,L,XL",Polyester,True,No return,5 days,2025-08-28T21:35:19.371127,category/books,meesho_complete_dataset_20250902_213519.json
MEESHO_1000726,Varanga Mobile Cover - Kurtas,Men Clothing,Kurtas,Varanga,609,304,50,3.9,2964,Out of Stock,Seller_619,https://images.meesho.com/images/products/1000726/1_512.jpg,https://www.meesho.com/product/1000726,High quality mobile cover from Varanga. Perfect for daily wear.,6,"S,M,L,XL",Cotton,False,7 days,9 days,2025-08-08T21:35:19.371133,category/men-clothing,meesho_complete_dataset_20250902_213519.json
MEESHO_1000727,Soch Denim Jeans - Toys & Games,Toys & Games,Toys & Games,Soch,2478,1586,36,4.1,1659,In Stock,Seller_988,https://images.meesho.com/images/products/1000727/1_512.jpg,https://www.meesho.com/product/1000727,High quality denim jeans from Soch. Perfect for daily wear.,1,"S,M,L,XL",Cotton Blend,False,15 days,8 days,2025-08-10T21:35:19.371142,category/toys-&-games,meesho_complete_dataset_20250902_213519.json
MEESHO_1000728,Global Desi Running Shoes - Books,Books,Books,Global Desi,2212,1327,40,4.0,2518,In Stock,Seller_767,https://images.meesho.com/images/products/1000728/1_512.jpg,https://www.meesho.com/product/1000728,High quality running shoes from Global Desi. Perfect for daily wear.,4,One Size,Cotton,False,No return,10 days,2025-08-30T21:35:19.371150,category/books,meesho_complete_dataset_20250902_213519.json
MEESHO_1000729,MIMOSA Printed Saree - Books,Books,Books,MIMOSA,873,410,53,3.8,77,Limited Stock,Seller_108,https://images.meesho.com/images/products/1000729/1_512.jpg,https://www.meesho.com/product/1000729,High quality printed saree from MIMOSA. Perfect for daily wear.,6,"28,30,32,34",Polyester,True,15 days,9 days,2025-08-29T21:35:19.371158,category/books,meesho_complete_dataset_20250902_213519.json
MEESHO_1000730,Aks Printed Saree - Kurtas,Women Clothing,Kurtas,Aks,1285,450,65,3.9,1808,In Stock,Seller_244,https://images.meesho.com/images/products/1000730/1_512.jpg,https://www.meesho.com/product/1000730,High quality printed saree from Aks. Perfect for daily wear.,5,"S,M,L,XL",Cotton Blend,True,No return,6 days,2025-08-06T21:35:19.371166,category/women-clothing,meesho_complete_dataset_20250902_213519.json
MEESHO_1000731,Manthan Denim Jeans - Ethnic Wear,Women Clothing,Ethnic Wear,Manthan,641,494,23,3.6,3404,Out of Stock,Seller_222,https://images.meesho.com/images/products/1000731/1_512.jpg,https://www.meesho.com/product/1000731,High quality denim jeans from Manthan. Perfect for daily wear.,8,"28,30,32,34",Cotton Blend,False,No return,8 days,2025-08-14T21:35:19.371175,category/women-clothing,meesho_complete_dataset_20250902_213519.json
MEESHO_1000732,Vishudh Formal Shirt - Health Supplements,Beauty & Health,Health Supplements,Vishudh,1385,1163,16,4.4,1377,In Stock,Seller_947,https://images.meesho.com/images/products/1000732/1_512.jpg,https://www.meesho.com/product/1000732,High quality formal shirt from Vishudh. Perfect for daily wear.,2,"28,30,32,34",Silk,True,15 days,9 days,2025-08-30T21:35:19.371183,category/beauty-&-health,meesho_complete_dataset_20250902_213519.json
MEESHO_1000733,HERE&NOW Handbag - Baby Clothing,Kids Clothing,Baby Clothing,HERE&NOW,1053,548,48,4.0,1449,In Stock,Seller_213,https://images.meesho.com/images/products/1000733/1_512.jpg,https://www.meesho.com/product/1000733,High quality handbag from HERE&NOW. Perfect for daily wear.,8,One Size,Rayon,True,No return,3 days,2025-08-27T21:35:19.371196,category/kids-clothing,meesho_complete_dataset_20250902_213519.json
MEESHO_1000734,Vishudh Mobile Cover - T-Shirts,Men Clothing,T-Shirts,Vishudh,2345,1806,23,4.3,1689,Limited Stock,Seller_826,https://images.meesho.com/images/products/1000734/1_512.jpg,https://www.meesho.com/product/1000734,High quality mobile cover from Vishudh. Perfect for daily wear.,7,"S,M,L,XL",Cotton,True,No return,3 days,2025-08-13T21:35:19.371213,category/men-clothing,meesho_complete_dataset_20250902_213519.json
MEESHO_1000735,DressBerry Casual Dress - Books,Books,Books,DressBerry,2711,2386,12,4.7,2382,Limited Stock,Seller_998,https://images.meesho.com/images/products/1000735/1_512.jpg,https://www.meesho.com/product/1000735,High quality casual dress from DressBerry. Perfect for daily wear.,8,"28,30,32,34",Cotton Blend,True,No return,6 days,2025-08-14T21:35:19.371231,category/books,meesho_complete_dataset_20250902_213519.json
MEESHO_1000736,Varanga Face Cream - Tops,Women Clothing,Tops,Varanga,1239,904,27,3.0,2591,Out of Stock,Seller_401,https://images.meesho.com/images/products/1000736/1_512.jpg,https://www.meesho.com/product/1000736,High quality face cream from Varanga. Perfect for daily wear.,4,"S,M,L,XL",Polyester,True,7 days,5 days,2025-08-25T21:35:19.371241,category/women-clothing,meesho_complete_dataset_20250902_213519.json
MEESHO_1000737,SASSAFRAS Ethnic Suit - Bedding,Home & Kitchen,Bedding,SASSAFRAS,391,348,11,4.2,3578,Limited Stock,Seller_997,https://images.meesho.com/images/products/1000737/1_512.jpg,https://www.meesho.com/product/1000737,High quality ethnic suit from SASSAFRAS. Perfect for daily wear.,1,One Size,Cotton,True,7 days,4 days,2025-08-17T21:35:19.371248,category/home-&-kitchen,meesho_complete_dataset_20250902_213519.json
MEESHO_1000738,Indya Kids T-Shirt - Jewelry,Accessories,Jewelry,Indya,2278,2027,11,3.1,394,Out of Stock,Seller_965,https://images.meesho.com/images/products/1000738/1_512.jpg,https://www.meesho.com/product/1000738,High quality kids t-shirt from Indya. Perfect for daily wear.,3,Free Size,Rayon,False,15 days,6 days,2025-08-26T21:35:19.371257,category/accessories,meesho_complete_dataset_20250902_213519.json
MEESHO_1000739,Vishudh Face Cream - Hair Accessories,Accessories,Hair Accessories,Vishudh,850,323,62,3.7,1671,In Stock,Seller_504,https://images.meesho.com/images/products/1000739/1_512.jpg,https://www.meesho.com/product/1000739,High quality face cream from Vishudh. Perfect for daily wear.,6,Free Size,Polyester,False,7 days,3 days,2025-08-13T21:35:19.371265,category/accessories,meesho_complete_dataset_20250902_213519.json
MEESHO_1000740,Roadster Bedsheet Set - Baby Clothing,Kids Clothing,Baby Clothing,Roadster,2035,834,59,4.8,1998,In Stock,Seller_198,https://images.meesho.com/images/products/1000740/1_512.jpg,https://www.meesho.com/product/1000740,High quality bedsheet set from Roadster. Perfect for daily wear.,5,"28,30,32,34",Polyester,True,No return,7 days,2025-08-17T21:35:19.371272,category/kids-clothing,meesho_complete_dataset_20250902_213519.json
MEESHO_1000741,Mast & Harbour Casual Dress - Automotive,Automotive,Automotive,Mast & Harbour,1538,738,52,4.5,2062,Out of Stock,Seller_38,https://images.meesho.com/images/products/1000741/1_512.jpg,https://www.meesho.com/product/1000741,High quality casual dress from Mast & Harbour. Perfect for daily wear.,4,"S,M,L,XL",Cotton Blend,True,15 days,9 days,2025-09-01T21:35:19.371279,category/automotive,meesho_complete_dataset_20250902_213519.json
MEESHO_1000742,GoSriKi Formal Shirt - Automotive,Automotive,Automotive,GoSriKi,954,658,31,4.7,1800,Out of Stock,Seller_427,https://images.meesho.com/images/products/1000742/1_512.jpg,https://www.meesho.com/product/1000742,High quality formal shirt from GoSriKi. Perfect for daily wear.,1,One Size,Rayon,False,15 days,3 days,2025-08-10T21:35:19.371286,category/automotive,meesho_complete_dataset_20250902_213519.json
MEESHO_1000743,Manthan Kids T-Shirt - Books,Books,Books,Manthan,1702,851,50,3.5,642,Limited Stock,Seller_207,https://images.meesho.com/images/products/1000743/1_512.jpg,https://www.meesho.com/product/1000743,High quality kids t-shirt from Manthan. Perfect for daily wear.,4,"S,M,L,XL",Polyester,True,No return,6 days,2025-08-05T21:35:19.371292,category/books,meesho_complete_dataset_20250902_213519.json
MEESHO_1000744,SASSAFRAS Kitchen Set - Gadgets,Electronics,Gadgets,SASSAFRAS,1477,1241,16,3.4,4547,In Stock,Seller_62,https://images.meesho.com/images/products/1000744/1_512.jpg,https://www.meesho.com/product/1000744,High quality kitchen set from SASSAFRAS. Perfect for daily wear.,4,"28,30,32,34",Polyester,True,15 days,10 days,2025-08-13T21:35:19.371299,category/electronics,meesho_complete_dataset_20250902_213519.json
MEESHO_1000745,HERE&NOW Hair Oil - Ethnic Wear,Men Clothing,Ethnic Wear,HERE&NOW,1205,639,47,3.8,556,In Stock,Seller_929,https://images.meesho.com/images/products/1000745/1_512.jpg,https://www.meesho.com/product/1000745,High quality hair oil from HERE&NOW. Perfect for daily wear.,4,"28,30,32,34",Cotton Blend,True,15 days,3 days,2025-08-25T21:35:19.371306,category/men-clothing,meesho_complete_dataset_20250902_213519.json
MEESHO_1000746,DressBerry Denim Jeans - School Uniforms,Kids Clothing,School Uniforms,DressBerry,2274,1865,18,4.5,1753,In Stock,Seller_590,https://images.meesho.com/images/products/1000746/1_512.jpg,https://www.meesho.com/product/1000746,High quality denim jeans from DressBerry. Perfect for daily wear.,4,Free Size,Cotton Blend,True,7 days,10 days,2025-08-03T21:35:19.371313,category/kids-clothing,meesho_complete_dataset_20250902_213519.json
MEESHO_1000747,Aks Wall Clock - Headphones,Electronics,Headphones,Aks,499,250,50,3.5,3567,Out of Stock,Seller_124,https://images.meesho.com/images/products/1000747/1_512.jpg,https://www.meesho.com/product/1000747,High quality wall clock from Aks. Perfect for daily wear.,2,One Size,Rayon,True,7 days,9 days,2025-08-25T21:35:19.371320,category/electronics,meesho_complete_dataset_20250902_213519.json
MEESHO_1000748,Vishudh Running Shoes - Dresses,Women Clothing,Dresses,Vishudh,1662,1097,34,4.7,2203,Out of Stock,Seller_171,https://images.meesho.com/images/products/1000748/1_512.jpg,https://www.meesho.com/product/1000748,High quality running shoes from Vishudh. Perfect for daily wear.,8,"28,30,32,34",Cotton,False,7 days,4 days,2025-08-28T21:35:19.371326,category/women-clothing,meesho_complete_dataset_20250902_213519.json
MEESHO_1000749,GoSriKi Wall Clock - Backpacks,Bags & Footwear,Backpacks,GoSriKi,974,662,32,3.1,2994,In Stock,Seller_471,https://images.meesho.com/images/products/1000749/1_512.jpg,https://www.meesho.com/product/1000749,High quality wall clock from GoSriKi. Perfect for daily wear.,7,One Size,Rayon,True,7 days,3 days,2025-08-08T21:35:19.371333,category/bags-&-footwear,meesho_complete_dataset_20250902_213519.json
MEESHO_1000750,SASSAFRAS Printed Saree - Ethnic Wear,Women Clothing,Ethnic Wear,SASSAFRAS,2016,1512,25,3.3,70,In Stock,Seller_213,https://images.meesho.com/images/products/1000750/1_512.jpg,https://www.meesho.com/product/1000750,High quality printed saree from SASSAFRAS. Perfect for daily wear.,6,Free Size,Rayon,False,7 days,4 days,2025-08-15T21:35:19.371343,category/women-clothing,meesho_complete_dataset_20250902_213519.json
MEESHO_1000751,GoSriKi Kitchen Set - Boys Clothing,Kids Clothing,Boys Clothing,GoSriKi,2708,1408,48,3.8,1290,Limited Stock,Seller_750,https://images.meesho.com/images/products/1000751/1_512.jpg,https://www.meesho.com/product/1000751,High quality kitchen set from GoSriKi. Perfect for daily wear.,3,"S,M,L,XL",Silk,False,7 days,6 days,2025-08-27T21:35:19.371349,category/kids-clothing,meesho_complete_dataset_20250902_213519.json
MEESHO_1000752,HERE&NOW Jewelry Set - Watches,Accessories,Watches,HERE&NOW,2332,1889,19,3.6,3888,In Stock,Seller_558,https://images.meesho.com/images/products/1000752/1_512.jpg,https://www.meesho.com/product/1000752,High quality jewelry set from HERE&NOW. Perfect for daily wear.,2,Free Size,Cotton Blend,False,15 days,10 days,2025-08-09T21:35:19.371356,category/accessories,meesho_complete_dataset_20250902_213519.json
MEESHO_1000753,Varanga Wall Clock - T-Shirts,Men Clothing,T-Shirts,Varanga,2137,1111,48,3.5,2858,In Stock,Seller_612,https://images.meesho.com/images/products/1000753/1_512.jpg,https://www.meesho.com/product/1000753,High quality wall clock from Varanga. Perfect for daily wear.,3,"28,30,32,34",Cotton Blend,False,15 days,7 days,2025-08-14T21:35:19.371362,category/men-clothing,meesho_complete_dataset_20250902_213519.json
MEESHO_1000754,HERE&NOW Face Cream - Skincare,Beauty & Health,Skincare,HERE&NOW,2422,1453,40,3.7,720,In Stock,Seller_773,https://images.meesho.com/images/products/1000754/1_512.jpg,https://www.meesho.com/product/1000754,High quality face cream from HERE&NOW. Perfect for daily wear.,7,Free Size,Rayon,False,No return,6 days,2025-08-12T21:35:19.371370,category/beauty-&-health,meesho_complete_dataset_20250902_213519.json
MEESHO_1000755,HERE&NOW Bedsheet Set - Chargers,Electronics,Chargers,HERE&NOW,459,151,67,4.4,2891,In Stock,Seller_89,https://images.meesho.com/images/products/1000755/1_512.jpg,https://www.meesho.com/product/1000755,High quality bedsheet set from HERE&NOW. Perfect for daily wear.,3,"S,M,L,XL",Polyester,True,15 days,3 days,2025-08-28T21:35:19.371377,category/electronics,meesho_complete_dataset_20250902_213519.json
MEESHO_1000756,MIMOSA Denim Jeans - School Uniforms,Kids Clothing,School Uniforms,MIMOSA,1722,1068,38,4.2,452,Out of Stock,Seller_884,https://images.meesho.com/images/products/1000756/1_512.jpg,https://www.meesho.com/product/1000756,High quality denim jeans from MIMOSA. Perfect for daily wear.,5,One Size,Rayon,False,7 days,5 days,2025-08-14T21:35:19.371383,category/kids-clothing,meesho_complete_dataset_20250902_213519.json
MEESHO_1000757,HERE&NOW Kitchen Set - Tops,Women Clothing,Tops,HERE&NOW,500,440,12,4.3,1129,Limited Stock,Seller_435,https://images.meesho.com/images/products/1000757/1_512.jpg,https://www.meesho.com/product/1000757,High quality kitchen set from HERE&NOW. Perfect for daily wear.,7,"28,30,32,34",Cotton,True,No return,6 days,2025-08-05T21:35:19.371390,category/women-clothing,meesho_complete_dataset_20250902_213519.json
MEESHO_1000758,GoSriKi Jewelry Set - Baby Clothing,Kids Clothing,Baby Clothing,GoSriKi,2439,1829,25,4.1,2774,In Stock,Seller_951,https://images.meesho.com/images/products/1000758/1_512.jpg,https://www.meesho.com/product/1000758,High quality jewelry set from GoSriKi. Perfect for daily wear.,6,"28,30,32,34",Cotton,False,No return,3 days,2025-08-12T21:35:19.371396,category/kids-clothing,meesho_complete_dataset_20250902_213519.json
MEESHO_1000759,Sangria Mobile Cover - Baby Clothing,Kids Clothing,Baby Clothing,Sangria,2685,832,69,3.0,3629,Limited Stock,Seller_883,https://images.meesho.com/images/products/1000759/1_512.jpg,https://www.meesho.com/product/1000759,High quality mobile cover from Sangria. Perfect for daily wear.,3,"28,30,32,34",Rayon,False,No return,10 days,2025-08-16T21:35:19.371403,category/kids-clothing,meesho_complete_dataset_20250902_213519.json
MEESHO_1000760,Sangria Face Cream - Sports & Fitness,Sports & Fitness,Sports & Fitness,Sangria,280,224,20,3.7,4030,In Stock,Seller_18,https://images.meesho.com/images/products/1000760/1_512.jpg,https://www.meesho.com/product/1000760,High quality face cream from Sangria. Perfect for daily wear.,8,Free Size,Cotton Blend,True,No return,4 days,2025-08-25T21:35:19.371409,category/sports-&-fitness,meesho_complete_dataset_20250902_213519.json
MEESHO_1000761,SASSAFRAS Kids T-Shirt - Wallets,Bags & Footwear,Wallets,SASSAFRAS,1938,988,49,4.0,1739,In Stock,Seller_573,https://images.meesho.com/images/products/1000761/1_512.jpg,https://www.meesho.com/product/1000761,High quality kids t-shirt from SASSAFRAS. Perfect for daily wear.,7,"S,M,L,XL",Polyester,True,7 days,6 days,2025-08-21T21:35:19.371420,category/bags-&-footwear,meesho_complete_dataset_20250902_213519.json
MEESHO_1000762,MIMOSA Denim Jeans - Kitchen Appliances,Home & Kitchen,Kitchen Appliances,MIMOSA,2949,2566,13,3.6,1536,In Stock,Seller_337,https://images.meesho.com/images/products/1000762/1_512.jpg,https://www.meesho.com/product/1000762,High quality denim jeans from MIMOSA. Perfect for daily wear.,4,"28,30,32,34",Silk,False,7 days,7 days,2025-08-22T21:35:19.371426,category/home-&-kitchen,meesho_complete_dataset_20250902_213519.json
MEESHO_1000763,DressBerry Face Cream - Jewelry,Accessories,Jewelry,DressBerry,944,557,41,3.8,1679,Out of Stock,Seller_364,https://images.meesho.com/images/products/1000763/1_512.jpg,https://www.meesho.com/product/1000763,High quality face cream from DressBerry. Perfect for daily wear.,4,Free Size,Cotton Blend,False,No return,5 days,2025-08-14T21:35:19.371433,category/accessories,meesho_complete_dataset_20250902_213519.json
MEESHO_1000764,MIMOSA Bedsheet Set - Dresses,Women Clothing,Dresses,MIMOSA,2324,1487,36,4.8,120,In Stock,Seller_225,https://images.meesho.com/images/products/1000764/1_512.jpg,https://www.meesho.com/product/1000764,High quality bedsheet set from MIMOSA. Perfect for daily wear.,5,"S,M,L,XL",Cotton,True,15 days,9 days,2025-08-15T21:35:19.371439,category/women-clothing,meesho_complete_dataset_20250902_213519.json
MEESHO_1000765,Manthan Denim Jeans - Watches,Accessories,Watches,Manthan,2925,1609,45,4.0,1751,In Stock,Seller_124,https://images.meesho.com/images/products/1000765/1_512.jpg,https://www.meesho.com/product/1000765,High quality denim jeans from Manthan. Perfect for daily wear.,1,One Size,Cotton,True,7 days,4 days,2025-08-17T21:35:19.371446,category/accessories,meesho_complete_dataset_20250902_213519.json
MEESHO_1000766,Libas Bedsheet Set - Jeans,Men Clothing,Jeans,Libas,2724,1525,44,4.7,321,Limited Stock,Seller_964,https://images.meesho.com/images/products/1000766/1_512.jpg,https://www.meesho.com/product/1000766,High quality bedsheet set from Libas. Perfect for daily wear.,6,Free Size,Silk,False,No return,4 days,2025-08-05T21:35:19.371454,category/men-clothing,meesho_complete_dataset_20250902_213519.json
MEESHO_1000767,Vishudh Kitchen Set - Storage,Home & Kitchen,Storage,Vishudh,1356,963,29,3.8,2755,Limited Stock,Seller_322,https://images.meesho.com/images/products/1000767/1_512.jpg,https://www.meesho.com/product/1000767,High quality kitchen set from Vishudh. Perfect for daily wear.,1,"28,30,32,34",Cotton,False,7 days,3 days,2025-08-08T21:35:19.371461,category/home-&-kitchen,meesho_complete_dataset_20250902_213519.json
MEESHO_1000768,Mast & Harbour Bedsheet Set - Books,Books,Books,Mast & Harbour,990,683,31,3.4,2589,In Stock,Seller_795,https://images.meesho.com/images/products/1000768/1_512.jpg,https://www.meesho.com/product/1000768,High quality bedsheet set from Mast & Harbour. Perfect for daily wear.,6,Free Size,Polyester,True,No return,3 days,2025-08-05T21:35:19.371468,category/books,meesho_complete_dataset_20250902_213519.json
MEESHO_1000769,Mast & Harbour Kitchen Set - Health Supplements,Beauty & Health,Health Supplements,Mast & Harbour,710,440,38,3.2,3452,In Stock,Seller_523,https://images.meesho.com/images/products/1000769/1_512.jpg,https://www.meesho.com/product/1000769,High quality kitchen set from Mast & Harbour. Perfect for daily wear.,3,"28,30,32,34",Rayon,False,7 days,6 days,2025-08-07T21:35:19.371474,category/beauty-&-health,meesho_complete_dataset_20250902_213519.json
MEESHO_1000770,Anouk Kids T-Shirt - Sunglasses,Accessories,Sunglasses,Anouk,2193,877,60,3.9,617,In Stock,Seller_969,https://images.meesho.com/images/products/1000770/1_512.jpg,https://www.meesho.com/product/1000770,High quality kids t-shirt from Anouk. Perfect for daily wear.,1,One Size,Polyester,True,No return,3 days,2025-08-28T21:35:19.371481,category/accessories,meesho_complete_dataset_20250902_213519.json
MEESHO_1000771,Mast & Harbour Handbag - Storage,Home & Kitchen,Storage,Mast & Harbour,1399,839,40,3.1,4005,In Stock,Seller_287,https://images.meesho.com/images/products/1000771/1_512.jpg,https://www.meesho.com/product/1000771,High quality handbag from Mast & Harbour. Perfect for daily wear.,8,One Size,Rayon,False,15 days,9 days,2025-08-19T21:35:19.371490,category/home-&-kitchen,meesho_complete_dataset_20250902_213519.json
MEESHO_1000772,MIMOSA Kitchen Set - Automotive,Automotive,Automotive,MIMOSA,173,112,35,3.2,2655,In Stock,Seller_123,https://images.meesho.com/images/products/1000772/1_512.jpg,https://www.meesho.com/product/1000772,High quality kitchen set from MIMOSA. Perfect for daily wear.,3,"S,M,L,XL",Cotton,True,15 days,4 days,2025-08-20T21:35:19.371497,category/automotive,meesho_complete_dataset_20250902_213519.json
MEESHO_1000773,Roadster Kitchen Set - Hair Accessories,Accessories,Hair Accessories,Roadster,2223,1289,42,3.3,1857,Limited Stock,Seller_729,https://images.meesho.com/images/products/1000773/1_512.jpg,https://www.meesho.com/product/1000773,High quality kitchen set from Roadster. Perfect for daily wear.,4,"28,30,32,34",Silk,False,7 days,5 days,2025-08-06T21:35:19.371504,category/accessories,meesho_complete_dataset_20250902_213519.json
MEESHO_1000774,GoSriKi Cotton Kurti - Boys Clothing,Kids Clothing,Boys Clothing,GoSriKi,1896,702,63,3.3,2800,Limited Stock,Seller_272,https://images.meesho.com/images/products/1000774/1_512.jpg,https://www.meesho.com/product/1000774,High quality cotton kurti from GoSriKi. Perfect for daily wear.,5,Free Size,Cotton,False,15 days,10 days,2025-09-01T21:35:19.371511,category/kids-clothing,meesho_complete_dataset_20250902_213519.json
MEESHO_1000775,Sangria Bedsheet Set - Kitchen Appliances,Home & Kitchen,Kitchen Appliances,Sangria,2654,2229,16,4.3,4743,Limited Stock,Seller_374,https://images.meesho.com/images/products/1000775/1_512.jpg,https://www.meesho.com/product/1000775,High quality bedsheet set from Sangria. Perfect for daily wear.,5,Free Size,Silk,False,15 days,8 days,2025-08-09T21:35:19.371518,category/home-&-kitchen,meesho_complete_dataset_20250902_213519.json
MEESHO_1000776,Roadster Running Shoes - Jewelry,Accessories,Jewelry,Roadster,111,50,55,3.7,3019,Limited Stock,Seller_498,https://images.meesho.com/images/products/1000776/1_512.jpg,https://www.meesho.com/product/1000776,High quality running shoes from Roadster. Perfect for daily wear.,6,Free Size,Cotton,True,No return,10 days,2025-09-02T21:35:19.371526,category/accessories,meesho_complete_dataset_20250902_213519.json
MEESHO_1000777,SASSAFRAS Handbag - Toys & Games,Toys & Games,Toys & Games,SASSAFRAS,503,236,53,3.1,2478,Limited Stock,Seller_620,https://images.meesho.com/images/products/1000777/1_512.jpg,https://www.meesho.com/product/1000777,High quality handbag from SASSAFRAS. Perfect for daily wear.,4,"28,30,32,34",Rayon,False,7 days,9 days,2025-08-10T21:35:19.371533,category/toys-&-games,meesho_complete_dataset_20250902_213519.json
MEESHO_1000778,SASSAFRAS Handbag - Backpacks,Bags & Footwear,Backpacks,SASSAFRAS,2511,979,61,3.8,4358,In Stock,Seller_103,https://images.meesho.com/images/products/1000778/1_512.jpg,https://www.meesho.com/product/1000778,High quality handbag from SASSAFRAS. Perfect for daily wear.,8,Free Size,Rayon,False,15 days,6 days,2025-08-21T21:35:19.371540,category/bags-&-footwear,meesho_complete_dataset_20250902_213519.json
MEESHO_1000779,Libas Hair Oil - Toys & Games,Toys & Games,Toys & Games,Libas,548,427,22,3.5,912,Out of Stock,Seller_764,https://images.meesho.com/images/products/1000779/1_512.jpg,https://www.meesho.com/product/1000779,High quality hair oil from Libas. Perfect for daily wear.,2,"28,30,32,34",Cotton,False,7 days,7 days,2025-08-09T21:35:19.371547,category/toys-&-games,meesho_complete_dataset_20250902_213519.json
MEESHO_1000780,Anouk Hair Oil - Sports & Fitness,Sports & Fitness,Sports & Fitness,Anouk,2014,1450,28,3.7,3415,Limited Stock,Seller_853,https://images.meesho.com/images/products/1000780/1_512.jpg,https://www.meesho.com/product/1000780,High quality hair oil from Anouk. Perfect for daily wear.,2,Free Size,Cotton,True,No return,7 days,2025-08-15T21:35:19.371554,category/sports-&-fitness,meesho_complete_dataset_20250902_213519.json
MEESHO_1000781,GoSriKi Denim Jeans - T-Shirts,Men Clothing,T-Shirts,GoSriKi,1724,690,60,3.7,1648,In Stock,Seller_553,https://images.meesho.com/images/products/1000781/1_512.jpg,https://www.meesho.com/product/1000781,High quality denim jeans from GoSriKi. Perfect for daily wear.,8,Free Size,Rayon,False,No return,6 days,2025-08-20T21:35:19.371561,category/men-clothing,meesho_complete_dataset_20250902_213519.json
MEESHO_1000782,Varanga Handbag - Kitchen Appliances,Home & Kitchen,Kitchen Appliances,Varanga,1671,936,44,4.4,2764,In Stock,Seller_243,https://images.meesho.com/images/products/1000782/1_512.jpg,https://www.meesho.com/product/1000782,High quality handbag from Varanga. Perfect for daily wear.,8,One Size,Silk,True,No return,3 days,2025-08-26T21:35:19.371568,category/home-&-kitchen,meesho_complete_dataset_20250902_213519.json
MEESHO_1000783,HERE&NOW Bedsheet Set - Suits,Women Clothing,Suits,HERE&NOW,2330,1934,17,3.6,4907,Limited Stock,Seller_764,https://images.meesho.com/images/products/1000783/1_512.jpg,https://www.meesho.com/product/1000783,High quality bedsheet set from HERE&NOW. Perfect for daily wear.,1,One Size,Cotton,True,15 days,6 days,2025-08-10T21:35:19.371574,category/women-clothing,meesho_complete_dataset_20250902_213519.json
MEESHO_1000784,Mast & Harbour Jewelry Set - Cleaning,Home & Kitchen,Cleaning,Mast & Harbour,1290,916,29,4.6,4737,Limited Stock,Seller_865,https://images.meesho.com/images/products/1000784/1_512.jpg,https://www.meesho.com/product/1000784,High quality jewelry set from Mast & Harbour. Perfect for daily wear.,8,"S,M,L,XL",Cotton Blend,True,15 days,10 days,2025-08-31T21:35:19.371581,category/home-&-kitchen,meesho_complete_dataset_20250902_213519.json
MEESHO_1000785,Mast & Harbour Running Shoes - Toys & Games,Toys & Games,Toys & Games,Mast & Harbour,948,739,22,3.3,2519,Limited Stock,Seller_963,https://images.meesho.com/images/products/1000785/1_512.jpg,https://www.meesho.com/product/1000785,High quality running shoes from Mast & Harbour. Perfect for daily wear.,3,Free Size,Cotton Blend,True,15 days,7 days,2025-08-04T21:35:19.371587,category/toys-&-games,meesho_complete_dataset_20250902_213519.json
MEESHO_1000786,MIMOSA Handbag - Sunglasses,Accessories,Sunglasses,MIMOSA,766,628,18,4.5,1712,Out of Stock,Seller_837,https://images.meesho.com/images/products/1000786/1_512.jpg,https://www.meesho.com/product/1000786,High quality handbag from MIMOSA. Perfect for daily wear.,3,Free Size,Rayon,True,No return,5 days,2025-08-07T21:35:19.371594,category/accessories,meesho_complete_dataset_20250902_213519.json
MEESHO_1000787,Roadster Printed Saree - Automotive,Automotive,Automotive,Roadster,634,317,50,4.1,1293,In Stock,Seller_894,https://images.meesho.com/images/products/1000787/1_512.jpg,https://www.meesho.com/product/1000787,High quality printed saree from Roadster. Perfect for daily wear.,3,One Size,Polyester,True,7 days,9 days,2025-08-07T21:35:19.371601,category/automotive,meesho_complete_dataset_20250902_213519.json
MEESHO_1000788,Soch Formal Shirt - Automotive,Automotive,Automotive,Soch,2212,1947,12,3.6,1891,Out of Stock,Seller_625,https://images.meesho.com/images/products/1000788/1_512.jpg,https://www.meesho.com/product/1000788,High quality formal shirt from Soch. Perfect for daily wear.,1,"S,M,L,XL",Cotton,False,No return,5 days,2025-08-22T21:35:19.371607,category/automotive,meesho_complete_dataset_20250902_213519.json
MEESHO_1000789,Varanga Bedsheet Set - Books,Books,Books,Varanga,1504,1158,23,4.5,1110,In Stock,Seller_988,https://images.meesho.com/images/products/1000789/1_512.jpg,https://www.meesho.com/product/1000789,High quality bedsheet set from Varanga. Perfect for daily wear.,6,One Size,Polyester,True,15 days,10 days,2025-08-24T21:35:19.371614,category/books,meesho_complete_dataset_20250902_213519.json
MEESHO_1000790,Manthan Running Shoes - Toys & Games,Toys & Games,Toys & Games,Manthan,2281,1483,35,3.7,4175,Limited Stock,Seller_493,https://images.meesho.com/images/products/1000790/1_512.jpg,https://www.meesho.com/product/1000790,High quality running shoes from Manthan. Perfect for daily wear.,3,"S,M,L,XL",Rayon,False,No return,6 days,2025-08-28T21:35:19.371621,category/toys-&-games,meesho_complete_dataset_20250902_213519.json
MEESHO_1000791,Libas Casual Dress - Books,Books,Books,Libas,1936,1220,37,4.7,3225,In Stock,Seller_450,https://images.meesho.com/images/products/1000791/1_512.jpg,https://www.meesho.com/product/1000791,High quality casual dress from Libas. Perfect for daily wear.,1,One Size,Cotton Blend,True,No return,4 days,2025-08-19T21:35:19.371627,category/books,meesho_complete_dataset_20250902_213519.json
MEESHO_1000792,Vishudh Jewelry Set - Baby Clothing,Kids Clothing,Baby Clothing,Vishudh,279,179,36,4.4,4621,Out of Stock,Seller_168,https://images.meesho.com/images/products/1000792/1_512.jpg,https://www.meesho.com/product/1000792,High quality jewelry set from Vishudh. Perfect for daily wear.,2,"28,30,32,34",Polyester,False,15 days,7 days,2025-08-04T21:35:19.371635,category/kids-clothing,meesho_complete_dataset_20250902_213519.json
MEESHO_1000793,Mast & Harbour Handbag - Automotive,Automotive,Automotive,Mast & Harbour,668,261,61,4.5,3848,Limited Stock,Seller_36,https://images.meesho.com/images/products/1000793/1_512.jpg,https://www.meesho.com/product/1000793,High quality handbag from Mast & Harbour. Perfect for daily wear.,1,One Size,Rayon,False,No return,5 days,2025-08-24T21:35:19.371642,category/automotive,meesho_complete_dataset_20250902_213519.json
MEESHO_1000794,Anouk Printed Saree - Toys & Games,Toys & Games,Toys & Games,Anouk,2885,2596,10,3.6,623,Out of Stock,Seller_55,https://images.meesho.com/images/products/1000794/1_512.jpg,https://www.meesho.com/product/1000794,High quality printed saree from Anouk. Perfect for daily wear.,7,"S,M,L,XL",Rayon,False,No return,3 days,2025-08-17T21:35:19.371649,category/toys-&-games,meesho_complete_dataset_20250902_213519.json
MEESHO_1000795,Aks Ethnic Suit - Dresses,Women Clothing,Dresses,Aks,802,345,57,3.2,4134,Out of Stock,Seller_831,https://images.meesho.com/images/products/1000795/1_512.jpg,https://www.meesho.com/product/1000795,High quality ethnic suit from Aks. Perfect for daily wear.,6,"S,M,L,XL",Rayon,True,15 days,8 days,2025-08-29T21:35:19.371658,category/women-clothing,meesho_complete_dataset_20250902_213519.json
MEESHO_1000796,Janasya Formal Shirt - Sunglasses,Accessories,Sunglasses,Janasya,214,105,51,3.1,4170,In Stock,Seller_55,https://images.meesho.com/images/products/1000796/1_512.jpg,https://www.meesho.com/product/1000796,High quality formal shirt from Janasya. Perfect for daily wear.,7,One Size,Rayon,False,15 days,8 days,2025-08-16T21:35:19.371665,category/accessories,meesho_complete_dataset_20250902_213519.json
MEESHO_1000797,HERE&NOW Bedsheet Set - Sports & Fitness,Sports & Fitness,Sports & Fitness,HERE&NOW,159,111,30,3.2,4850,In Stock,Seller_994,https://images.meesho.com/images/products/1000797/1_512.jpg,https://www.meesho.com/product/1000797,High quality bedsheet set from HERE&NOW. Perfect for daily wear.,7,"S,M,L,XL",Cotton,True,7 days,8 days,2025-08-24T21:35:19.371672,category/sports-&-fitness,meesho_complete_dataset_20250902_213519.json
MEESHO_1000798,DressBerry Printed Saree - Toys & Games,Toys & Games,Toys & Games,DressBerry,2417,1547,36,3.5,3328,Out of Stock,Seller_999,https://images.meesho.com/images/products/1000798/1_512.jpg,https://www.meesho.com/product/1000798,High quality printed saree from DressBerry. Perfect for daily wear.,7,"S,M,L,XL",Cotton Blend,False,No return,7 days,2025-08-21T21:35:19.371678,category/toys-&-games,meesho_complete_dataset_20250902_213519.json
MEESHO_1000799,Libas Bedsheet Set - Bedding,Home & Kitchen,Bedding,Libas,2413,1665,31,3.3,1488,Limited Stock,Seller_22,https://images.meesho.com/images/products/1000799/1_512.jpg,https://www.meesho.com/product/1000799,High quality bedsheet set from Libas. Perfect for daily wear.,6,One Size,Cotton,True,7 days,9 days,2025-08-10T21:35:19.371685,category/home-&-kitchen,meesho_complete_dataset_20250902_213519.json
MEESHO_1000800,Janasya Kitchen Set - Sports & Fitness,Sports & Fitness,Sports & Fitness,Janasya,621,441,29,4.3,1414,Out of Stock,Seller_558,https://images.meesho.com/images/products/1000800/1_512.jpg,https://www.meesho.com/product/1000800,High quality kitchen set from Janasya. Perfect for daily wear.,3,"28,30,32,34",Polyester,True,7 days,5 days,2025-08-22T21:35:19.371691,category/sports-&-fitness,meesho_complete_dataset_20250902_213519.json
MEESHO_1000801,Manthan Printed Saree - Automotive,Automotive,Automotive,Manthan,2602,1483,43,3.3,3936,Limited Stock,Seller_655,https://images.meesho.com/images/products/1000801/1_512.jpg,https://www.meesho.com/product/1000801,High quality printed saree from Manthan. Perfect for daily wear.,8,One Size,Cotton Blend,False,No return,8 days,2025-08-06T21:35:19.371698,category/automotive,meesho_complete_dataset_20250902_213519.json
MEESHO_1000802,Indya Cotton Kurti - Chargers,Electronics,Chargers,Indya,1733,641,63,4.2,3934,In Stock,Seller_998,https://images.meesho.com/images/products/1000802/1_512.jpg,https://www.meesho.com/product/1000802,High quality cotton kurti from Indya. Perfect for daily wear.,5,Free Size,Rayon,False,No return,8 days,2025-08-04T21:35:19.371705,category/electronics,meesho_complete_dataset_20250902_213519.json
MEESHO_1000803,MIMOSA Printed Saree - Kitchen Appliances,Home & Kitchen,Kitchen Appliances,MIMOSA,1119,336,70,3.9,885,Limited Stock,Seller_808,https://images.meesho.com/images/products/1000803/1_512.jpg,https://www.meesho.com/product/1000803,High quality printed saree from MIMOSA. Perfect for daily wear.,7,"S,M,L,XL",Cotton Blend,False,No return,10 days,2025-08-31T21:35:19.371712,category/home-&-kitchen,meesho_complete_dataset_20250902_213519.json
MEESHO_1000804,Janasya Denim Jeans - Girls Clothing,Kids Clothing,Girls Clothing,Janasya,2807,1965,30,3.9,3056,Out of Stock,Seller_65,https://images.meesho.com/images/products/1000804/1_512.jpg,https://www.meesho.com/product/1000804,High quality denim jeans from Janasya. Perfect for daily wear.,2,"28,30,32,34",Cotton,True,15 days,3 days,2025-08-16T21:35:19.371718,category/kids-clothing,meesho_complete_dataset_20250902_213519.json
MEESHO_1000805,SASSAFRAS Jewelry Set - Automotive,Automotive,Automotive,SASSAFRAS,2894,1331,54,4.6,2768,In Stock,Seller_111,https://images.meesho.com/images/products/1000805/1_512.jpg,https://www.meesho.com/product/1000805,High quality jewelry set from SASSAFRAS. Perfect for daily wear.,6,"S,M,L,XL",Polyester,False,7 days,9 days,2025-08-17T21:35:19.371725,category/automotive,meesho_complete_dataset_20250902_213519.json
MEESHO_1000806,Aks Wall Clock - Boys Clothing,Kids Clothing,Boys Clothing,Aks,387,283,27,4.2,3650,In Stock,Seller_594,https://images.meesho.com/images/products/1000806/1_512.jpg,https://www.meesho.com/product/1000806,High quality wall clock from Aks. Perfect for daily wear.,5,"S,M,L,XL",Rayon,False,No return,10 days,2025-08-06T21:35:19.371732,category/kids-clothing,meesho_complete_dataset_20250902_213519.json
MEESHO_1000807,Vishudh Kids T-Shirt - Dresses,Women Clothing,Dresses,Vishudh,2567,1155,55,4.3,2067,Limited Stock,Seller_970,https://images.meesho.com/images/products/1000807/1_512.jpg,https://www.meesho.com/product/1000807,High quality kids t-shirt from Vishudh. Perfect for daily wear.,6,Free Size,Silk,True,No return,6 days,2025-08-13T21:35:19.371738,category/women-clothing,meesho_complete_dataset_20250902_213519.json
MEESHO_1000808,Anouk Bedsheet Set - School Uniforms,Kids Clothing,School Uniforms,Anouk,2813,1660,41,4.6,78,In Stock,Seller_532,https://images.meesho.com/images/products/1000808/1_512.jpg,https://www.meesho.com/product/1000808,High quality bedsheet set from Anouk. Perfect for daily wear.,2,"S,M,L,XL",Cotton Blend,True,15 days,10 days,2025-08-20T21:35:19.371745,category/kids-clothing,meesho_complete_dataset_20250902_213519.json
MEESHO_1000809,Indya Jewelry Set - Hair Accessories,Accessories,Hair Accessories,Indya,1868,1308,30,4.2,3927,Out of Stock,Seller_384,https://images.meesho.com/images/products/1000809/1_512.jpg,https://www.meesho.com/product/1000809,High quality jewelry set from Indya. Perfect for daily wear.,8,"S,M,L,XL",Cotton Blend,True,15 days,7 days,2025-09-01T21:35:19.371751,category/accessories,meesho_complete_dataset_20250902_213519.json
MEESHO_1000810,Aks Running Shoes - Storage,Home & Kitchen,Storage,Aks,2522,1311,48,4.4,3855,In Stock,Seller_371,https://images.meesho.com/images/products/1000810/1_512.jpg,https://www.meesho.com/product/1000810,High quality running shoes from Aks. Perfect for daily wear.,5,"28,30,32,34",Cotton Blend,True,7 days,9 days,2025-08-06T21:35:19.371759,category/home-&-kitchen,meesho_complete_dataset_20250902_213519.json
MEESHO_1000811,Indya Running Shoes - Backpacks,Bags & Footwear,Backpacks,Indya,1021,439,57,4.3,2811,In Stock,Seller_992,https://images.meesho.com/images/products/1000811/1_512.jpg,https://www.meesho.com/product/1000811,High quality running shoes from Indya. Perfect for daily wear.,1,"28,30,32,34",Polyester,False,No return,7 days,2025-08-08T21:35:19.371766,category/bags-&-footwear,meesho_complete_dataset_20250902_213519.json
MEESHO_1000812,GoSriKi Kids T-Shirt - Backpacks,Bags & Footwear,Backpacks,GoSriKi,900,558,38,3.7,2163,Out of Stock,Seller_555,https://images.meesho.com/images/products/1000812/1_512.jpg,https://www.meesho.com/product/1000812,High quality kids t-shirt from GoSriKi. Perfect for daily wear.,8,One Size,Rayon,False,7 days,4 days,2025-08-27T21:35:19.371773,category/bags-&-footwear,meesho_complete_dataset_20250902_213519.json
MEESHO_1000813,Aks Denim Jeans - Hair Care,Beauty & Health,Hair Care,Aks,2251,743,67,3.6,3566,Limited Stock,Seller_554,https://images.meesho.com/images/products/1000813/1_512.jpg,https://www.meesho.com/product/1000813,High quality denim jeans from Aks. Perfect for daily wear.,4,"S,M,L,XL",Rayon,False,7 days,3 days,2025-09-01T21:35:19.371779,category/beauty-&-health,meesho_complete_dataset_20250902_213519.json
MEESHO_1000814,Varanga Formal Shirt - Gadgets,Electronics,Gadgets,Varanga,1036,508,51,4.6,3127,In Stock,Seller_404,https://images.meesho.com/images/products/1000814/1_512.jpg,https://www.meesho.com/product/1000814,High quality formal shirt from Varanga. Perfect for daily wear.,6,"S,M,L,XL",Polyester,True,7 days,7 days,2025-08-22T21:35:19.371788,category/electronics,meesho_complete_dataset_20250902_213519.json
MEESHO_1000815,DressBerry Mobile Cover - Sports & Fitness,Sports & Fitness,Sports & Fitness,DressBerry,606,200,67,4.2,3800,Out of Stock,Seller_251,https://images.meesho.com/images/products/1000815/1_512.jpg,https://www.meesho.com/product/1000815,High quality mobile cover from DressBerry. Perfect for daily wear.,4,"S,M,L,XL",Cotton,False,7 days,9 days,2025-08-08T21:35:19.371794,category/sports-&-fitness,meesho_complete_dataset_20250902_213519.json
MEESHO_1000816,SASSAFRAS Ethnic Suit - School Uniforms,Kids Clothing,School Uniforms,SASSAFRAS,1513,560,63,3.6,2873,Out of Stock,Seller_709,https://images.meesho.com/images/products/1000816/1_512.jpg,https://www.meesho.com/product/1000816,High quality ethnic suit from SASSAFRAS. Perfect for daily wear.,6,"S,M,L,XL",Polyester,False,No return,4 days,2025-08-25T21:35:19.371800,category/kids-clothing,meesho_complete_dataset_20250902_213519.json
MEESHO_1000817,Global Desi Printed Saree - Toys & Games,Toys & Games,Toys & Games,Global Desi,1849,721,61,3.8,3399,Limited Stock,Seller_465,https://images.meesho.com/images/products/1000817/1_512.jpg,https://www.meesho.com/product/1000817,High quality printed saree from Global Desi. Perfect for daily wear.,6,One Size,Cotton Blend,False,No return,8 days,2025-08-20T21:35:19.371807,category/toys-&-games,meesho_complete_dataset_20250902_213519.json
MEESHO_1000818,Roadster Wall Clock - Automotive,Automotive,Automotive,Roadster,1542,771,50,3.4,3454,Out of Stock,Seller_949,https://images.meesho.com/images/products/1000818/1_512.jpg,https://www.meesho.com/product/1000818,High quality wall clock from Roadster. Perfect for daily wear.,1,Free Size,Rayon,False,15 days,6 days,2025-08-10T21:35:19.371814,category/automotive,meesho_complete_dataset_20250902_213519.json
MEESHO_1000819,Indya Running Shoes - Personal Care,Beauty & Health,Personal Care,Indya,2164,1515,30,4.6,2728,Out of Stock,Seller_196,https://images.meesho.com/images/products/1000819/1_512.jpg,https://www.meesho.com/product/1000819,High quality running shoes from Indya. Perfect for daily wear.,6,Free Size,Polyester,False,7 days,8 days,2025-08-17T21:35:19.371821,category/beauty-&-health,meesho_complete_dataset_20250902_213519.json
MEESHO_1000820,Global Desi Mobile Cover - Shirts,Men Clothing,Shirts,Global Desi,577,364,37,3.2,1876,Out of Stock,Seller_235,https://images.meesho.com/images/products/1000820/1_512.jpg,https://www.meesho.com/product/1000820,High quality mobile cover from Global Desi. Perfect for daily wear.,8,One Size,Polyester,False,15 days,4 days,2025-08-19T21:35:19.371827,category/men-clothing,meesho_complete_dataset_20250902_213519.json
MEESHO_1000821,Aks Running Shoes - Automotive,Automotive,Automotive,Aks,1238,817,34,4.0,1363,In Stock,Seller_862,https://images.meesho.com/images/products/1000821/1_512.jpg,https://www.meesho.com/product/1000821,High quality running shoes from Aks. Perfect for daily wear.,8,Free Size,Rayon,False,No return,9 days,2025-08-08T21:35:19.371835,category/automotive,meesho_complete_dataset_20250902_213519.json
MEESHO_1000822,Manthan Wall Clock - Boys Clothing,Kids Clothing,Boys Clothing,Manthan,2645,1825,31,3.8,2211,Limited Stock,Seller_464,https://images.meesho.com/images/products/1000822/1_512.jpg,https://www.meesho.com/product/1000822,High quality wall clock from Manthan. Perfect for daily wear.,1,"S,M,L,XL",Cotton Blend,False,7 days,7 days,2025-08-06T21:35:19.371842,category/kids-clothing,meesho_complete_dataset_20250902_213519.json
MEESHO_1000823,SASSAFRAS Hair Oil - Boys Clothing,Kids Clothing,Boys Clothing,SASSAFRAS,1923,1308,32,4.1,3751,Out of Stock,Seller_532,https://images.meesho.com/images/products/1000823/1_512.jpg,https://www.meesho.com/product/1000823,High quality hair oil from SASSAFRAS. Perfect for daily wear.,8,"28,30,32,34",Cotton Blend,False,7 days,8 days,2025-08-10T21:35:19.371848,category/kids-clothing,meesho_complete_dataset_20250902_213519.json
MEESHO_1000824,Libas Ethnic Suit - Makeup,Beauty & Health,Makeup,Libas,2442,781,68,3.3,3621,Limited Stock,Seller_150,https://images.meesho.com/images/products/1000824/1_512.jpg,https://www.meesho.com/product/1000824,High quality ethnic suit from Libas. Perfect for daily wear.,8,"28,30,32,34",Silk,False,No return,6 days,2025-08-28T21:35:19.371855,category/beauty-&-health,meesho_complete_dataset_20250902_213519.json
MEESHO_1000825,Global Desi Running Shoes - Toys & Games,Toys & Games,Toys & Games,Global Desi,909,773,15,3.5,3996,Out of Stock,Seller_355,https://images.meesho.com/images/products/1000825/1_512.jpg,https://www.meesho.com/product/1000825,High quality running shoes from Global Desi. Perfect for daily wear.,7,"28,30,32,34",Cotton Blend,False,No return,4 days,2025-08-15T21:35:19.371861,category/toys-&-games,meesho_complete_dataset_20250902_213519.json
MEESHO_1000826,Global Desi Casual Dress - Dresses,Women Clothing,Dresses,Global Desi,2551,1607,37,3.3,2923,Out of Stock,Seller_432,https://images.meesho.com/images/products/1000826/1_512.jpg,https://www.meesho.com/product/1000826,High quality casual dress from Global Desi. Perfect for daily wear.,2,"S,M,L,XL",Cotton,False,15 days,10 days,2025-08-06T21:35:19.371868,category/women-clothing,meesho_complete_dataset_20250902_213519.json
MEESHO_1000827,Aks Cotton Kurti - Toys & Games,Toys & Games,Toys & Games,Aks,494,217,56,4.1,4007,In Stock,Seller_504,https://images.meesho.com/images/products/1000827/1_512.jpg,https://www.meesho.com/product/1000827,High quality cotton kurti from Aks. Perfect for daily wear.,6,"28,30,32,34",Rayon,True,7 days,9 days,2025-08-19T21:35:19.371875,category/toys-&-games,meesho_complete_dataset_20250902_213519.json
MEESHO_1000828,Vishudh Formal Shirt - Sports & Fitness,Sports & Fitness,Sports & Fitness,Vishudh,321,112,65,3.6,427,In Stock,Seller_650,https://images.meesho.com/images/products/1000828/1_512.jpg,https://www.meesho.com/product/1000828,High quality formal shirt from Vishudh. Perfect for daily wear.,6,Free Size,Polyester,False,7 days,8 days,2025-08-05T21:35:19.371882,category/sports-&-fitness,meesho_complete_dataset_20250902_213519.json
MEESHO_1000829,Janasya Ethnic Suit - Shirts,Men Clothing,Shirts,Janasya,2461,738,70,4.3,4679,Limited Stock,Seller_271,https://images.meesho.com/images/products/1000829/1_512.jpg,https://www.meesho.com/product/1000829,High quality ethnic suit from Janasya. Perfect for daily wear.,1,One Size,Rayon,False,No return,9 days,2025-08-11T21:35:19.371888,category/men-clothing,meesho_complete_dataset_20250902_213519.json
MEESHO_1000830,Global Desi Bedsheet Set - Toys & Games,Toys & Games,Toys & Games,Global Desi,2017,1735,14,4.3,761,Out of Stock,Seller_930,https://images.meesho.com/images/products/1000830/1_512.jpg,https://www.meesho.com/product/1000830,High quality bedsheet set from Global Desi. Perfect for daily wear.,3,One Size,Rayon,False,7 days,6 days,2025-08-04T21:35:19.371894,category/toys-&-games,meesho_complete_dataset_20250902_213519.json
MEESHO_1000831,Janasya Running Shoes - Books,Books,Books,Janasya,2026,1823,10,4.1,1994,Limited Stock,Seller_106,https://images.meesho.com/images/products/1000831/1_512.jpg,https://www.meesho.com/product/1000831,High quality running shoes from Janasya. Perfect for daily wear.,8,"28,30,32,34",Cotton Blend,False,No return,7 days,2025-08-14T21:35:19.371901,category/books,meesho_complete_dataset_20250902_213519.json
MEESHO_1000832,Roadster Handbag - Automotive,Automotive,Automotive,Roadster,1759,1337,24,3.5,3797,In Stock,Seller_504,https://images.meesho.com/images/products/1000832/1_512.jpg,https://www.meesho.com/product/1000832,High quality handbag from Roadster. Perfect for daily wear.,2,Free Size,Rayon,False,15 days,9 days,2025-08-26T21:35:19.371908,category/automotive,meesho_complete_dataset_20250902_213519.json
MEESHO_1000833,Janasya Mobile Cover - Gadgets,Electronics,Gadgets,Janasya,1417,1176,17,4.6,3945,Out of Stock,Seller_769,https://images.meesho.com/images/products/1000833/1_512.jpg,https://www.meesho.com/product/1000833,High quality mobile cover from Janasya. Perfect for daily wear.,7,One Size,Rayon,True,No return,9 days,2025-08-12T21:35:19.371914,category/electronics,meesho_complete_dataset_20250902_213519.json
MEESHO_1000834,GoSriKi Casual Dress - Automotive,Automotive,Automotive,GoSriKi,2055,1747,15,3.8,1976,Out of Stock,Seller_285,https://images.meesho.com/images/products/1000834/1_512.jpg,https://www.meesho.com/product/1000834,High quality casual dress from GoSriKi. Perfect for daily wear.,6,"S,M,L,XL",Polyester,True,7 days,3 days,2025-08-10T21:35:19.371931,category/automotive,meesho_complete_dataset_20250902_213519.json
MEESHO_1000835,Indya Printed Saree - Chargers,Electronics,Chargers,Indya,1498,1064,29,3.0,194,Out of Stock,Seller_714,https://images.meesho.com/images/products/1000835/1_512.jpg,https://www.meesho.com/product/1000835,High quality printed saree from Indya. Perfect for daily wear.,4,"S,M,L,XL",Cotton Blend,True,No return,4 days,2025-09-02T21:35:19.371942,category/electronics,meesho_complete_dataset_20250902_213519.json
MEESHO_1000836,Sangria Kids T-Shirt - Automotive,Automotive,Automotive,Sangria,1115,847,24,4.7,3105,Out of Stock,Seller_614,https://images.meesho.com/images/products/1000836/1_512.jpg,https://www.meesho.com/product/1000836,High quality kids t-shirt from Sangria. Perfect for daily wear.,8,"28,30,32,34",Rayon,True,15 days,10 days,2025-08-09T21:35:19.371948,category/automotive,meesho_complete_dataset_20250902_213519.json
MEESHO_1000837,Roadster Kitchen Set - T-Shirts,Men Clothing,T-Shirts,Roadster,347,111,68,4.1,2947,Limited Stock,Seller_2,https://images.meesho.com/images/products/1000837/1_512.jpg,https://www.meesho.com/product/1000837,High quality kitchen set from Roadster. Perfect for daily wear.,3,Free Size,Silk,True,15 days,3 days,2025-08-30T21:35:19.371955,category/men-clothing,meesho_complete_dataset_20250902_213519.json
MEESHO_1000838,Aks Cotton Kurti - Personal Care,Beauty & Health,Personal Care,Aks,2883,1413,51,3.2,1765,Out of Stock,Seller_682,https://images.meesho.com/images/products/1000838/1_512.jpg,https://www.meesho.com/product/1000838,High quality cotton kurti from Aks. Perfect for daily wear.,7,"S,M,L,XL",Cotton,True,No return,3 days,2025-08-11T21:35:19.371961,category/beauty-&-health,meesho_complete_dataset_20250902_213519.json
MEESHO_1000839,Janasya Kitchen Set - Kurtas,Women Clothing,Kurtas,Janasya,2739,1534,44,4.6,2899,Out of Stock,Seller_165,https://images.meesho.com/images/products/1000839/1_512.jpg,https://www.meesho.com/product/1000839,High quality kitchen set from Janasya. Perfect for daily wear.,4,One Size,Silk,False,15 days,3 days,2025-08-10T21:35:19.371968,category/women-clothing,meesho_complete_dataset_20250902_213519.json
MEESHO_1000840,MIMOSA Denim Jeans - Automotive,Automotive,Automotive,MIMOSA,491,344,30,4.3,4481,In Stock,Seller_752,https://images.meesho.com/images/products/1000840/1_512.jpg,https://www.meesho.com/product/1000840,High quality denim jeans from MIMOSA. Perfect for daily wear.,2,One Size,Cotton Blend,False,No return,6 days,2025-08-29T21:35:19.371980,category/automotive,meesho_complete_dataset_20250902_213519.json
MEESHO_1000841,Janasya Cotton Kurti - Backpacks,Bags & Footwear,Backpacks,Janasya,822,534,35,3.0,3166,In Stock,Seller_577,https://images.meesho.com/images/products/1000841/1_512.jpg,https://www.meesho.com/product/1000841,High quality cotton kurti from Janasya. Perfect for daily wear.,1,Free Size,Cotton,True,No return,10 days,2025-08-28T21:35:19.371990,category/bags-&-footwear,meesho_complete_dataset_20250902_213519.json
MEESHO_1000842,Roadster Ethnic Suit - Toys & Games,Toys & Games,Toys & Games,Roadster,2856,2285,20,3.9,3462,Out of Stock,Seller_580,https://images.meesho.com/images/products/1000842/1_512.jpg,https://www.meesho.com/product/1000842,High quality ethnic suit from Roadster. Perfect for daily wear.,7,"28,30,32,34",Polyester,True,No return,8 days,2025-08-05T21:35:19.371997,category/toys-&-games,meesho_complete_dataset_20250902_213519.json
MEESHO_1000843,DressBerry Wall Clock - Sports & Fitness,Sports & Fitness,Sports & Fitness,DressBerry,2619,1598,39,3.4,1768,Limited Stock,Seller_927,https://images.meesho.com/images/products/1000843/1_512.jpg,https://www.meesho.com/product/1000843,High quality wall clock from DressBerry. Perfect for daily wear.,3,"28,30,32,34",Silk,False,7 days,7 days,2025-08-10T21:35:19.372003,category/sports-&-fitness,meesho_complete_dataset_20250902_213519.json
MEESHO_1000844,Manthan Kitchen Set - Gadgets,Electronics,Gadgets,Manthan,1306,666,49,4.3,4363,Out of Stock,Seller_369,https://images.meesho.com/images/products/1000844/1_512.jpg,https://www.meesho.com/product/1000844,High quality kitchen set from Manthan. Perfect for daily wear.,3,One Size,Rayon,True,No return,9 days,2025-08-13T21:35:19.372010,category/electronics,meesho_complete_dataset_20250902_213519.json
MEESHO_1000845,Libas Wall Clock - Boys Clothing,Kids Clothing,Boys Clothing,Libas,2708,1408,48,3.7,1866,Out of Stock,Seller_349,https://images.meesho.com/images/products/1000845/1_512.jpg,https://www.meesho.com/product/1000845,High quality wall clock from Libas. Perfect for daily wear.,4,"S,M,L,XL",Cotton Blend,False,No return,10 days,2025-09-01T21:35:19.372017,category/kids-clothing,meesho_complete_dataset_20250902_213519.json
MEESHO_1000846,Varanga Running Shoes - Sports & Fitness,Sports & Fitness,Sports & Fitness,Varanga,2453,908,63,3.6,1925,Out of Stock,Seller_65,https://images.meesho.com/images/products/1000846/1_512.jpg,https://www.meesho.com/product/1000846,High quality running shoes from Varanga. Perfect for daily wear.,3,Free Size,Silk,True,7 days,7 days,2025-08-10T21:35:19.372024,category/sports-&-fitness,meesho_complete_dataset_20250902_213519.json
MEESHO_1000847,Varanga Printed Saree - Ethnic Wear,Women Clothing,Ethnic Wear,Varanga,2574,1004,61,3.5,1402,Out of Stock,Seller_151,https://images.meesho.com/images/products/1000847/1_512.jpg,https://www.meesho.com/product/1000847,High quality printed saree from Varanga. Perfect for daily wear.,2,One Size,Cotton Blend,True,No return,8 days,2025-08-07T21:35:19.372030,category/women-clothing,meesho_complete_dataset_20250902_213519.json
MEESHO_1000848,Indya Running Shoes - Boys Clothing,Kids Clothing,Boys Clothing,Indya,1312,722,45,4.5,381,Out of Stock,Seller_201,https://images.meesho.com/images/products/1000848/1_512.jpg,https://www.meesho.com/product/1000848,High quality running shoes from Indya. Perfect for daily wear.,2,One Size,Rayon,True,No return,7 days,2025-08-12T21:35:19.372036,category/kids-clothing,meesho_complete_dataset_20250902_213519.json
MEESHO_1000849,GoSriKi Wall Clock - Watches,Accessories,Watches,GoSriKi,2728,1991,27,4.8,2686,Limited Stock,Seller_895,https://images.meesho.com/images/products/1000849/1_512.jpg,https://www.meesho.com/product/1000849,High quality wall clock from GoSriKi. Perfect for daily wear.,7,Free Size,Rayon,False,7 days,4 days,2025-08-15T21:35:19.372043,category/accessories,meesho_complete_dataset_20250902_213519.json
MEESHO_1000850,Global Desi Jewelry Set - Hair Care,Beauty & Health,Hair Care,Global Desi,2331,793,66,4.4,1580,Out of Stock,Seller_280,https://images.meesho.com/images/products/1000850/1_512.jpg,https://www.meesho.com/product/1000850,High quality jewelry set from Global Desi. Perfect for daily wear.,6,Free Size,Cotton Blend,True,15 days,5 days,2025-08-18T21:35:19.372050,category/beauty-&-health,meesho_complete_dataset_20250902_213519.json
MEESHO_1000851,Libas Formal Shirt - Storage,Home & Kitchen,Storage,Libas,1583,997,37,3.5,1754,Limited Stock,Seller_661,https://images.meesho.com/images/products/1000851/1_512.jpg,https://www.meesho.com/product/1000851,High quality formal shirt from Libas. Perfect for daily wear.,5,Free Size,Cotton Blend,True,15 days,5 days,2025-08-15T21:35:19.372056,category/home-&-kitchen,meesho_complete_dataset_20250902_213519.json
MEESHO_1000852,DressBerry Mobile Cover - Automotive,Automotive,Automotive,DressBerry,2302,829,64,4.6,1184,In Stock,Seller_413,https://images.meesho.com/images/products/1000852/1_512.jpg,https://www.meesho.com/product/1000852,High quality mobile cover from DressBerry. Perfect for daily wear.,6,Free Size,Polyester,False,No return,3 days,2025-08-05T21:35:19.372063,category/automotive,meesho_complete_dataset_20250902_213519.json
MEESHO_1000853,Aks Denim Jeans - Kurtas,Men Clothing,Kurtas,Aks,611,348,43,4.3,2353,Out of Stock,Seller_621,https://images.meesho.com/images/products/1000853/1_512.jpg,https://www.meesho.com/product/1000853,High quality denim jeans from Aks. Perfect for daily wear.,6,Free Size,Cotton Blend,False,No return,8 days,2025-08-12T21:35:19.372069,category/men-clothing,meesho_complete_dataset_20250902_213519.json
MEESHO_1000854,MIMOSA Mobile Cover - Makeup,Beauty & Health,Makeup,MIMOSA,1495,882,41,4.6,3303,Out of Stock,Seller_121,https://images.meesho.com/images/products/1000854/1_512.jpg,https://www.meesho.com/product/1000854,High quality mobile cover from MIMOSA. Perfect for daily wear.,6,One Size,Silk,True,No return,5 days,2025-08-15T21:35:19.372076,category/beauty-&-health,meesho_complete_dataset_20250902_213519.json
MEESHO_1000855,Mast & Harbour Running Shoes - Books,Books,Books,Mast & Harbour,2428,1263,48,3.6,1667,Out of Stock,Seller_205,https://images.meesho.com/images/products/1000855/1_512.jpg,https://www.meesho.com/product/1000855,High quality running shoes from Mast & Harbour. Perfect for daily wear.,7,Free Size,Silk,False,7 days,10 days,2025-08-14T21:35:19.372083,category/books,meesho_complete_dataset_20250902_213519.json
MEESHO_1000856,DressBerry Jewelry Set - Handbags,Bags & Footwear,Handbags,DressBerry,246,103,58,4.6,3366,In Stock,Seller_28,https://images.meesho.com/images/products/1000856/1_512.jpg,https://www.meesho.com/product/1000856,High quality jewelry set from DressBerry. Perfect for daily wear.,3,"28,30,32,34",Cotton,True,7 days,9 days,2025-08-21T21:35:19.372089,category/bags-&-footwear,meesho_complete_dataset_20250902_213519.json
MEESHO_1000857,Janasya Printed Saree - Books,Books,Books,Janasya,1825,1332,27,3.9,3976,In Stock,Seller_756,https://images.meesho.com/images/products/1000857/1_512.jpg,https://www.meesho.com/product/1000857,High quality printed saree from Janasya. Perfect for daily wear.,8,One Size,Cotton Blend,False,15 days,3 days,2025-08-29T21:35:19.372096,category/books,meesho_complete_dataset_20250902_213519.json
MEESHO_1000858,DressBerry Hair Oil - Sports & Fitness,Sports & Fitness,Sports & Fitness,DressBerry,1719,1066,38,4.3,2774,Out of Stock,Seller_852,https://images.meesho.com/images/products/1000858/1_512.jpg,https://www.meesho.com/product/1000858,High quality hair oil from DressBerry. Perfect for daily wear.,5,Free Size,Rayon,True,No return,7 days,2025-08-29T21:35:19.372102,category/sports-&-fitness,meesho_complete_dataset_20250902_213519.json
MEESHO_1000859,Soch Ethnic Suit - Sarees,Women Clothing,Sarees,Soch,2800,1792,36,4.8,348,Out of Stock,Seller_43,https://images.meesho.com/images/products/1000859/1_512.jpg,https://www.meesho.com/product/1000859,High quality ethnic suit from Soch. Perfect for daily wear.,2,"S,M,L,XL",Cotton,True,No return,5 days,2025-08-14T21:35:19.372111,category/women-clothing,meesho_complete_dataset_20250902_213519.json
MEESHO_1000860,Aks Wall Clock - Automotive,Automotive,Automotive,Aks,1814,1234,32,4.5,1060,Out of Stock,Seller_108,https://images.meesho.com/images/products/1000860/1_512.jpg,https://www.meesho.com/product/1000860,High quality wall clock from Aks. Perfect for daily wear.,7,Free Size,Polyester,True,15 days,9 days,2025-08-30T21:35:19.372118,category/automotive,meesho_complete_dataset_20250902_213519.json
MEESHO_1000861,Vishudh Cotton Kurti - Books,Books,Books,Vishudh,2284,1644,28,3.3,798,In Stock,Seller_554,https://images.meesho.com/images/products/1000861/1_512.jpg,https://www.meesho.com/product/1000861,High quality cotton kurti from Vishudh. Perfect for daily wear.,7,"S,M,L,XL",Rayon,False,15 days,3 days,2025-08-06T21:35:19.372124,category/books,meesho_complete_dataset_20250902_213519.json
MEESHO_1000862,HERE&NOW Hair Oil - Shoes,Bags & Footwear,Shoes,HERE&NOW,1897,1404,26,3.5,3592,Limited Stock,Seller_12,https://images.meesho.com/images/products/1000862/1_512.jpg,https://www.meesho.com/product/1000862,High quality hair oil from HERE&NOW. Perfect for daily wear.,1,"28,30,32,34",Polyester,False,15 days,7 days,2025-08-23T21:35:19.372133,category/bags-&-footwear,meesho_complete_dataset_20250902_213519.json
MEESHO_1000863,Manthan Bedsheet Set - Books,Books,Books,Manthan,1079,928,14,3.8,4258,Limited Stock,Seller_206,https://images.meesho.com/images/products/1000863/1_512.jpg,https://www.meesho.com/product/1000863,High quality bedsheet set from Manthan. Perfect for daily wear.,6,Free Size,Silk,False,7 days,4 days,2025-08-27T21:35:19.372139,category/books,meesho_complete_dataset_20250902_213519.json
MEESHO_1000864,Indya Ethnic Suit - Watches,Accessories,Watches,Indya,1154,877,24,4.7,3670,Out of Stock,Seller_907,https://images.meesho.com/images/products/1000864/1_512.jpg,https://www.meesho.com/product/1000864,High quality ethnic suit from Indya. Perfect for daily wear.,5,Free Size,Cotton Blend,True,15 days,3 days,2025-08-25T21:35:19.372146,category/accessories,meesho_complete_dataset_20250902_213519.json
MEESHO_1000865,Global Desi Cotton Kurti - Headphones,Electronics,Headphones,Global Desi,773,317,59,3.3,1493,In Stock,Seller_833,https://images.meesho.com/images/products/1000865/1_512.jpg,https://www.meesho.com/product/1000865,High quality cotton kurti from Global Desi. Perfect for daily wear.,3,One Size,Cotton Blend,True,7 days,10 days,2025-08-31T21:35:19.372153,category/electronics,meesho_complete_dataset_20250902_213519.json
MEESHO_1000866,Roadster Mobile Cover - Cleaning,Home & Kitchen,Cleaning,Roadster,475,271,43,3.8,2014,Out of Stock,Seller_793,https://images.meesho.com/images/products/1000866/1_512.jpg,https://www.meesho.com/product/1000866,High quality mobile cover from Roadster. Perfect for daily wear.,3,"28,30,32,34",Polyester,True,7 days,10 days,2025-08-30T21:35:19.372160,category/home-&-kitchen,meesho_complete_dataset_20250902_213519.json
MEESHO_1000867,Global Desi Wall Clock - Sunglasses,Accessories,Sunglasses,Global Desi,1736,764,56,3.9,1428,Out of Stock,Seller_609,https://images.meesho.com/images/products/1000867/1_512.jpg,https://www.meesho.com/product/1000867,High quality wall clock from Global Desi. Perfect for daily wear.,4,Free Size,Cotton Blend,True,No return,9 days,2025-08-23T21:35:19.372166,category/accessories,meesho_complete_dataset_20250902_213519.json
MEESHO_1000868,Vishudh Formal Shirt - Mobile Accessories,Electronics,Mobile Accessories,Vishudh,2946,1090,63,3.5,4510,Out of Stock,Seller_482,https://images.meesho.com/images/products/1000868/1_512.jpg,https://www.meesho.com/product/1000868,High quality formal shirt from Vishudh. Perfect for daily wear.,8,Free Size,Cotton,True,7 days,6 days,2025-08-24T21:35:19.372173,category/electronics,meesho_complete_dataset_20250902_213519.json
MEESHO_1000869,Manthan Ethnic Suit - School Uniforms,Kids Clothing,School Uniforms,Manthan,686,405,41,3.9,1664,In Stock,Seller_536,https://images.meesho.com/images/products/1000869/1_512.jpg,https://www.meesho.com/product/1000869,High quality ethnic suit from Manthan. Perfect for daily wear.,6,"S,M,L,XL",Polyester,True,15 days,10 days,2025-08-21T21:35:19.372179,category/kids-clothing,meesho_complete_dataset_20250902_213519.json
MEESHO_1000870,GoSriKi Formal Shirt - Chargers,Electronics,Chargers,GoSriKi,1370,1082,21,3.4,1717,Out of Stock,Seller_726,https://images.meesho.com/images/products/1000870/1_512.jpg,https://www.meesho.com/product/1000870,High quality formal shirt from GoSriKi. Perfect for daily wear.,1,One Size,Rayon,True,15 days,9 days,2025-08-17T21:35:19.372186,category/electronics,meesho_complete_dataset_20250902_213519.json
MEESHO_1000871,Vishudh Hair Oil - Automotive,Automotive,Automotive,Vishudh,2174,1522,30,4.0,1578,Limited Stock,Seller_411,https://images.meesho.com/images/products/1000871/1_512.jpg,https://www.meesho.com/product/1000871,High quality hair oil from Vishudh. Perfect for daily wear.,7,Free Size,Polyester,False,7 days,7 days,2025-08-04T21:35:19.372192,category/automotive,meesho_complete_dataset_20250902_213519.json
MEESHO_1000872,Sangria Jewelry Set - Hair Accessories,Accessories,Hair Accessories,Sangria,1557,1370,12,4.5,583,In Stock,Seller_588,https://images.meesho.com/images/products/1000872/1_512.jpg,https://www.meesho.com/product/1000872,High quality jewelry set from Sangria. Perfect for daily wear.,2,"S,M,L,XL",Silk,True,No return,6 days,2025-09-02T21:35:19.372198,category/accessories,meesho_complete_dataset_20250902_213519.json
MEESHO_1000873,Sangria Face Cream - Cleaning,Home & Kitchen,Cleaning,Sangria,2506,1103,56,4.6,1872,In Stock,Seller_60,https://images.meesho.com/images/products/1000873/1_512.jpg,https://www.meesho.com/product/1000873,High quality face cream from Sangria. Perfect for daily wear.,5,"28,30,32,34",Silk,True,15 days,8 days,2025-08-23T21:35:19.372205,category/home-&-kitchen,meesho_complete_dataset_20250902_213519.json
MEESHO_1000874,HERE&NOW Ethnic Suit - Chargers,Electronics,Chargers,HERE&NOW,2572,1029,60,4.0,4742,In Stock,Seller_584,https://images.meesho.com/images/products/1000874/1_512.jpg,https://www.meesho.com/product/1000874,High quality ethnic suit from HERE&NOW. Perfect for daily wear.,2,"S,M,L,XL",Rayon,False,7 days,9 days,2025-08-22T21:35:19.372212,category/electronics,meesho_complete_dataset_20250902_213519.json
MEESHO_1000875,MIMOSA Handbag - Sports & Fitness,Sports & Fitness,Sports & Fitness,MIMOSA,2052,985,52,4.7,4422,Limited Stock,Seller_807,https://images.meesho.com/images/products/1000875/1_512.jpg,https://www.meesho.com/product/1000875,High quality handbag from MIMOSA. Perfect for daily wear.,6,"28,30,32,34",Polyester,True,7 days,6 days,2025-08-21T21:35:19.372218,category/sports-&-fitness,meesho_complete_dataset_20250902_213519.json
MEESHO_1000876,SASSAFRAS Casual Dress - Kurtas,Women Clothing,Kurtas,SASSAFRAS,1888,1699,10,4.1,1640,Out of Stock,Seller_414,https://images.meesho.com/images/products/1000876/1_512.jpg,https://www.meesho.com/product/1000876,High quality casual dress from SASSAFRAS. Perfect for daily wear.,4,One Size,Polyester,True,No return,8 days,2025-08-04T21:35:19.372225,category/women-clothing,meesho_complete_dataset_20250902_213519.json
MEESHO_1000877,SASSAFRAS Handbag - Sunglasses,Accessories,Sunglasses,SASSAFRAS,1835,826,55,3.0,2736,Limited Stock,Seller_493,https://images.meesho.com/images/products/1000877/1_512.jpg,https://www.meesho.com/product/1000877,High quality handbag from SASSAFRAS. Perfect for daily wear.,7,"28,30,32,34",Rayon,True,No return,3 days,2025-08-23T21:35:19.372232,category/accessories,meesho_complete_dataset_20250902_213519.json
MEESHO_1000878,HERE&NOW Casual Dress - Sports & Fitness,Sports & Fitness,Sports & Fitness,HERE&NOW,1937,1685,13,3.3,3276,In Stock,Seller_171,https://images.meesho.com/images/products/1000878/1_512.jpg,https://www.meesho.com/product/1000878,High quality casual dress from HERE&NOW. Perfect for daily wear.,6,"28,30,32,34",Rayon,True,7 days,7 days,2025-08-09T21:35:19.372238,category/sports-&-fitness,meesho_complete_dataset_20250902_213519.json
MEESHO_1000879,Varanga Running Shoes - Home Decor,Home & Kitchen,Home Decor,Varanga,1683,976,42,4.3,1684,In Stock,Seller_585,https://images.meesho.com/images/products/1000879/1_512.jpg,https://www.meesho.com/product/1000879,High quality running shoes from Varanga. Perfect for daily wear.,3,Free Size,Cotton,True,7 days,10 days,2025-08-03T21:35:19.372245,category/home-&-kitchen,meesho_complete_dataset_20250902_213519.json
MEESHO_1000880,HERE&NOW Kids T-Shirt - Sports & Fitness,Sports & Fitness,Sports & Fitness,HERE&NOW,929,362,61,4.4,4694,Out of Stock,Seller_822,https://images.meesho.com/images/products/1000880/1_512.jpg,https://www.meesho.com/product/1000880,High quality kids t-shirt from HERE&NOW. Perfect for daily wear.,4,"S,M,L,XL",Cotton Blend,True,7 days,9 days,2025-08-23T21:35:19.372251,category/sports-&-fitness,meesho_complete_dataset_20250902_213519.json
MEESHO_1000881,GoSriKi Formal Shirt - Mobile Accessories,Electronics,Mobile Accessories,GoSriKi,2141,1263,41,3.2,4258,Limited Stock,Seller_428,https://images.meesho.com/images/products/1000881/1_512.jpg,https://www.meesho.com/product/1000881,High quality formal shirt from GoSriKi. Perfect for daily wear.,5,Free Size,Rayon,True,No return,5 days,2025-08-12T21:35:19.372258,category/electronics,meesho_complete_dataset_20250902_213519.json
MEESHO_1000882,Mast & Harbour Running Shoes - Automotive,Automotive,Automotive,Mast & Harbour,1401,995,29,3.9,4049,In Stock,Seller_513,https://images.meesho.com/images/products/1000882/1_512.jpg,https://www.meesho.com/product/1000882,High quality running shoes from Mast & Harbour. Perfect for daily wear.,2,"S,M,L,XL",Cotton Blend,True,No return,6 days,2025-08-10T21:35:19.372265,category/automotive,meesho_complete_dataset_20250902_213519.json
MEESHO_1000883,Mast & Harbour Mobile Cover - Headphones,Electronics,Headphones,Mast & Harbour,1645,592,64,3.9,137,Out of Stock,Seller_520,https://images.meesho.com/images/products/1000883/1_512.jpg,https://www.meesho.com/product/1000883,High quality mobile cover from Mast & Harbour. Perfect for daily wear.,4,Free Size,Polyester,False,15 days,4 days,2025-08-12T21:35:19.372273,category/electronics,meesho_complete_dataset_20250902_213519.json
MEESHO_1000884,SASSAFRAS Ethnic Suit - Home Decor,Home & Kitchen,Home Decor,SASSAFRAS,1295,544,58,4.2,3669,Out of Stock,Seller_469,https://images.meesho.com/images/products/1000884/1_512.jpg,https://www.meesho.com/product/1000884,High quality ethnic suit from SASSAFRAS. Perfect for daily wear.,3,One Size,Cotton,True,No return,6 days,2025-08-30T21:35:19.372281,category/home-&-kitchen,meesho_complete_dataset_20250902_213519.json
MEESHO_1000885,Libas Handbag - Hair Accessories,Accessories,Hair Accessories,Libas,2319,904,61,3.1,4754,Out of Stock,Seller_57,https://images.meesho.com/images/products/1000885/1_512.jpg,https://www.meesho.com/product/1000885,High quality handbag from Libas. Perfect for daily wear.,6,"S,M,L,XL",Polyester,True,7 days,5 days,2025-08-08T21:35:19.372288,category/accessories,meesho_complete_dataset_20250902_213519.json
MEESHO_1000886,HERE&NOW Jewelry Set - Makeup,Beauty & Health,Makeup,HERE&NOW,1417,538,62,3.3,2970,Out of Stock,Seller_679,https://images.meesho.com/images/products/1000886/1_512.jpg,https://www.meesho.com/product/1000886,High quality jewelry set from HERE&NOW. Perfect for daily wear.,8,"28,30,32,34",Rayon,True,15 days,10 days,2025-08-03T21:35:19.372294,category/beauty-&-health,meesho_complete_dataset_20250902_213519.json
MEESHO_1000887,Anouk Face Cream - Books,Books,Books,Anouk,1697,713,58,3.9,2071,In Stock,Seller_835,https://images.meesho.com/images/products/1000887/1_512.jpg,https://www.meesho.com/product/1000887,High quality face cream from Anouk. Perfect for daily wear.,1,"28,30,32,34",Rayon,False,15 days,3 days,2025-08-18T21:35:19.372301,category/books,meesho_complete_dataset_20250902_213519.json
MEESHO_1000888,Libas Cotton Kurti - Hair Accessories,Accessories,Hair Accessories,Libas,2879,1900,34,3.0,4377,In Stock,Seller_926,https://images.meesho.com/images/products/1000888/1_512.jpg,https://www.meesho.com/product/1000888,High quality cotton kurti from Libas. Perfect for daily wear.,1,"28,30,32,34",Cotton Blend,True,No return,4 days,2025-08-09T21:35:19.372309,category/accessories,meesho_complete_dataset_20250902_213519.json
MEESHO_1000889,HERE&NOW Formal Shirt - Sports & Fitness,Sports & Fitness,Sports & Fitness,HERE&NOW,643,405,37,4.3,3967,In Stock,Seller_650,https://images.meesho.com/images/products/1000889/1_512.jpg,https://www.meesho.com/product/1000889,High quality formal shirt from HERE&NOW. Perfect for daily wear.,1,"28,30,32,34",Silk,False,No return,10 days,2025-08-03T21:35:19.372316,category/sports-&-fitness,meesho_complete_dataset_20250902_213519.json
MEESHO_1000890,Varanga Face Cream - Books,Books,Books,Varanga,1568,612,61,3.4,1385,In Stock,Seller_911,https://images.meesho.com/images/products/1000890/1_512.jpg,https://www.meesho.com/product/1000890,High quality face cream from Varanga. Perfect for daily wear.,1,"S,M,L,XL",Rayon,False,7 days,10 days,2025-08-10T21:35:19.372323,category/books,meesho_complete_dataset_20250902_213519.json
MEESHO_1000891,Soch Bedsheet Set - T-Shirts,Men Clothing,T-Shirts,Soch,1022,664,35,3.1,4069,Limited Stock,Seller_912,https://images.meesho.com/images/products/1000891/1_512.jpg,https://www.meesho.com/product/1000891,High quality bedsheet set from Soch. Perfect for daily wear.,8,One Size,Cotton,True,No return,3 days,2025-08-29T21:35:19.372329,category/men-clothing,meesho_complete_dataset_20250902_213519.json
MEESHO_1000892,Janasya Handbag - Boys Clothing,Kids Clothing,Boys Clothing,Janasya,584,234,60,4.2,1189,Limited Stock,Seller_846,https://images.meesho.com/images/products/1000892/1_512.jpg,https://www.meesho.com/product/1000892,High quality handbag from Janasya. Perfect for daily wear.,8,"28,30,32,34",Cotton,False,7 days,9 days,2025-08-15T21:35:19.372336,category/kids-clothing,meesho_complete_dataset_20250902_213519.json
MEESHO_1000893,Mast & Harbour Running Shoes - Books,Books,Books,Mast & Harbour,705,261,63,3.3,1568,Limited Stock,Seller_794,https://images.meesho.com/images/products/1000893/1_512.jpg,https://www.meesho.com/product/1000893,High quality running shoes from Mast & Harbour. Perfect for daily wear.,3,"S,M,L,XL",Rayon,False,15 days,3 days,2025-08-11T21:35:19.372342,category/books,meesho_complete_dataset_20250902_213519.json
MEESHO_1000894,Vishudh Formal Shirt - Books,Books,Books,Vishudh,2039,754,63,3.7,911,In Stock,Seller_493,https://images.meesho.com/images/products/1000894/1_512.jpg,https://www.meesho.com/product/1000894,High quality formal shirt from Vishudh. Perfect for daily wear.,6,"S,M,L,XL",Rayon,False,7 days,9 days,2025-09-01T21:35:19.372349,category/books,meesho_complete_dataset_20250902_213519.json
MEESHO_1000895,Janasya Mobile Cover - Home Decor,Home & Kitchen,Home Decor,Janasya,1427,628,56,4.3,1444,In Stock,Seller_251,https://images.meesho.com/images/products/1000895/1_512.jpg,https://www.meesho.com/product/1000895,High quality mobile cover from Janasya. Perfect for daily wear.,6,Free Size,Cotton,False,7 days,9 days,2025-08-08T21:35:19.372355,category/home-&-kitchen,meesho_complete_dataset_20250902_213519.json
MEESHO_1000896,SASSAFRAS Hair Oil - Toys & Games,Toys & Games,Toys & Games,SASSAFRAS,1657,928,44,3.4,411,Out of Stock,Seller_657,https://images.meesho.com/images/products/1000896/1_512.jpg,https://www.meesho.com/product/1000896,High quality hair oil from SASSAFRAS. Perfect for daily wear.,7,One Size,Polyester,True,7 days,4 days,2025-08-07T21:35:19.372362,category/toys-&-games,meesho_complete_dataset_20250902_213519.json
MEESHO_1000897,GoSriKi Jewelry Set - Automotive,Automotive,Automotive,GoSriKi,2596,1558,40,3.9,1887,Out of Stock,Seller_268,https://images.meesho.com/images/products/1000897/1_512.jpg,https://www.meesho.com/product/1000897,High quality jewelry set from GoSriKi. Perfect for daily wear.,7,One Size,Cotton Blend,True,15 days,10 days,2025-08-06T21:35:19.372368,category/automotive,meesho_complete_dataset_20250902_213519.json
MEESHO_1000898,Indya Handbag - Baby Clothing,Kids Clothing,Baby Clothing,Indya,2126,1063,50,3.4,4451,Out of Stock,Seller_879,https://images.meesho.com/images/products/1000898/1_512.jpg,https://www.meesho.com/product/1000898,High quality handbag from Indya. Perfect for daily wear.,4,One Size,Silk,True,15 days,5 days,2025-08-30T21:35:19.372377,category/kids-clothing,meesho_complete_dataset_20250902_213519.json
MEESHO_1000899,Vishudh Wall Clock - Ethnic Wear,Women Clothing,Ethnic Wear,Vishudh,2521,2244,11,4.7,3533,Limited Stock,Seller_212,https://images.meesho.com/images/products/1000899/1_512.jpg,https://www.meesho.com/product/1000899,High quality wall clock from Vishudh. Perfect for daily wear.,8,One Size,Polyester,False,7 days,5 days,2025-08-04T21:35:19.372384,category/women-clothing,meesho_complete_dataset_20250902_213519.json
MEESHO_1000900,Libas Kids T-Shirt - Sandals,Bags & Footwear,Sandals,Libas,2909,2385,18,3.3,1471,Limited Stock,Seller_378,https://images.meesho.com/images/products/1000900/1_512.jpg,https://www.meesho.com/product/1000900,High quality kids t-shirt from Libas. Perfect for daily wear.,8,"S,M,L,XL",Cotton Blend,False,7 days,10 days,2025-08-10T21:35:19.372391,category/bags-&-footwear,meesho_complete_dataset_20250902_213519.json
MEESHO_1000901,Roadster Kids T-Shirt - Books,Books,Books,Roadster,2654,1539,42,4.4,2121,In Stock,Seller_368,https://images.meesho.com/images/products/1000901/1_512.jpg,https://www.meesho.com/product/1000901,High quality kids t-shirt from Roadster. Perfect for daily wear.,5,Free Size,Cotton,False,15 days,4 days,2025-08-09T21:35:19.372397,category/books,meesho_complete_dataset_20250902_213519.json
MEESHO_1000902,HERE&NOW Printed Saree - Toys & Games,Toys & Games,Toys & Games,HERE&NOW,1199,887,26,4.0,2908,In Stock,Seller_679,https://images.meesho.com/images/products/1000902/1_512.jpg,https://www.meesho.com/product/1000902,High quality printed saree from HERE&NOW. Perfect for daily wear.,3,"28,30,32,34",Silk,True,No return,8 days,2025-08-31T21:35:19.372404,category/toys-&-games,meesho_complete_dataset_20250902_213519.json
MEESHO_1000903,GoSriKi Casual Dress - Kurtas,Women Clothing,Kurtas,GoSriKi,1749,1242,29,4.7,4672,In Stock,Seller_516,https://images.meesho.com/images/products/1000903/1_512.jpg,https://www.meesho.com/product/1000903,High quality casual dress from GoSriKi. Perfect for daily wear.,4,Free Size,Cotton,False,7 days,8 days,2025-08-16T21:35:19.372411,category/women-clothing,meesho_complete_dataset_20250902_213519.json
MEESHO_1000904,Sangria Bedsheet Set - Books,Books,Books,Sangria,2074,1141,45,3.2,4448,Out of Stock,Seller_893,https://images.meesho.com/images/products/1000904/1_512.jpg,https://www.meesho.com/product/1000904,High quality bedsheet set from Sangria. Perfect for daily wear.,5,"S,M,L,XL",Cotton,True,No return,7 days,2025-08-23T21:35:19.372418,category/books,meesho_complete_dataset_20250902_213519.json
MEESHO_1000905,GoSriKi Running Shoes - Kurtas,Women Clothing,Kurtas,GoSriKi,1981,1605,19,3.3,4088,Out of Stock,Seller_984,https://images.meesho.com/images/products/1000905/1_512.jpg,https://www.meesho.com/product/1000905,High quality running shoes from GoSriKi. Perfect for daily wear.,4,"S,M,L,XL",Cotton Blend,False,15 days,8 days,2025-08-11T21:35:19.372426,category/women-clothing,meesho_complete_dataset_20250902_213519.json
MEESHO_1000906,Anouk Denim Jeans - Casual Wear,Men Clothing,Casual Wear,Anouk,646,233,64,4.5,1275,Out of Stock,Seller_750,https://images.meesho.com/images/products/1000906/1_512.jpg,https://www.meesho.com/product/1000906,High quality denim jeans from Anouk. Perfect for daily wear.,3,"28,30,32,34",Polyester,False,15 days,5 days,2025-08-16T21:35:19.372432,category/men-clothing,meesho_complete_dataset_20250902_213519.json
MEESHO_1000907,Sangria Denim Jeans - Sarees,Women Clothing,Sarees,Sangria,325,150,54,3.4,3941,Out of Stock,Seller_346,https://images.meesho.com/images/products/1000907/1_512.jpg,https://www.meesho.com/product/1000907,High quality denim jeans from Sangria. Perfect for daily wear.,4,One Size,Polyester,False,No return,3 days,2025-08-14T21:35:19.372439,category/women-clothing,meesho_complete_dataset_20250902_213519.json
MEESHO_1000908,Janasya Cotton Kurti - Hair Accessories,Accessories,Hair Accessories,Janasya,1336,588,56,3.9,2530,In Stock,Seller_21,https://images.meesho.com/images/products/1000908/1_512.jpg,https://www.meesho.com/product/1000908,High quality cotton kurti from Janasya. Perfect for daily wear.,7,Free Size,Cotton Blend,False,7 days,8 days,2025-08-21T21:35:19.372445,category/accessories,meesho_complete_dataset_20250902_213519.json
MEESHO_1000909,GoSriKi Denim Jeans - Cleaning,Home & Kitchen,Cleaning,GoSriKi,740,518,30,4.7,427,In Stock,Seller_422,https://images.meesho.com/images/products/1000909/1_512.jpg,https://www.meesho.com/product/1000909,High quality denim jeans from GoSriKi. Perfect for daily wear.,8,One Size,Rayon,False,No return,9 days,2025-08-24T21:35:19.372452,category/home-&-kitchen,meesho_complete_dataset_20250902_213519.json
MEESHO_1000910,Indya Denim Jeans - Sports & Fitness,Sports & Fitness,Sports & Fitness,Indya,2656,2019,24,3.9,2607,In Stock,Seller_212,https://images.meesho.com/images/products/1000910/1_512.jpg,https://www.meesho.com/product/1000910,High quality denim jeans from Indya. Perfect for daily wear.,5,One Size,Polyester,True,No return,5 days,2025-08-17T21:35:19.372459,category/sports-&-fitness,meesho_complete_dataset_20250902_213519.json
MEESHO_1000911,GoSriKi Jewelry Set - Shoes,Bags & Footwear,Shoes,GoSriKi,1159,707,39,3.2,1730,Out of Stock,Seller_524,https://images.meesho.com/images/products/1000911/1_512.jpg,https://www.meesho.com/product/1000911,High quality jewelry set from GoSriKi. Perfect for daily wear.,3,Free Size,Silk,False,7 days,4 days,2025-08-08T21:35:19.372465,category/bags-&-footwear,meesho_complete_dataset_20250902_213519.json
MEESHO_1000912,Vishudh Hair Oil - Kurtas,Men Clothing,Kurtas,Vishudh,2985,1403,53,3.7,3600,In Stock,Seller_324,https://images.meesho.com/images/products/1000912/1_512.jpg,https://www.meesho.com/product/1000912,High quality hair oil from Vishudh. Perfect for daily wear.,3,"S,M,L,XL",Rayon,False,No return,6 days,2025-08-10T21:35:19.372472,category/men-clothing,meesho_complete_dataset_20250902_213519.json
MEESHO_1000913,Varanga Denim Jeans - Books,Books,Books,Varanga,2886,2164,25,3.9,3860,Limited Stock,Seller_370,https://images.meesho.com/images/products/1000913/1_512.jpg,https://www.meesho.com/product/1000913,High quality denim jeans from Varanga. Perfect for daily wear.,2,"28,30,32,34",Polyester,False,7 days,9 days,2025-08-27T21:35:19.372479,category/books,meesho_complete_dataset_20250902_213519.json
MEESHO_1000914,Indya Wall Clock - Sports & Fitness,Sports & Fitness,Sports & Fitness,Indya,1940,1474,24,4.8,2447,Out of Stock,Seller_535,https://images.meesho.com/images/products/1000914/1_512.jpg,https://www.meesho.com/product/1000914,High quality wall clock from Indya. Perfect for daily wear.,5,One Size,Rayon,False,15 days,7 days,2025-08-04T21:35:19.372485,category/sports-&-fitness,meesho_complete_dataset_20250902_213519.json
MEESHO_1000915,Varanga Jewelry Set - Home Decor,Home & Kitchen,Home Decor,Varanga,2353,1741,26,3.3,3391,Out of Stock,Seller_692,https://images.meesho.com/images/products/1000915/1_512.jpg,https://www.meesho.com/product/1000915,High quality jewelry set from Varanga. Perfect for daily wear.,7,One Size,Silk,False,15 days,3 days,2025-08-07T21:35:19.372492,category/home-&-kitchen,meesho_complete_dataset_20250902_213519.json
MEESHO_1000916,Aks Formal Shirt - Cleaning,Home & Kitchen,Cleaning,Aks,353,282,20,4.5,2718,Limited Stock,Seller_300,https://images.meesho.com/images/products/1000916/1_512.jpg,https://www.meesho.com/product/1000916,High quality formal shirt from Aks. Perfect for daily wear.,7,"28,30,32,34",Polyester,True,15 days,5 days,2025-08-03T21:35:19.372499,category/home-&-kitchen,meesho_complete_dataset_20250902_213519.json
MEESHO_1000917,Manthan Cotton Kurti - Backpacks,Bags & Footwear,Backpacks,Manthan,956,784,18,4.5,3418,In Stock,Seller_844,https://images.meesho.com/images/products/1000917/1_512.jpg,https://www.meesho.com/product/1000917,High quality cotton kurti from Manthan. Perfect for daily wear.,7,"28,30,32,34",Cotton Blend,False,No return,4 days,2025-08-04T21:35:19.372506,category/bags-&-footwear,meesho_complete_dataset_20250902_213519.json
MEESHO_1000918,Anouk Denim Jeans - Sports & Fitness,Sports & Fitness,Sports & Fitness,Anouk,2753,2092,24,3.9,2085,Limited Stock,Seller_516,https://images.meesho.com/images/products/1000918/1_512.jpg,https://www.meesho.com/product/1000918,High quality denim jeans from Anouk. Perfect for daily wear.,2,"28,30,32,34",Polyester,False,15 days,9 days,2025-08-23T21:35:19.372512,category/sports-&-fitness,meesho_complete_dataset_20250902_213519.json
MEESHO_1000919,Varanga Jewelry Set - Sports & Fitness,Sports & Fitness,Sports & Fitness,Varanga,2599,1248,52,4.1,2408,Out of Stock,Seller_779,https://images.meesho.com/images/products/1000919/1_512.jpg,https://www.meesho.com/product/1000919,High quality jewelry set from Varanga. Perfect for daily wear.,2,"28,30,32,34",Cotton,False,No return,4 days,2025-08-11T21:35:19.372519,category/sports-&-fitness,meesho_complete_dataset_20250902_213519.json
MEESHO_1000920,Mast & Harbour Running Shoes - Health Supplements,Beauty & Health,Health Supplements,Mast & Harbour,1666,1316,21,4.8,2122,Limited Stock,Seller_94,https://images.meesho.com/images/products/1000920/1_512.jpg,https://www.meesho.com/product/1000920,High quality running shoes from Mast & Harbour. Perfect for daily wear.,5,One Size,Polyester,True,7 days,9 days,2025-08-25T21:35:19.372526,category/beauty-&-health,meesho_complete_dataset_20250902_213519.json
MEESHO_1000921,Soch Denim Jeans - Tops,Women Clothing,Tops,Soch,402,310,23,3.2,51,Limited Stock,Seller_160,https://images.meesho.com/images/products/1000921/1_512.jpg,https://www.meesho.com/product/1000921,High quality denim jeans from Soch. Perfect for daily wear.,4,"28,30,32,34",Silk,False,15 days,4 days,2025-08-05T21:35:19.372532,category/women-clothing,meesho_complete_dataset_20250902_213519.json
MEESHO_1000922,Manthan Cotton Kurti - Automotive,Automotive,Automotive,Manthan,1891,908,52,4.3,1314,Out of Stock,Seller_172,https://images.meesho.com/images/products/1000922/1_512.jpg,https://www.meesho.com/product/1000922,High quality cotton kurti from Manthan. Perfect for daily wear.,6,"28,30,32,34",Cotton,True,No return,7 days,2025-08-06T21:35:19.372539,category/automotive,meesho_complete_dataset_20250902_213519.json
MEESHO_1000923,DressBerry Kitchen Set - Skincare,Beauty & Health,Skincare,DressBerry,254,180,29,4.7,2113,In Stock,Seller_508,https://images.meesho.com/images/products/1000923/1_512.jpg,https://www.meesho.com/product/1000923,High quality kitchen set from DressBerry. Perfect for daily wear.,1,One Size,Cotton,False,7 days,4 days,2025-08-07T21:35:19.372546,category/beauty-&-health,meesho_complete_dataset_20250902_213519.json
MEESHO_1000924,Anouk Jewelry Set - Kurtas,Men Clothing,Kurtas,Anouk,2314,1273,45,3.6,431,Out of Stock,Seller_79,https://images.meesho.com/images/products/1000924/1_512.jpg,https://www.meesho.com/product/1000924,High quality jewelry set from Anouk. Perfect for daily wear.,5,Free Size,Rayon,True,No return,7 days,2025-08-16T21:35:19.372552,category/men-clothing,meesho_complete_dataset_20250902_213519.json
MEESHO_1000925,Sangria Ethnic Suit - Books,Books,Books,Sangria,2399,1487,38,4.5,4749,In Stock,Seller_822,https://images.meesho.com/images/products/1000925/1_512.jpg,https://www.meesho.com/product/1000925,High quality ethnic suit from Sangria. Perfect for daily wear.,2,"28,30,32,34",Cotton,False,7 days,4 days,2025-08-27T21:35:19.372560,category/books,meesho_complete_dataset_20250902_213519.json
MEESHO_1000926,Anouk Face Cream - Sports & Fitness,Sports & Fitness,Sports & Fitness,Anouk,408,343,16,4.8,1985,Limited Stock,Seller_518,https://images.meesho.com/images/products/1000926/1_512.jpg,https://www.meesho.com/product/1000926,High quality face cream from Anouk. Perfect for daily wear.,5,One Size,Cotton Blend,False,No return,6 days,2025-08-08T21:35:19.372569,category/sports-&-fitness,meesho_complete_dataset_20250902_213519.json
MEESHO_1000927,Mast & Harbour Jewelry Set - Kitchen Appliances,Home & Kitchen,Kitchen Appliances,Mast & Harbour,2024,1822,10,4.5,4860,Limited Stock,Seller_216,https://images.meesho.com/images/products/1000927/1_512.jpg,https://www.meesho.com/product/1000927,High quality jewelry set from Mast & Harbour. Perfect for daily wear.,2,One Size,Cotton Blend,False,15 days,4 days,2025-08-09T21:35:19.372576,category/home-&-kitchen,meesho_complete_dataset_20250902_213519.json
MEESHO_1000928,Soch Hair Oil - Ethnic Wear,Women Clothing,Ethnic Wear,Soch,324,269,17,4.1,4197,Limited Stock,Seller_920,https://images.meesho.com/images/products/1000928/1_512.jpg,https://www.meesho.com/product/1000928,High quality hair oil from Soch. Perfect for daily wear.,6,"28,30,32,34",Polyester,True,7 days,4 days,2025-08-29T21:35:19.372583,category/women-clothing,meesho_complete_dataset_20250902_213519.json
MEESHO_1000929,Global Desi Printed Saree - Handbags,Bags & Footwear,Handbags,Global Desi,1530,1300,15,3.4,2447,In Stock,Seller_922,https://images.meesho.com/images/products/1000929/1_512.jpg,https://www.meesho.com/product/1000929,High quality printed saree from Global Desi. Perfect for daily wear.,1,"S,M,L,XL",Rayon,False,15 days,10 days,2025-08-15T21:35:19.372589,category/bags-&-footwear,meesho_complete_dataset_20250902_213519.json
MEESHO_1000930,Global Desi Running Shoes - Books,Books,Books,Global Desi,2405,1347,44,4.1,4841,Limited Stock,Seller_517,https://images.meesho.com/images/products/1000930/1_512.jpg,https://www.meesho.com/product/1000930,High quality running shoes from Global Desi. Perfect for daily wear.,6,"28,30,32,34",Cotton Blend,True,No return,5 days,2025-08-30T21:35:19.372596,category/books,meesho_complete_dataset_20250902_213519.json
MEESHO_1000931,HERE&NOW Handbag - Sarees,Women Clothing,Sarees,HERE&NOW,236,212,10,3.8,423,Limited Stock,Seller_749,https://images.meesho.com/images/products/1000931/1_512.jpg,https://www.meesho.com/product/1000931,High quality handbag from HERE&NOW. Perfect for daily wear.,5,One Size,Cotton,False,No return,7 days,2025-08-31T21:35:19.372602,category/women-clothing,meesho_complete_dataset_20250902_213519.json
MEESHO_1000932,DressBerry Handbag - Headphones,Electronics,Headphones,DressBerry,2250,832,63,4.3,3326,Limited Stock,Seller_860,https://images.meesho.com/images/products/1000932/1_512.jpg,https://www.meesho.com/product/1000932,High quality handbag from DressBerry. Perfect for daily wear.,5,One Size,Silk,True,No return,5 days,2025-08-22T21:35:19.372609,category/electronics,meesho_complete_dataset_20250902_213519.json
MEESHO_1000933,Mast & Harbour Bedsheet Set - Sports & Fitness,Sports & Fitness,Sports & Fitness,Mast & Harbour,2702,865,68,3.5,2639,Out of Stock,Seller_294,https://images.meesho.com/images/products/1000933/1_512.jpg,https://www.meesho.com/product/1000933,High quality bedsheet set from Mast & Harbour. Perfect for daily wear.,6,One Size,Silk,False,No return,7 days,2025-08-14T21:35:19.372616,category/sports-&-fitness,meesho_complete_dataset_20250902_213519.json
MEESHO_1000934,Anouk Wall Clock - Mobile Accessories,Electronics,Mobile Accessories,Anouk,247,170,31,3.9,376,Limited Stock,Seller_307,https://images.meesho.com/images/products/1000934/1_512.jpg,https://www.meesho.com/product/1000934,High quality wall clock from Anouk. Perfect for daily wear.,3,"28,30,32,34",Rayon,True,No return,4 days,2025-08-26T21:35:19.372623,category/electronics,meesho_complete_dataset_20250902_213519.json
MEESHO_1000935,SASSAFRAS Formal Shirt - Boys Clothing,Kids Clothing,Boys Clothing,SASSAFRAS,1996,1537,23,4.3,953,In Stock,Seller_560,https://images.meesho.com/images/products/1000935/1_512.jpg,https://www.meesho.com/product/1000935,High quality formal shirt from SASSAFRAS. Perfect for daily wear.,8,"S,M,L,XL",Cotton Blend,False,7 days,4 days,2025-08-12T21:35:19.372629,category/kids-clothing,meesho_complete_dataset_20250902_213519.json
MEESHO_1000936,DressBerry Kitchen Set - Storage,Home & Kitchen,Storage,DressBerry,1091,480,56,3.3,1518,Limited Stock,Seller_107,https://images.meesho.com/images/products/1000936/1_512.jpg,https://www.meesho.com/product/1000936,High quality kitchen set from DressBerry. Perfect for daily wear.,3,"28,30,32,34",Cotton,False,No return,9 days,2025-08-04T21:35:19.372636,category/home-&-kitchen,meesho_complete_dataset_20250902_213519.json
MEESHO_1000937,SASSAFRAS Formal Shirt - Ethnic Wear,Men Clothing,Ethnic Wear,SASSAFRAS,2237,1790,20,4.5,3080,Limited Stock,Seller_612,https://images.meesho.com/images/products/1000937/1_512.jpg,https://www.meesho.com/product/1000937,High quality formal shirt from SASSAFRAS. Perfect for daily wear.,3,"S,M,L,XL",Cotton Blend,False,No return,9 days,2025-08-13T21:35:19.372642,category/men-clothing,meesho_complete_dataset_20250902_213519.json
MEESHO_1000938,Manthan Bedsheet Set - Toys & Games,Toys & Games,Toys & Games,Manthan,2278,980,57,4.1,2687,Limited Stock,Seller_817,https://images.meesho.com/images/products/1000938/1_512.jpg,https://www.meesho.com/product/1000938,High quality bedsheet set from Manthan. Perfect for daily wear.,6,Free Size,Cotton,True,7 days,5 days,2025-08-08T21:35:19.372649,category/toys-&-games,meesho_complete_dataset_20250902_213519.json
MEESHO_1000939,Aks Bedsheet Set - Automotive,Automotive,Automotive,Aks,352,123,65,4.5,3195,In Stock,Seller_822,https://images.meesho.com/images/products/1000939/1_512.jpg,https://www.meesho.com/product/1000939,High quality bedsheet set from Aks. Perfect for daily wear.,5,Free Size,Rayon,False,7 days,9 days,2025-08-10T21:35:19.372656,category/automotive,meesho_complete_dataset_20250902_213519.json
MEESHO_1000940,HERE&NOW Hair Oil - Toys & Games,Toys & Games,Toys & Games,HERE&NOW,1527,1313,14,4.4,3524,Limited Stock,Seller_978,https://images.meesho.com/images/products/1000940/1_512.jpg,https://www.meesho.com/product/1000940,High quality hair oil from HERE&NOW. Perfect for daily wear.,4,One Size,Polyester,True,7 days,10 days,2025-08-31T21:35:19.372662,category/toys-&-games,meesho_complete_dataset_20250902_213519.json
MEESHO_1000941,Indya Handbag - Gadgets,Electronics,Gadgets,Indya,1302,963,26,4.5,839,In Stock,Seller_119,https://images.meesho.com/images/products/1000941/1_512.jpg,https://www.meesho.com/product/1000941,High quality handbag from Indya. Perfect for daily wear.,1,"28,30,32,34",Cotton,False,15 days,3 days,2025-08-13T21:35:19.372669,category/electronics,meesho_complete_dataset_20250902_213519.json
MEESHO_1000942,MIMOSA Kids T-Shirt - Suits,Women Clothing,Suits,MIMOSA,636,216,66,3.5,3519,Out of Stock,Seller_490,https://images.meesho.com/images/products/1000942/1_512.jpg,https://www.meesho.com/product/1000942,High quality kids t-shirt from MIMOSA. Perfect for daily wear.,8,Free Size,Cotton,True,15 days,3 days,2025-08-27T21:35:19.372676,category/women-clothing,meesho_complete_dataset_20250902_213519.json
MEESHO_1000943,Vishudh Mobile Cover - Suits,Women Clothing,Suits,Vishudh,1949,877,55,3.6,4343,Out of Stock,Seller_369,https://images.meesho.com/images/products/1000943/1_512.jpg,https://www.meesho.com/product/1000943,High quality mobile cover from Vishudh. Perfect for daily wear.,6,"28,30,32,34",Polyester,True,No return,6 days,2025-08-11T21:35:19.372682,category/women-clothing,meesho_complete_dataset_20250902_213519.json
MEESHO_1000944,Janasya Mobile Cover - Chargers,Electronics,Chargers,Janasya,142,64,55,3.0,4545,Limited Stock,Seller_750,https://images.meesho.com/images/products/1000944/1_512.jpg,https://www.meesho.com/product/1000944,High quality mobile cover from Janasya. Perfect for daily wear.,3,"28,30,32,34",Polyester,True,15 days,7 days,2025-08-09T21:35:19.372689,category/electronics,meesho_complete_dataset_20250902_213519.json
MEESHO_1000945,Indya Handbag - Kitchen Appliances,Home & Kitchen,Kitchen Appliances,Indya,1979,1009,49,3.0,155,Limited Stock,Seller_419,https://images.meesho.com/images/products/1000945/1_512.jpg,https://www.meesho.com/product/1000945,High quality handbag from Indya. Perfect for daily wear.,6,"S,M,L,XL",Rayon,True,15 days,3 days,2025-08-21T21:35:19.372695,category/home-&-kitchen,meesho_complete_dataset_20250902_213519.json
MEESHO_1000946,HERE&NOW Jewelry Set - Sports & Fitness,Sports & Fitness,Sports & Fitness,HERE&NOW,2481,1439,42,3.9,4954,Out of Stock,Seller_76,https://images.meesho.com/images/products/1000946/1_512.jpg,https://www.meesho.com/product/1000946,High quality jewelry set from HERE&NOW. Perfect for daily wear.,8,"28,30,32,34",Cotton,False,No return,10 days,2025-08-04T21:35:19.372702,category/sports-&-fitness,meesho_complete_dataset_20250902_213519.json
MEESHO_1000947,Libas Kitchen Set - Sports & Fitness,Sports & Fitness,Sports & Fitness,Libas,674,357,47,3.5,3692,In Stock,Seller_367,https://images.meesho.com/images/products/1000947/1_512.jpg,https://www.meesho.com/product/1000947,High quality kitchen set from Libas. Perfect for daily wear.,1,Free Size,Cotton Blend,True,7 days,9 days,2025-08-15T21:35:19.372708,category/sports-&-fitness,meesho_complete_dataset_20250902_213519.json
MEESHO_1000948,Mast & Harbour Denim Jeans - Wallets,Bags & Footwear,Wallets,Mast & Harbour,2871,1550,46,4.7,4618,Out of Stock,Seller_143,https://images.meesho.com/images/products/1000948/1_512.jpg,https://www.meesho.com/product/1000948,High quality denim jeans from Mast & Harbour. Perfect for daily wear.,7,"28,30,32,34",Polyester,True,No return,4 days,2025-08-12T21:35:19.372717,category/bags-&-footwear,meesho_complete_dataset_20250902_213519.json
MEESHO_1000949,DressBerry Mobile Cover - Automotive,Automotive,Automotive,DressBerry,1973,1736,12,4.0,4334,Limited Stock,Seller_631,https://images.meesho.com/images/products/1000949/1_512.jpg,https://www.meesho.com/product/1000949,High quality mobile cover from DressBerry. Perfect for daily wear.,6,Free Size,Rayon,True,7 days,3 days,2025-09-02T21:35:19.372723,category/automotive,meesho_complete_dataset_20250902_213519.json
MEESHO_1000950,Roadster Kitchen Set - Jewelry,Accessories,Jewelry,Roadster,2992,2453,18,4.3,3589,Out of Stock,Seller_966,https://images.meesho.com/images/products/1000950/1_512.jpg,https://www.meesho.com/product/1000950,High quality kitchen set from Roadster. Perfect for daily wear.,4,"28,30,32,34",Cotton Blend,False,15 days,4 days,2025-08-30T21:35:19.372730,category/accessories,meesho_complete_dataset_20250902_213519.json
MEESHO_1000951,Anouk Ethnic Suit - Toys & Games,Toys & Games,Toys & Games,Anouk,606,521,14,4.2,3793,In Stock,Seller_414,https://images.meesho.com/images/products/1000951/1_512.jpg,https://www.meesho.com/product/1000951,High quality ethnic suit from Anouk. Perfect for daily wear.,4,Free Size,Polyester,True,15 days,6 days,2025-08-22T21:35:19.372737,category/toys-&-games,meesho_complete_dataset_20250902_213519.json
MEESHO_1000952,Indya Bedsheet Set - Girls Clothing,Kids Clothing,Girls Clothing,Indya,1568,862,45,3.6,667,Limited Stock,Seller_342,https://images.meesho.com/images/products/1000952/1_512.jpg,https://www.meesho.com/product/1000952,High quality bedsheet set from Indya. Perfect for daily wear.,1,One Size,Polyester,False,7 days,9 days,2025-08-17T21:35:19.372744,category/kids-clothing,meesho_complete_dataset_20250902_213519.json
MEESHO_1000953,Janasya Denim Jeans - Chargers,Electronics,Chargers,Janasya,2897,2231,23,4.4,1783,Limited Stock,Seller_583,https://images.meesho.com/images/products/1000953/1_512.jpg,https://www.meesho.com/product/1000953,High quality denim jeans from Janasya. Perfect for daily wear.,7,"28,30,32,34",Cotton Blend,False,7 days,7 days,2025-08-16T21:35:19.372751,category/electronics,meesho_complete_dataset_20250902_213519.json
MEESHO_1000954,Aks Printed Saree - Sports & Fitness,Sports & Fitness,Sports & Fitness,Aks,2854,913,68,4.0,4665,Limited Stock,Seller_300,https://images.meesho.com/images/products/1000954/1_512.jpg,https://www.meesho.com/product/1000954,High quality printed saree from Aks. Perfect for daily wear.,4,One Size,Polyester,False,7 days,10 days,2025-08-04T21:35:19.372758,category/sports-&-fitness,meesho_complete_dataset_20250902_213519.json
MEESHO_1000955,Soch Casual Dress - Baby Clothing,Kids Clothing,Baby Clothing,Soch,437,249,43,3.2,1527,In Stock,Seller_436,https://images.meesho.com/images/products/1000955/1_512.jpg,https://www.meesho.com/product/1000955,High quality casual dress from Soch. Perfect for daily wear.,5,One Size,Rayon,False,15 days,3 days,2025-08-12T21:35:19.372766,category/kids-clothing,meesho_complete_dataset_20250902_213519.json
MEESHO_1000956,Janasya Wall Clock - Books,Books,Books,Janasya,124,56,55,4.1,1016,Limited Stock,Seller_570,https://images.meesho.com/images/products/1000956/1_512.jpg,https://www.meesho.com/product/1000956,High quality wall clock from Janasya. Perfect for daily wear.,6,One Size,Silk,True,15 days,5 days,2025-08-31T21:35:19.372775,category/books,meesho_complete_dataset_20250902_213519.json
MEESHO_1000957,SASSAFRAS Cotton Kurti - Automotive,Automotive,Automotive,SASSAFRAS,596,477,20,4.1,4470,Limited Stock,Seller_595,https://images.meesho.com/images/products/1000957/1_512.jpg,https://www.meesho.com/product/1000957,High quality cotton kurti from SASSAFRAS. Perfect for daily wear.,3,"28,30,32,34",Cotton Blend,False,15 days,6 days,2025-08-22T21:35:19.372782,category/automotive,meesho_complete_dataset_20250902_213519.json
MEESHO_1000958,Janasya Handbag - Storage,Home & Kitchen,Storage,Janasya,2234,1296,42,4.4,623,Limited Stock,Seller_121,https://images.meesho.com/images/products/1000958/1_512.jpg,https://www.meesho.com/product/1000958,High quality handbag from Janasya. Perfect for daily wear.,8,"28,30,32,34",Cotton,False,7 days,7 days,2025-08-06T21:35:19.372788,category/home-&-kitchen,meesho_complete_dataset_20250902_213519.json
MEESHO_1000959,Soch Wall Clock - Automotive,Automotive,Automotive,Soch,329,141,57,3.7,2274,Out of Stock,Seller_200,https://images.meesho.com/images/products/1000959/1_512.jpg,https://www.meesho.com/product/1000959,High quality wall clock from Soch. Perfect for daily wear.,1,One Size,Polyester,True,7 days,5 days,2025-09-02T21:35:19.372795,category/automotive,meesho_complete_dataset_20250902_213519.json
MEESHO_1000960,Manthan Handbag - Automotive,Automotive,Automotive,Manthan,2256,677,70,3.4,3250,In Stock,Seller_779,https://images.meesho.com/images/products/1000960/1_512.jpg,https://www.meesho.com/product/1000960,High quality handbag from Manthan. Perfect for daily wear.,4,"28,30,32,34",Rayon,False,7 days,4 days,2025-08-25T21:35:19.372801,category/automotive,meesho_complete_dataset_20250902_213519.json
MEESHO_1000961,Janasya Bedsheet Set - Bedding,Home & Kitchen,Bedding,Janasya,2282,867,62,4.3,1449,In Stock,Seller_129,https://images.meesho.com/images/products/1000961/1_512.jpg,https://www.meesho.com/product/1000961,High quality bedsheet set from Janasya. Perfect for daily wear.,1,"S,M,L,XL",Rayon,True,15 days,10 days,2025-09-02T21:35:19.372808,category/home-&-kitchen,meesho_complete_dataset_20250902_213519.json
MEESHO_1000962,Aks Denim Jeans - Hair Accessories,Accessories,Hair Accessories,Aks,2696,1213,55,4.1,3022,In Stock,Seller_893,https://images.meesho.com/images/products/1000962/1_512.jpg,https://www.meesho.com/product/1000962,High quality denim jeans from Aks. Perfect for daily wear.,1,Free Size,Cotton,True,7 days,6 days,2025-08-14T21:35:19.372814,category/accessories,meesho_complete_dataset_20250902_213519.json
MEESHO_1000963,Soch Cotton Kurti - Kurtas,Men Clothing,Kurtas,Soch,1655,1473,11,3.8,297,Limited Stock,Seller_117,https://images.meesho.com/images/products/1000963/1_512.jpg,https://www.meesho.com/product/1000963,High quality cotton kurti from Soch. Perfect for daily wear.,6,One Size,Cotton,True,7 days,8 days,2025-08-12T21:35:19.372821,category/men-clothing,meesho_complete_dataset_20250902_213519.json
MEESHO_1000964,Varanga Denim Jeans - Sunglasses,Accessories,Sunglasses,Varanga,1795,736,59,3.2,4336,In Stock,Seller_467,https://images.meesho.com/images/products/1000964/1_512.jpg,https://www.meesho.com/product/1000964,High quality denim jeans from Varanga. Perfect for daily wear.,3,Free Size,Cotton,True,7 days,10 days,2025-08-27T21:35:19.372827,category/accessories,meesho_complete_dataset_20250902_213519.json
MEESHO_1000965,SASSAFRAS Casual Dress - Ethnic Wear,Men Clothing,Ethnic Wear,SASSAFRAS,345,117,66,4.8,3356,Limited Stock,Seller_531,https://images.meesho.com/images/products/1000965/1_512.jpg,https://www.meesho.com/product/1000965,High quality casual dress from SASSAFRAS. Perfect for daily wear.,1,"S,M,L,XL",Polyester,False,No return,3 days,2025-08-27T21:35:19.372834,category/men-clothing,meesho_complete_dataset_20250902_213519.json
MEESHO_1000966,Global Desi Printed Saree - Home Decor,Home & Kitchen,Home Decor,Global Desi,1769,1114,37,3.8,2189,Out of Stock,Seller_646,https://images.meesho.com/images/products/1000966/1_512.jpg,https://www.meesho.com/product/1000966,High quality printed saree from Global Desi. Perfect for daily wear.,6,"S,M,L,XL",Silk,False,No return,4 days,2025-08-28T21:35:19.372840,category/home-&-kitchen,meesho_complete_dataset_20250902_213519.json
MEESHO_1000967,Vishudh Printed Saree - Toys & Games,Toys & Games,Toys & Games,Vishudh,1566,1347,14,4.6,2454,Limited Stock,Seller_192,https://images.meesho.com/images/products/1000967/1_512.jpg,https://www.meesho.com/product/1000967,High quality printed saree from Vishudh. Perfect for daily wear.,3,"S,M,L,XL",Polyester,True,15 days,8 days,2025-08-25T21:35:19.372847,category/toys-&-games,meesho_complete_dataset_20250902_213519.json
MEESHO_1000968,Janasya Denim Jeans - Automotive,Automotive,Automotive,Janasya,156,122,22,3.6,3398,Out of Stock,Seller_964,https://images.meesho.com/images/products/1000968/1_512.jpg,https://www.meesho.com/product/1000968,High quality denim jeans from Janasya. Perfect for daily wear.,8,One Size,Cotton,True,7 days,8 days,2025-08-07T21:35:19.372854,category/automotive,meesho_complete_dataset_20250902_213519.json
MEESHO_1000969,Varanga Cotton Kurti - Storage,Home & Kitchen,Storage,Varanga,239,184,23,4.0,2701,Limited Stock,Seller_142,https://images.meesho.com/images/products/1000969/1_512.jpg,https://www.meesho.com/product/1000969,High quality cotton kurti from Varanga. Perfect for daily wear.,5,"28,30,32,34",Cotton,True,7 days,3 days,2025-08-22T21:35:19.372863,category/home-&-kitchen,meesho_complete_dataset_20250902_213519.json
MEESHO_1000970,Roadster Kitchen Set - Shirts,Men Clothing,Shirts,Roadster,1261,1047,17,4.6,323,Limited Stock,Seller_83,https://images.meesho.com/images/products/1000970/1_512.jpg,https://www.meesho.com/product/1000970,High quality kitchen set from Roadster. Perfect for daily wear.,7,Free Size,Rayon,False,15 days,7 days,2025-08-09T21:35:19.372869,category/men-clothing,meesho_complete_dataset_20250902_213519.json
MEESHO_1000971,SASSAFRAS Mobile Cover - Jewelry,Accessories,Jewelry,SASSAFRAS,2436,999,59,3.4,4957,Out of Stock,Seller_280,https://images.meesho.com/images/products/1000971/1_512.jpg,https://www.meesho.com/product/1000971,High quality mobile cover from SASSAFRAS. Perfect for daily wear.,3,"S,M,L,XL",Cotton Blend,False,7 days,3 days,2025-08-14T21:35:19.372876,category/accessories,meesho_complete_dataset_20250902_213519.json
MEESHO_1000972,Varanga Wall Clock - Shirts,Men Clothing,Shirts,Varanga,983,796,19,3.4,2822,Out of Stock,Seller_436,https://images.meesho.com/images/products/1000972/1_512.jpg,https://www.meesho.com/product/1000972,High quality wall clock from Varanga. Perfect for daily wear.,6,Free Size,Polyester,False,7 days,6 days,2025-08-18T21:35:19.372882,category/men-clothing,meesho_complete_dataset_20250902_213519.json
MEESHO_1000973,Aks Printed Saree - Toys & Games,Toys & Games,Toys & Games,Aks,1730,848,51,3.3,1414,Limited Stock,Seller_386,https://images.meesho.com/images/products/1000973/1_512.jpg,https://www.meesho.com/product/1000973,High quality printed saree from Aks. Perfect for daily wear.,6,"28,30,32,34",Cotton Blend,True,15 days,3 days,2025-08-12T21:35:19.372889,category/toys-&-games,meesho_complete_dataset_20250902_213519.json
MEESHO_1000974,Manthan Casual Dress - Shoes,Bags & Footwear,Shoes,Manthan,1071,750,30,3.7,3931,Limited Stock,Seller_835,https://images.meesho.com/images/products/1000974/1_512.jpg,https://www.meesho.com/product/1000974,High quality casual dress from Manthan. Perfect for daily wear.,5,One Size,Cotton Blend,True,15 days,7 days,2025-08-18T21:35:19.372895,category/bags-&-footwear,meesho_complete_dataset_20250902_213519.json
MEESHO_1000975,Varanga Running Shoes - Gadgets,Electronics,Gadgets,Varanga,2271,818,64,4.8,249,Limited Stock,Seller_203,https://images.meesho.com/images/products/1000975/1_512.jpg,https://www.meesho.com/product/1000975,High quality running shoes from Varanga. Perfect for daily wear.,5,"S,M,L,XL",Rayon,True,15 days,5 days,2025-08-29T21:35:19.372902,category/electronics,meesho_complete_dataset_20250902_213519.json
MEESHO_1000976,Mast & Harbour Wall Clock - Sunglasses,Accessories,Sunglasses,Mast & Harbour,2401,1008,58,3.6,1524,In Stock,Seller_478,https://images.meesho.com/images/products/1000976/1_512.jpg,https://www.meesho.com/product/1000976,High quality wall clock from Mast & Harbour. Perfect for daily wear.,7,One Size,Silk,True,7 days,7 days,2025-08-13T21:35:19.372908,category/accessories,meesho_complete_dataset_20250902_213519.json
MEESHO_1000977,Anouk Wall Clock - Automotive,Automotive,Automotive,Anouk,453,249,45,4.4,3600,Out of Stock,Seller_828,https://images.meesho.com/images/products/1000977/1_512.jpg,https://www.meesho.com/product/1000977,High quality wall clock from Anouk. Perfect for daily wear.,2,One Size,Polyester,False,No return,4 days,2025-09-01T21:35:19.372915,category/automotive,meesho_complete_dataset_20250902_213519.json
MEESHO_1000978,Sangria Casual Dress - Sunglasses,Accessories,Sunglasses,Sangria,509,351,31,4.4,2911,Limited Stock,Seller_449,https://images.meesho.com/images/products/1000978/1_512.jpg,https://www.meesho.com/product/1000978,High quality casual dress from Sangria. Perfect for daily wear.,6,"S,M,L,XL",Silk,False,15 days,8 days,2025-08-30T21:35:19.372921,category/accessories,meesho_complete_dataset_20250902_213519.json
MEESHO_1000979,GoSriKi Bedsheet Set - Shoes,Bags & Footwear,Shoes,GoSriKi,380,220,42,4.3,796,Limited Stock,Seller_674,https://images.meesho.com/images/products/1000979/1_512.jpg,https://www.meesho.com/product/1000979,High quality bedsheet set from GoSriKi. Perfect for daily wear.,3,"28,30,32,34",Rayon,True,15 days,3 days,2025-08-24T21:35:19.372928,category/bags-&-footwear,meesho_complete_dataset_20250902_213519.json
MEESHO_1000980,Libas Formal Shirt - Sandals,Bags & Footwear,Sandals,Libas,2341,702,70,4.1,1548,Out of Stock,Seller_348,https://images.meesho.com/images/products/1000980/1_512.jpg,https://www.meesho.com/product/1000980,High quality formal shirt from Libas. Perfect for daily wear.,5,"28,30,32,34",Cotton,False,No return,10 days,2025-08-21T21:35:19.372934,category/bags-&-footwear,meesho_complete_dataset_20250902_213519.json
MEESHO_1000981,Aks Running Shoes - Hair Care,Beauty & Health,Hair Care,Aks,1588,540,66,4.5,1421,In Stock,Seller_246,https://images.meesho.com/images/products/1000981/1_512.jpg,https://www.meesho.com/product/1000981,High quality running shoes from Aks. Perfect for daily wear.,5,"S,M,L,XL",Cotton,False,No return,6 days,2025-08-15T21:35:19.372940,category/beauty-&-health,meesho_complete_dataset_20250902_213519.json
MEESHO_1000982,GoSriKi Wall Clock - Sarees,Women Clothing,Sarees,GoSriKi,830,581,30,3.4,4144,Out of Stock,Seller_940,https://images.meesho.com/images/products/1000982/1_512.jpg,https://www.meesho.com/product/1000982,High quality wall clock from GoSriKi. Perfect for daily wear.,6,"S,M,L,XL",Cotton Blend,False,15 days,4 days,2025-08-16T21:35:19.372947,category/women-clothing,meesho_complete_dataset_20250902_213519.json
MEESHO_1000983,Global Desi Bedsheet Set - Kurtas,Women Clothing,Kurtas,Global Desi,829,547,34,4.4,3392,Limited Stock,Seller_893,https://images.meesho.com/images/products/1000983/1_512.jpg,https://www.meesho.com/product/1000983,High quality bedsheet set from Global Desi. Perfect for daily wear.,6,"28,30,32,34",Rayon,False,15 days,7 days,2025-08-21T21:35:19.372953,category/women-clothing,meesho_complete_dataset_20250902_213519.json
MEESHO_1000984,HERE&NOW Cotton Kurti - Jeans,Men Clothing,Jeans,HERE&NOW,266,178,33,3.0,879,In Stock,Seller_662,https://images.meesho.com/images/products/1000984/1_512.jpg,https://www.meesho.com/product/1000984,High quality cotton kurti from HERE&NOW. Perfect for daily wear.,1,One Size,Silk,True,No return,5 days,2025-08-18T21:35:19.372959,category/men-clothing,meesho_complete_dataset_20250902_213519.json
MEESHO_1000985,Manthan Bedsheet Set - Sports & Fitness,Sports & Fitness,Sports & Fitness,Manthan,2883,1211,58,4.0,2431,In Stock,Seller_582,https://images.meesho.com/images/products/1000985/1_512.jpg,https://www.meesho.com/product/1000985,High quality bedsheet set from Manthan. Perfect for daily wear.,2,"28,30,32,34",Cotton Blend,True,15 days,8 days,2025-08-26T21:35:19.372965,category/sports-&-fitness,meesho_complete_dataset_20250902_213519.json
MEESHO_1000986,Manthan Denim Jeans - Wallets,Bags & Footwear,Wallets,Manthan,1850,888,52,4.4,225,Out of Stock,Seller_549,https://images.meesho.com/images/products/1000986/1_512.jpg,https://www.meesho.com/product/1000986,High quality denim jeans from Manthan. Perfect for daily wear.,4,"S,M,L,XL",Polyester,True,No return,7 days,2025-08-31T21:35:19.372972,category/bags-&-footwear,meesho_complete_dataset_20250902_213519.json
MEESHO_1000987,GoSriKi Handbag - Toys & Games,Toys & Games,Toys & Games,GoSriKi,2340,1006,57,3.7,2407,Limited Stock,Seller_601,https://images.meesho.com/images/products/1000987/1_512.jpg,https://www.meesho.com/product/1000987,High quality handbag from GoSriKi. Perfect for daily wear.,8,"S,M,L,XL",Cotton Blend,False,15 days,10 days,2025-08-20T21:35:19.372978,category/toys-&-games,meesho_complete_dataset_20250902_213519.json
MEESHO_1000988,Indya Printed Saree - Girls Clothing,Kids Clothing,Girls Clothing,Indya,1139,683,40,3.7,85,Out of Stock,Seller_919,https://images.meesho.com/images/products/1000988/1_512.jpg,https://www.meesho.com/product/1000988,High quality printed saree from Indya. Perfect for daily wear.,7,Free Size,Cotton,True,15 days,5 days,2025-08-27T21:35:19.372984,category/kids-clothing,meesho_complete_dataset_20250902_213519.json
MEESHO_1000989,Libas Wall Clock - Jeans,Men Clothing,Jeans,Libas,424,199,53,3.3,2050,In Stock,Seller_990,https://images.meesho.com/images/products/1000989/1_512.jpg,https://www.meesho.com/product/1000989,High quality wall clock from Libas. Perfect for daily wear.,6,"S,M,L,XL",Cotton,True,7 days,9 days,2025-08-21T21:35:19.372992,category/men-clothing,meesho_complete_dataset_20250902_213519.json
MEESHO_1000990,Global Desi Kitchen Set - Books,Books,Books,Global Desi,2502,1001,60,3.2,4287,Limited Stock,Seller_40,https://images.meesho.com/images/products/1000990/1_512.jpg,https://www.meesho.com/product/1000990,High quality kitchen set from Global Desi. Perfect for daily wear.,8,One Size,Silk,True,No return,9 days,2025-08-06T21:35:19.373005,category/books,meesho_complete_dataset_20250902_213519.json
MEESHO_1000991,Global Desi Running Shoes - Hair Care,Beauty & Health,Hair Care,Global Desi,2385,1121,53,4.6,1284,In Stock,Seller_680,https://images.meesho.com/images/products/1000991/1_512.jpg,https://www.meesho.com/product/1000991,High quality running shoes from Global Desi. Perfect for daily wear.,7,One Size,Silk,True,7 days,9 days,2025-08-22T21:35:19.373013,category/beauty-&-health,meesho_complete_dataset_20250902_213519.json
MEESHO_1000992,Indya Kitchen Set - Suits,Women Clothing,Suits,Indya,2325,1883,19,3.6,4178,Out of Stock,Seller_423,https://images.meesho.com/images/products/1000992/1_512.jpg,https://www.meesho.com/product/1000992,High quality kitchen set from Indya. Perfect for daily wear.,6,"28,30,32,34",Cotton Blend,False,No return,5 days,2025-08-25T21:35:19.373020,category/women-clothing,meesho_complete_dataset_20250902_213519.json
MEESHO_1000993,HERE&NOW Kitchen Set - Girls Clothing,Kids Clothing,Girls Clothing,HERE&NOW,2790,1172,58,3.2,4681,Limited Stock,Seller_723,https://images.meesho.com/images/products/1000993/1_512.jpg,https://www.meesho.com/product/1000993,High quality kitchen set from HERE&NOW. Perfect for daily wear.,6,Free Size,Cotton,True,15 days,9 days,2025-08-25T21:35:19.373026,category/kids-clothing,meesho_complete_dataset_20250902_213519.json
MEESHO_1000994,Varanga Running Shoes - Automotive,Automotive,Automotive,Varanga,508,330,35,4.0,2605,In Stock,Seller_577,https://images.meesho.com/images/products/1000994/1_512.jpg,https://www.meesho.com/product/1000994,High quality running shoes from Varanga. Perfect for daily wear.,5,"28,30,32,34",Polyester,False,15 days,8 days,2025-09-01T21:35:19.373033,category/automotive,meesho_complete_dataset_20250902_213519.json
MEESHO_1000995,Roadster Kitchen Set - Shoes,Bags & Footwear,Shoes,Roadster,849,255,70,3.9,873,Limited Stock,Seller_152,https://images.meesho.com/images/products/1000995/1_512.jpg,https://www.meesho.com/product/1000995,High quality kitchen set from Roadster. Perfect for daily wear.,2,"28,30,32,34",Rayon,False,15 days,4 days,2025-08-19T21:35:19.373039,category/bags-&-footwear,meesho_complete_dataset_20250902_213519.json
MEESHO_1000996,Libas Denim Jeans - Books,Books,Books,Libas,1846,757,59,3.6,3787,Limited Stock,Seller_358,https://images.meesho.com/images/products/1000996/1_512.jpg,https://www.meesho.com/product/1000996,High quality denim jeans from Libas. Perfect for daily wear.,5,One Size,Cotton Blend,True,7 days,5 days,2025-08-10T21:35:19.373046,category/books,meesho_complete_dataset_20250902_213519.json
MEESHO_1000997,HERE&NOW Ethnic Suit - Personal Care,Beauty & Health,Personal Care,HERE&NOW,1978,1760,11,4.4,3028,Limited Stock,Seller_89,https://images.meesho.com/images/products/1000997/1_512.jpg,https://www.meesho.com/product/1000997,High quality ethnic suit from HERE&NOW. Perfect for daily wear.,2,"28,30,32,34",Polyester,False,No return,4 days,2025-08-14T21:35:19.373053,category/beauty-&-health,meesho_complete_dataset_20250902_213519.json
MEESHO_1000998,Roadster Kids T-Shirt - Health Supplements,Beauty & Health,Health Supplements,Roadster,2732,1748,36,4.2,3364,Limited Stock,Seller_68,https://images.meesho.com/images/products/1000998/1_512.jpg,https://www.meesho.com/product/1000998,High quality kids t-shirt from Roadster. Perfect for daily wear.,7,Free Size,Silk,True,No return,7 days,2025-08-09T21:35:19.373060,category/beauty-&-health,meesho_complete_dataset_20250902_213519.json
MEESHO_1000999,Aks Kids T-Shirt - Sports & Fitness,Sports & Fitness,Sports & Fitness,Aks,1413,537,62,4.3,2091,Limited Stock,Seller_462,https://images.meesho.com/images/products/1000999/1_512.jpg,https://www.meesho.com/product/1000999,High quality kids t-shirt from Aks. Perfect for daily wear.,1,"28,30,32,34",Cotton Blend,True,7 days,8 days,2025-08-22T21:35:19.373066,category/sports-&-fitness,meesho_complete_dataset_20250902_213519.json
MEESHO_1000000,Aks Mobile Cover - Books,Books,Books,Aks,2299,759,67,4.6,3795,Out of Stock,Seller_203,https://images.meesho.com/images/products/1000000/1_512.jpg,https://www.meesho.com/product/1000000,High quality mobile cover from Aks. Perfect for daily wear.,4,"28,30,32,34",Rayon,False,7 days,8 days,2025-08-12T21:52:40.180392,category/books,meesho_complete_dataset_20250902_215240.json
MEESHO_1000001,MIMOSA Kitchen Set - Makeup,Beauty & Health,Makeup,MIMOSA,1198,743,38,4.1,328,In Stock,Seller_132,https://images.meesho.com/images/products/1000001/1_512.jpg,https://www.meesho.com/product/1000001,High quality kitchen set from MIMOSA. Perfect for daily wear.,3,One Size,Silk,False,7 days,7 days,2025-08-13T21:52:40.180412,category/beauty-&-health,meesho_complete_dataset_20250902_215240.json
MEESHO_1000002,Aks Handbag - Mobile Accessories,Electronics,Mobile Accessories,Aks,689,482,30,3.9,861,Limited Stock,Seller_962,https://images.meesho.com/images/products/1000002/1_512.jpg,https://www.meesho.com/product/1000002,High quality handbag from Aks. Perfect for daily wear.,6,"28,30,32,34",Cotton,True,7 days,5 days,2025-08-17T21:52:40.180424,category/electronics,meesho_complete_dataset_20250902_215240.json
MEESHO_1000003,Manthan Kids T-Shirt - Books,Books,Books,Manthan,1510,1314,13,3.7,640,In Stock,Seller_843,https://images.meesho.com/images/products/1000003/1_512.jpg,https://www.meesho.com/product/1000003,High quality kids t-shirt from Manthan. Perfect for daily wear.,6,Free Size,Cotton,True,15 days,6 days,2025-08-29T21:52:40.180432,category/books,meesho_complete_dataset_20250902_215240.json
MEESHO_1000004,Vishudh Casual Dress - Home Decor,Home & Kitchen,Home Decor,Vishudh,429,266,38,3.9,2480,Limited Stock,Seller_483,https://images.meesho.com/images/products/1000004/1_512.jpg,https://www.meesho.com/product/1000004,High quality casual dress from Vishudh. Perfect for daily wear.,1,One Size,Rayon,True,No return,5 days,2025-08-27T21:52:40.180439,category/home-&-kitchen,meesho_complete_dataset_20250902_215240.json
MEESHO_1000005,Anouk Hair Oil - Books,Books,Books,Anouk,2372,854,64,3.5,1737,Out of Stock,Seller_960,https://images.meesho.com/images/products/1000005/1_512.jpg,https://www.meesho.com/product/1000005,High quality hair oil from Anouk. Perfect for daily wear.,8,Free Size,Cotton Blend,True,No return,8 days,2025-08-11T21:52:40.180446,category/books,meesho_complete_dataset_20250902_215240.json
MEESHO_1000006,Roadster Bedsheet Set - Sports & Fitness,Sports & Fitness,Sports & Fitness,Roadster,2922,1490,49,4.4,859,Out of Stock,Seller_774,https://images.meesho.com/images/products/1000006/1_512.jpg,https://www.meesho.com/product/1000006,High quality bedsheet set from Roadster. Perfect for daily wear.,3,Free Size,Rayon,False,7 days,7 days,2025-08-08T21:52:40.180453,category/sports-&-fitness,meesho_complete_dataset_20250902_215240.json
MEESHO_1000007,Vishudh Bedsheet Set - Ethnic Wear,Men Clothing,Ethnic Wear,Vishudh,565,181,68,3.7,445,Limited Stock,Seller_146,https://images.meesho.com/images/products/1000007/1_512.jpg,https://www.meesho.com/product/1000007,High quality bedsheet set from Vishudh. Perfect for daily wear.,3,"28,30,32,34",Cotton Blend,True,7 days,6 days,2025-08-24T21:52:40.180460,category/men-clothing,meesho_complete_dataset_20250902_215240.json
MEESHO_1000008,Global Desi Jewelry Set - Storage,Home & Kitchen,Storage,Global Desi,454,286,37,3.9,2038,Limited Stock,Seller_631,https://images.meesho.com/images/products/1000008/1_512.jpg,https://www.meesho.com/product/1000008,High quality jewelry set from Global Desi. Perfect for daily wear.,8,"S,M,L,XL",Cotton Blend,False,7 days,6 days,2025-08-23T21:52:40.180467,category/home-&-kitchen,meesho_complete_dataset_20250902_215240.json
MEESHO_1000009,DressBerry Printed Saree - Toys & Games,Toys & Games,Toys & Games,DressBerry,1682,1076,36,4.7,2326,In Stock,Seller_990,https://images.meesho.com/images/products/1000009/1_512.jpg,https://www.meesho.com/product/1000009,High quality printed saree from DressBerry. Perfect for daily wear.,4,"28,30,32,34",Silk,False,15 days,4 days,2025-08-21T21:52:40.180473,category/toys-&-games,meesho_complete_dataset_20250902_215240.json
MEESHO_1000010,GoSriKi Printed Saree - Chargers,Electronics,Chargers,GoSriKi,717,423,41,4.0,1804,In Stock,Seller_176,https://images.meesho.com/images/products/1000010/1_512.jpg,https://www.meesho.com/product/1000010,High quality printed saree from GoSriKi. Perfect for daily wear.,3,One Size,Rayon,False,7 days,4 days,2025-08-26T21:52:40.180480,category/electronics,meesho_complete_dataset_20250902_215240.json
MEESHO_1000011,Varanga Denim Jeans - Makeup,Beauty & Health,Makeup,Varanga,1362,790,42,4.5,857,Out of Stock,Seller_505,https://images.meesho.com/images/products/1000011/1_512.jpg,https://www.meesho.com/product/1000011,High quality denim jeans from Varanga. Perfect for daily wear.,1,One Size,Silk,True,7 days,7 days,2025-08-16T21:52:40.180488,category/beauty-&-health,meesho_complete_dataset_20250902_215240.json
MEESHO_1000012,Roadster Kids T-Shirt - Automotive,Automotive,Automotive,Roadster,1312,525,60,3.6,4263,In Stock,Seller_468,https://images.meesho.com/images/products/1000012/1_512.jpg,https://www.meesho.com/product/1000012,High quality kids t-shirt from Roadster. Perfect for daily wear.,8,Free Size,Silk,True,15 days,9 days,2025-08-04T21:52:40.180495,category/automotive,meesho_complete_dataset_20250902_215240.json
MEESHO_1000013,Global Desi Kids T-Shirt - Kurtas,Men Clothing,Kurtas,Global Desi,1579,1042,34,3.8,2482,Out of Stock,Seller_946,https://images.meesho.com/images/products/1000013/1_512.jpg,https://www.meesho.com/product/1000013,High quality kids t-shirt from Global Desi. Perfect for daily wear.,6,"S,M,L,XL",Polyester,False,7 days,9 days,2025-08-14T21:52:40.180501,category/men-clothing,meesho_complete_dataset_20250902_215240.json
MEESHO_1000014,MIMOSA Denim Jeans - Books,Books,Books,MIMOSA,2152,1270,41,3.4,970,In Stock,Seller_204,https://images.meesho.com/images/products/1000014/1_512.jpg,https://www.meesho.com/product/1000014,High quality denim jeans from MIMOSA. Perfect for daily wear.,3,Free Size,Cotton,True,7 days,4 days,2025-08-30T21:52:40.180508,category/books,meesho_complete_dataset_20250902_215240.json
MEESHO_1000015,Roadster Kids T-Shirt - Shoes,Bags & Footwear,Shoes,Roadster,2048,1536,25,3.6,2879,Limited Stock,Seller_348,https://images.meesho.com/images/products/1000015/1_512.jpg,https://www.meesho.com/product/1000015,High quality kids t-shirt from Roadster. Perfect for daily wear.,5,Free Size,Silk,True,15 days,10 days,2025-09-01T21:52:40.180514,category/bags-&-footwear,meesho_complete_dataset_20250902_215240.json
MEESHO_1000016,Vishudh Kids T-Shirt - Girls Clothing,Kids Clothing,Girls Clothing,Vishudh,848,670,21,4.0,2112,Out of Stock,Seller_395,https://images.meesho.com/images/products/1000016/1_512.jpg,https://www.meesho.com/product/1000016,High quality kids t-shirt from Vishudh. Perfect for daily wear.,2,Free Size,Rayon,False,No return,10 days,2025-08-09T21:52:40.180521,category/kids-clothing,meesho_complete_dataset_20250902_215240.json
MEESHO_1000017,Roadster Kids T-Shirt - Chargers,Electronics,Chargers,Roadster,437,271,38,4.3,2828,Out of Stock,Seller_234,https://images.meesho.com/images/products/1000017/1_512.jpg,https://www.meesho.com/product/1000017,High quality kids t-shirt from Roadster. Perfect for daily wear.,3,"28,30,32,34",Cotton,True,15 days,8 days,2025-08-18T21:52:40.180527,category/electronics,meesho_complete_dataset_20250902_215240.json
MEESHO_1000018,Global Desi Running Shoes - Backpacks,Bags & Footwear,Backpacks,Global Desi,1057,518,51,3.7,4327,In Stock,Seller_49,https://images.meesho.com/images/products/1000018/1_512.jpg,https://www.meesho.com/product/1000018,High quality running shoes from Global Desi. Perfect for daily wear.,5,"28,30,32,34",Polyester,False,15 days,5 days,2025-08-30T21:52:40.180534,category/bags-&-footwear,meesho_complete_dataset_20250902_215240.json
MEESHO_1000019,GoSriKi Mobile Cover - Books,Books,Books,GoSriKi,782,618,21,3.9,415,Out of Stock,Seller_462,https://images.meesho.com/images/products/1000019/1_512.jpg,https://www.meesho.com/product/1000019,High quality mobile cover from GoSriKi. Perfect for daily wear.,2,One Size,Rayon,False,No return,3 days,2025-08-05T21:52:40.180540,category/books,meesho_complete_dataset_20250902_215240.json
MEESHO_1000020,SASSAFRAS Face Cream - Bedding,Home & Kitchen,Bedding,SASSAFRAS,1916,958,50,4.6,3003,Out of Stock,Seller_593,https://images.meesho.com/images/products/1000020/1_512.jpg,https://www.meesho.com/product/1000020,High quality face cream from SASSAFRAS. Perfect for daily wear.,6,Free Size,Cotton Blend,True,7 days,7 days,2025-08-03T21:52:40.180547,category/home-&-kitchen,meesho_complete_dataset_20250902_215240.json
MEESHO_1000021,HERE&NOW Face Cream - Automotive,Automotive,Automotive,HERE&NOW,743,498,33,4.6,3641,Limited Stock,Seller_497,https://images.meesho.com/images/products/1000021/1_512.jpg,https://www.meesho.com/product/1000021,High quality face cream from HERE&NOW. Perfect for daily wear.,6,Free Size,Cotton,False,No return,6 days,2025-08-11T21:52:40.180554,category/automotive,meesho_complete_dataset_20250902_215240.json
MEESHO_1000022,Libas Handbag - Ethnic Wear,Men Clothing,Ethnic Wear,Libas,2955,1803,39,3.1,1857,Out of Stock,Seller_152,https://images.meesho.com/images/products/1000022/1_512.jpg,https://www.meesho.com/product/1000022,High quality handbag from Libas. Perfect for daily wear.,3,"S,M,L,XL",Cotton,True,No return,8 days,2025-08-23T21:52:40.180560,category/men-clothing,meesho_complete_dataset_20250902_215240.json
MEESHO_1000023,Sangria Bedsheet Set - Health Supplements,Beauty & Health,Health Supplements,Sangria,452,221,51,3.1,1812,In Stock,Seller_371,https://images.meesho.com/images/products/1000023/1_512.jpg,https://www.meesho.com/product/1000023,High quality bedsheet set from Sangria. Perfect for daily wear.,7,Free Size,Rayon,False,No return,5 days,2025-08-26T21:52:40.180567,category/beauty-&-health,meesho_complete_dataset_20250902_215240.json
MEESHO_1000024,SASSAFRAS Denim Jeans - Home Decor,Home & Kitchen,Home Decor,SASSAFRAS,2224,1735,22,4.6,2765,In Stock,Seller_662,https://images.meesho.com/images/products/1000024/1_512.jpg,https://www.meesho.com/product/1000024,High quality denim jeans from SASSAFRAS. Perfect for daily wear.,2,"S,M,L,XL",Rayon,True,15 days,3 days,2025-08-04T21:52:40.180578,category/home-&-kitchen,meesho_complete_dataset_20250902_215240.json
MEESHO_1000025,Soch Formal Shirt - Automotive,Automotive,Automotive,Soch,2401,1417,41,4.8,1536,In Stock,Seller_702,https://images.meesho.com/images/products/1000025/1_512.jpg,https://www.meesho.com/product/1000025,High quality formal shirt from Soch. Perfect for daily wear.,5,Free Size,Silk,True,No return,5 days,2025-08-11T21:52:40.180584,category/automotive,meesho_complete_dataset_20250902_215240.json
MEESHO_1000026,HERE&NOW Printed Saree - Headphones,Electronics,Headphones,HERE&NOW,1799,1385,23,4.7,3227,Limited Stock,Seller_681,https://images.meesho.com/images/products/1000026/1_512.jpg,https://www.meesho.com/product/1000026,High quality printed saree from HERE&NOW. Perfect for daily wear.,1,"28,30,32,34",Polyester,False,7 days,5 days,2025-08-05T21:52:40.180591,category/electronics,meesho_complete_dataset_20250902_215240.json
MEESHO_1000027,Sangria Printed Saree - Cleaning,Home & Kitchen,Cleaning,Sangria,977,645,34,3.4,2706,Limited Stock,Seller_797,https://images.meesho.com/images/products/1000027/1_512.jpg,https://www.meesho.com/product/1000027,High quality printed saree from Sangria. Perfect for daily wear.,7,"28,30,32,34",Rayon,True,No return,9 days,2025-08-11T21:52:40.180597,category/home-&-kitchen,meesho_complete_dataset_20250902_215240.json
MEESHO_1000028,Soch Jewelry Set - Ethnic Wear,Women Clothing,Ethnic Wear,Soch,1097,625,43,4.0,2680,Limited Stock,Seller_604,https://images.meesho.com/images/products/1000028/1_512.jpg,https://www.meesho.com/product/1000028,High quality jewelry set from Soch. Perfect for daily wear.,8,Free Size,Silk,False,7 days,7 days,2025-08-11T21:52:40.180604,category/women-clothing,meesho_complete_dataset_20250902_215240.json
MEESHO_1000029,Libas Bedsheet Set - Makeup,Beauty & Health,Makeup,Libas,2129,745,65,4.0,3285,Out of Stock,Seller_180,https://images.meesho.com/images/products/1000029/1_512.jpg,https://www.meesho.com/product/1000029,High quality bedsheet set from Libas. Perfect for daily wear.,7,Free Size,Rayon,False,No return,6 days,2025-08-07T21:52:40.180610,category/beauty-&-health,meesho_complete_dataset_20250902_215240.json
MEESHO_1000030,Anouk Formal Shirt - Shoes,Bags & Footwear,Shoes,Anouk,2014,1168,42,3.0,2456,Out of Stock,Seller_45,https://images.meesho.com/images/products/1000030/1_512.jpg,https://www.meesho.com/product/1000030,High quality formal shirt from Anouk. Perfect for daily wear.,2,"28,30,32,34",Rayon,True,7 days,9 days,2025-08-06T21:52:40.180616,category/bags-&-footwear,meesho_complete_dataset_20250902_215240.json
MEESHO_1000031,MIMOSA Formal Shirt - Headphones,Electronics,Headphones,MIMOSA,814,659,19,3.4,2364,Limited Stock,Seller_647,https://images.meesho.com/images/products/1000031/1_512.jpg,https://www.meesho.com/product/1000031,High quality formal shirt from MIMOSA. Perfect for daily wear.,1,One Size,Cotton Blend,False,No return,7 days,2025-08-03T21:52:40.180623,category/electronics,meesho_complete_dataset_20250902_215240.json
MEESHO_1000032,Aks Face Cream - Books,Books,Books,Aks,1930,1640,15,4.2,4317,Out of Stock,Seller_475,https://images.meesho.com/images/products/1000032/1_512.jpg,https://www.meesho.com/product/1000032,High quality face cream from Aks. Perfect for daily wear.,8,"S,M,L,XL",Cotton,True,7 days,7 days,2025-08-05T21:52:40.180630,category/books,meesho_complete_dataset_20250902_215240.json
MEESHO_1000033,Roadster Mobile Cover - Toys & Games,Toys & Games,Toys & Games,Roadster,1797,1096,39,4.0,3356,Limited Stock,Seller_354,https://images.meesho.com/images/products/1000033/1_512.jpg,https://www.meesho.com/product/1000033,High quality mobile cover from Roadster. Perfect for daily wear.,5,Free Size,Rayon,True,No return,5 days,2025-08-06T21:52:40.180637,category/toys-&-games,meesho_complete_dataset_20250902_215240.json
MEESHO_1000034,HERE&NOW Kids T-Shirt - Cleaning,Home & Kitchen,Cleaning,HERE&NOW,2478,2106,15,3.2,2626,Out of Stock,Seller_764,https://images.meesho.com/images/products/1000034/1_512.jpg,https://www.meesho.com/product/1000034,High quality kids t-shirt from HERE&NOW. Perfect for daily wear.,3,Free Size,Silk,False,7 days,4 days,2025-08-15T21:52:40.180644,category/home-&-kitchen,meesho_complete_dataset_20250902_215240.json
MEESHO_1000035,Vishudh Kids T-Shirt - Baby Clothing,Kids Clothing,Baby Clothing,Vishudh,555,327,41,3.1,2317,In Stock,Seller_534,https://images.meesho.com/images/products/1000035/1_512.jpg,https://www.meesho.com/product/1000035,High quality kids t-shirt from Vishudh. Perfect for daily wear.,6,One Size,Cotton Blend,True,No return,5 days,2025-08-24T21:52:40.180650,category/kids-clothing,meesho_complete_dataset_20250902_215240.json
MEESHO_1000036,HERE&NOW Handbag - Automotive,Automotive,Automotive,HERE&NOW,790,371,53,4.6,4901,In Stock,Seller_79,https://images.meesho.com/images/products/1000036/1_512.jpg,https://www.meesho.com/product/1000036,High quality handbag from HERE&NOW. Perfect for daily wear.,1,Free Size,Silk,False,15 days,4 days,2025-08-14T21:52:40.180657,category/automotive,meesho_complete_dataset_20250902_215240.json
MEESHO_1000037,HERE&NOW Printed Saree - Backpacks,Bags & Footwear,Backpacks,HERE&NOW,522,313,40,3.3,682,In Stock,Seller_121,https://images.meesho.com/images/products/1000037/1_512.jpg,https://www.meesho.com/product/1000037,High quality printed saree from HERE&NOW. Perfect for daily wear.,4,Free Size,Cotton Blend,True,No return,7 days,2025-08-22T21:52:40.180665,category/bags-&-footwear,meesho_complete_dataset_20250902_215240.json
MEESHO_1000038,Vishudh Bedsheet Set - Storage,Home & Kitchen,Storage,Vishudh,625,494,21,4.6,796,In Stock,Seller_738,https://images.meesho.com/images/products/1000038/1_512.jpg,https://www.meesho.com/product/1000038,High quality bedsheet set from Vishudh. Perfect for daily wear.,5,"28,30,32,34",Cotton,True,No return,3 days,2025-08-13T21:52:40.180671,category/home-&-kitchen,meesho_complete_dataset_20250902_215240.json
MEESHO_1000039,Indya Formal Shirt - Baby Clothing,Kids Clothing,Baby Clothing,Indya,367,206,44,3.4,861,Out of Stock,Seller_990,https://images.meesho.com/images/products/1000039/1_512.jpg,https://www.meesho.com/product/1000039,High quality formal shirt from Indya. Perfect for daily wear.,7,"S,M,L,XL",Silk,True,7 days,5 days,2025-08-06T21:52:40.180677,category/kids-clothing,meesho_complete_dataset_20250902_215240.json
MEESHO_1000040,SASSAFRAS Casual Dress - School Uniforms,Kids Clothing,School Uniforms,SASSAFRAS,1500,585,61,3.2,2533,Out of Stock,Seller_139,https://images.meesho.com/images/products/1000040/1_512.jpg,https://www.meesho.com/product/1000040,High quality casual dress from SASSAFRAS. Perfect for daily wear.,8,"28,30,32,34",Silk,False,15 days,6 days,2025-08-08T21:52:40.180684,category/kids-clothing,meesho_complete_dataset_20250902_215240.json
MEESHO_1000041,Varanga Handbag - Hair Care,Beauty & Health,Hair Care,Varanga,2861,1345,53,4.0,4156,Out of Stock,Seller_387,https://images.meesho.com/images/products/1000041/1_512.jpg,https://www.meesho.com/product/1000041,High quality handbag from Varanga. Perfect for daily wear.,2,One Size,Rayon,False,15 days,3 days,2025-08-18T21:52:40.180690,category/beauty-&-health,meesho_complete_dataset_20250902_215240.json
MEESHO_1000042,GoSriKi Jewelry Set - Baby Clothing,Kids Clothing,Baby Clothing,GoSriKi,1518,1230,19,4.6,4362,In Stock,Seller_571,https://images.meesho.com/images/products/1000042/1_512.jpg,https://www.meesho.com/product/1000042,High quality jewelry set from GoSriKi. Perfect for daily wear.,3,"28,30,32,34",Silk,False,15 days,6 days,2025-08-16T21:52:40.180697,category/kids-clothing,meesho_complete_dataset_20250902_215240.json
MEESHO_1000043,Aks Face Cream - Sports & Fitness,Sports & Fitness,Sports & Fitness,Aks,2479,1834,26,4.3,4493,Limited Stock,Seller_100,https://images.meesho.com/images/products/1000043/1_512.jpg,https://www.meesho.com/product/1000043,High quality face cream from Aks. Perfect for daily wear.,7,"28,30,32,34",Silk,True,7 days,5 days,2025-08-12T21:52:40.180703,category/sports-&-fitness,meesho_complete_dataset_20250902_215240.json
MEESHO_1000044,Anouk Handbag - Kurtas,Women Clothing,Kurtas,Anouk,973,535,45,3.7,2214,In Stock,Seller_524,https://images.meesho.com/images/products/1000044/1_512.jpg,https://www.meesho.com/product/1000044,High quality handbag from Anouk. Perfect for daily wear.,1,"28,30,32,34",Cotton,True,15 days,3 days,2025-08-14T21:52:40.180709,category/women-clothing,meesho_complete_dataset_20250902_215240.json
MEESHO_1000045,GoSriKi Denim Jeans - Casual Wear,Men Clothing,Casual Wear,GoSriKi,1983,1646,17,3.1,1906,In Stock,Seller_948,https://images.meesho.com/images/products/1000045/1_512.jpg,https://www.meesho.com/product/1000045,High quality denim jeans from GoSriKi. Perfect for daily wear.,6,"S,M,L,XL",Cotton Blend,False,7 days,4 days,2025-08-16T21:52:40.180717,category/men-clothing,meesho_complete_dataset_20250902_215240.json
MEESHO_1000046,Libas Denim Jeans - Mobile Accessories,Electronics,Mobile Accessories,Libas,1800,666,63,3.6,4923,In Stock,Seller_589,https://images.meesho.com/images/products/1000046/1_512.jpg,https://www.meesho.com/product/1000046,High quality denim jeans from Libas. Perfect for daily wear.,6,"28,30,32,34",Cotton Blend,True,15 days,4 days,2025-08-19T21:52:40.180724,category/electronics,meesho_complete_dataset_20250902_215240.json
MEESHO_1000047,Global Desi Handbag - Sunglasses,Accessories,Sunglasses,Global Desi,801,633,21,4.3,4133,Out of Stock,Seller_962,https://images.meesho.com/images/products/1000047/1_512.jpg,https://www.meesho.com/product/1000047,High quality handbag from Global Desi. Perfect for daily wear.,7,One Size,Polyester,True,15 days,10 days,2025-08-28T21:52:40.180730,category/accessories,meesho_complete_dataset_20250902_215240.json
MEESHO_1000048,HERE&NOW Printed Saree - Jewelry,Accessories,Jewelry,HERE&NOW,2422,1526,37,4.3,1840,Limited Stock,Seller_307,https://images.meesho.com/images/products/1000048/1_512.jpg,https://www.meesho.com/product/1000048,High quality printed saree from HERE&NOW. Perfect for daily wear.,8,"S,M,L,XL",Cotton Blend,True,7 days,8 days,2025-08-25T21:52:40.180736,category/accessories,meesho_complete_dataset_20250902_215240.json
MEESHO_1000049,DressBerry Cotton Kurti - Toys & Games,Toys & Games,Toys & Games,DressBerry,1806,993,45,4.6,2438,Limited Stock,Seller_155,https://images.meesho.com/images/products/1000049/1_512.jpg,https://www.meesho.com/product/1000049,High quality cotton kurti from DressBerry. Perfect for daily wear.,7,Free Size,Cotton,True,7 days,4 days,2025-08-12T21:52:40.180742,category/toys-&-games,meesho_complete_dataset_20250902_215240.json
MEESHO_1000050,Mast & Harbour Mobile Cover - Jewelry,Accessories,Jewelry,Mast & Harbour,1876,788,58,4.0,525,Limited Stock,Seller_452,https://images.meesho.com/images/products/1000050/1_512.jpg,https://www.meesho.com/product/1000050,High quality mobile cover from Mast & Harbour. Perfect for daily wear.,6,"28,30,32,34",Polyester,True,No return,10 days,2025-09-01T21:52:40.180749,category/accessories,meesho_complete_dataset_20250902_215240.json
MEESHO_1000051,Vishudh Running Shoes - Books,Books,Books,Vishudh,2608,2008,23,3.2,1517,Out of Stock,Seller_191,https://images.meesho.com/images/products/1000051/1_512.jpg,https://www.meesho.com/product/1000051,High quality running shoes from Vishudh. Perfect for daily wear.,7,"S,M,L,XL",Silk,False,7 days,3 days,2025-08-30T21:52:40.180755,category/books,meesho_complete_dataset_20250902_215240.json
MEESHO_1000052,Soch Kids T-Shirt - Sports & Fitness,Sports & Fitness,Sports & Fitness,Soch,2067,1757,15,3.3,2730,Out of Stock,Seller_904,https://images.meesho.com/images/products/1000052/1_512.jpg,https://www.meesho.com/product/1000052,High quality kids t-shirt from Soch. Perfect for daily wear.,4,"28,30,32,34",Cotton,True,7 days,3 days,2025-08-24T21:52:40.180762,category/sports-&-fitness,meesho_complete_dataset_20250902_215240.json
MEESHO_1000053,DressBerry Casual Dress - Automotive,Automotive,Automotive,DressBerry,860,705,18,3.4,4917,Limited Stock,Seller_385,https://images.meesho.com/images/products/1000053/1_512.jpg,https://www.meesho.com/product/1000053,High quality casual dress from DressBerry. Perfect for daily wear.,8,One Size,Cotton,True,No return,6 days,2025-08-11T21:52:40.180768,category/automotive,meesho_complete_dataset_20250902_215240.json
MEESHO_1000054,DressBerry Formal Shirt - Wallets,Bags & Footwear,Wallets,DressBerry,1735,850,51,3.4,2119,Out of Stock,Seller_232,https://images.meesho.com/images/products/1000054/1_512.jpg,https://www.meesho.com/product/1000054,High quality formal shirt from DressBerry. Perfect for daily wear.,3,"S,M,L,XL",Cotton,True,15 days,6 days,2025-08-25T21:52:40.180774,category/bags-&-footwear,meesho_complete_dataset_20250902_215240.json
MEESHO_1000055,MIMOSA Formal Shirt - Sarees,Women Clothing,Sarees,MIMOSA,1053,600,43,3.1,1869,Out of Stock,Seller_134,https://images.meesho.com/images/products/1000055/1_512.jpg,https://www.meesho.com/product/1000055,High quality formal shirt from MIMOSA. Perfect for daily wear.,6,Free Size,Cotton Blend,False,15 days,5 days,2025-08-06T21:52:40.180781,category/women-clothing,meesho_complete_dataset_20250902_215240.json
MEESHO_1000056,Anouk Mobile Cover - Home Decor,Home & Kitchen,Home Decor,Anouk,1099,824,25,3.5,1209,Out of Stock,Seller_229,https://images.meesho.com/images/products/1000056/1_512.jpg,https://www.meesho.com/product/1000056,High quality mobile cover from Anouk. Perfect for daily wear.,7,One Size,Silk,False,15 days,10 days,2025-08-25T21:52:40.180787,category/home-&-kitchen,meesho_complete_dataset_20250902_215240.json
MEESHO_1000057,Vishudh Handbag - Makeup,Beauty & Health,Makeup,Vishudh,2675,1204,55,4.6,4051,Limited Stock,Seller_826,https://images.meesho.com/images/products/1000057/1_512.jpg,https://www.meesho.com/product/1000057,High quality handbag from Vishudh. Perfect for daily wear.,3,"S,M,L,XL",Silk,False,No return,6 days,2025-08-21T21:52:40.180794,category/beauty-&-health,meesho_complete_dataset_20250902_215240.json
MEESHO_1000058,Varanga Handbag - Sports & Fitness,Sports & Fitness,Sports & Fitness,Varanga,2475,1980,20,3.7,3973,Out of Stock,Seller_244,https://images.meesho.com/images/products/1000058/1_512.jpg,https://www.meesho.com/product/1000058,High quality handbag from Varanga. Perfect for daily wear.,6,"S,M,L,XL",Silk,False,No return,10 days,2025-08-23T21:52:40.180800,category/sports-&-fitness,meesho_complete_dataset_20250902_215240.json
MEESHO_1000059,Anouk Kitchen Set - Shoes,Bags & Footwear,Shoes,Anouk,114,35,69,3.4,1036,In Stock,Seller_308,https://images.meesho.com/images/products/1000059/1_512.jpg,https://www.meesho.com/product/1000059,High quality kitchen set from Anouk. Perfect for daily wear.,6,One Size,Cotton,True,7 days,10 days,2025-08-24T21:52:40.180807,category/bags-&-footwear,meesho_complete_dataset_20250902_215240.json
MEESHO_1000060,GoSriKi Ethnic Suit - Baby Clothing,Kids Clothing,Baby Clothing,GoSriKi,332,123,63,3.1,3903,In Stock,Seller_167,https://images.meesho.com/images/products/1000060/1_512.jpg,https://www.meesho.com/product/1000060,High quality ethnic suit from GoSriKi. Perfect for daily wear.,5,"28,30,32,34",Cotton,False,15 days,7 days,2025-08-19T21:52:40.180815,category/kids-clothing,meesho_complete_dataset_20250902_215240.json
MEESHO_1000061,Roadster Jewelry Set - Kurtas,Men Clothing,Kurtas,Roadster,2130,1768,17,4.2,3099,Limited Stock,Seller_559,https://images.meesho.com/images/products/1000061/1_512.jpg,https://www.meesho.com/product/1000061,High quality jewelry set from Roadster. Perfect for daily wear.,5,"28,30,32,34",Cotton,True,7 days,3 days,2025-08-05T21:52:40.180822,category/men-clothing,meesho_complete_dataset_20250902_215240.json
MEESHO_1000062,Indya Denim Jeans - Books,Books,Books,Indya,593,231,61,4.1,2672,In Stock,Seller_459,https://images.meesho.com/images/products/1000062/1_512.jpg,https://www.meesho.com/product/1000062,High quality denim jeans from Indya. Perfect for daily wear.,2,Free Size,Cotton,True,No return,9 days,2025-08-15T21:52:40.180830,category/books,meesho_complete_dataset_20250902_215240.json
MEESHO_1000063,GoSriKi Printed Saree - Automotive,Automotive,Automotive,GoSriKi,396,325,18,4.1,2490,Out of Stock,Seller_488,https://images.meesho.com/images/products/1000063/1_512.jpg,https://www.meesho.com/product/1000063,High quality printed saree from GoSriKi. Perfect for daily wear.,5,"S,M,L,XL",Silk,True,No return,8 days,2025-08-10T21:52:40.180836,category/automotive,meesho_complete_dataset_20250902_215240.json
MEESHO_1000064,Roadster Mobile Cover - Books,Books,Books,Roadster,1621,940,42,4.1,3545,In Stock,Seller_142,https://images.meesho.com/images/products/1000064/1_512.jpg,https://www.meesho.com/product/1000064,High quality mobile cover from Roadster. Perfect for daily wear.,8,"S,M,L,XL",Polyester,False,15 days,3 days,2025-08-20T21:52:40.180842,category/books,meesho_complete_dataset_20250902_215240.json
MEESHO_1000065,HERE&NOW Hair Oil - Girls Clothing,Kids Clothing,Girls Clothing,HERE&NOW,1194,454,62,3.1,2664,Out of Stock,Seller_281,https://images.meesho.com/images/products/1000065/1_512.jpg,https://www.meesho.com/product/1000065,High quality hair oil from HERE&NOW. Perfect for daily wear.,6,"S,M,L,XL",Silk,True,7 days,6 days,2025-08-29T21:52:40.180849,category/kids-clothing,meesho_complete_dataset_20250902_215240.json
MEESHO_1000066,Varanga Handbag - Ethnic Wear,Men Clothing,Ethnic Wear,Varanga,178,84,53,4.1,245,In Stock,Seller_598,https://images.meesho.com/images/products/1000066/1_512.jpg,https://www.meesho.com/product/1000066,High quality handbag from Varanga. Perfect for daily wear.,8,"28,30,32,34",Rayon,False,7 days,4 days,2025-08-07T21:52:40.180857,category/men-clothing,meesho_complete_dataset_20250902_215240.json
MEESHO_1000067,DressBerry Kids T-Shirt - Sarees,Women Clothing,Sarees,DressBerry,971,787,19,4.7,4850,Out of Stock,Seller_597,https://images.meesho.com/images/products/1000067/1_512.jpg,https://www.meesho.com/product/1000067,High quality kids t-shirt from DressBerry. Perfect for daily wear.,5,One Size,Polyester,False,15 days,9 days,2025-08-21T21:52:40.180863,category/women-clothing,meesho_complete_dataset_20250902_215240.json
MEESHO_1000068,HERE&NOW Bedsheet Set - Toys & Games,Toys & Games,Toys & Games,HERE&NOW,584,350,40,3.2,1808,Out of Stock,Seller_690,https://images.meesho.com/images/products/1000068/1_512.jpg,https://www.meesho.com/product/1000068,High quality bedsheet set from HERE&NOW. Perfect for daily wear.,6,"28,30,32,34",Cotton,True,No return,6 days,2025-08-06T21:52:40.180870,category/toys-&-games,meesho_complete_dataset_20250902_215240.json
MEESHO_1000069,MIMOSA Running Shoes - Headphones,Electronics,Headphones,MIMOSA,1968,1043,47,4.2,2680,Out of Stock,Seller_825,https://images.meesho.com/images/products/1000069/1_512.jpg,https://www.meesho.com/product/1000069,High quality running shoes from MIMOSA. Perfect for daily wear.,4,"28,30,32,34",Cotton,True,7 days,3 days,2025-08-28T21:52:40.180877,category/electronics,meesho_complete_dataset_20250902_215240.json
MEESHO_1000070,Vishudh Printed Saree - Sarees,Women Clothing,Sarees,Vishudh,1739,904,48,4.0,4008,Limited Stock,Seller_218,https://images.meesho.com/images/products/1000070/1_512.jpg,https://www.meesho.com/product/1000070,High quality printed saree from Vishudh. Perfect for daily wear.,1,One Size,Polyester,True,15 days,8 days,2025-08-29T21:52:40.180883,category/women-clothing,meesho_complete_dataset_20250902_215240.json
MEESHO_1000071,Aks Ethnic Suit - Chargers,Electronics,Chargers,Aks,1396,1187,15,3.8,3104,Out of Stock,Seller_478,https://images.meesho.com/images/products/1000071/1_512.jpg,https://www.meesho.com/product/1000071,High quality ethnic suit from Aks. Perfect for daily wear.,1,"S,M,L,XL",Cotton Blend,False,7 days,10 days,2025-08-18T21:52:40.180889,category/electronics,meesho_complete_dataset_20250902_215240.json
MEESHO_1000072,Global Desi Mobile Cover - Sports & Fitness,Sports & Fitness,Sports & Fitness,Global Desi,739,244,67,3.5,4719,Limited Stock,Seller_627,https://images.meesho.com/images/products/1000072/1_512.jpg,https://www.meesho.com/product/1000072,High quality mobile cover from Global Desi. Perfect for daily wear.,4,"S,M,L,XL",Silk,True,No return,4 days,2025-08-23T21:52:40.180895,category/sports-&-fitness,meesho_complete_dataset_20250902_215240.json
MEESHO_1000073,Indya Handbag - Kurtas,Women Clothing,Kurtas,Indya,1227,552,55,3.7,3916,In Stock,Seller_126,https://images.meesho.com/images/products/1000073/1_512.jpg,https://www.meesho.com/product/1000073,High quality handbag from Indya. Perfect for daily wear.,6,Free Size,Polyester,False,No return,4 days,2025-08-03T21:52:40.180902,category/women-clothing,meesho_complete_dataset_20250902_215240.json
MEESHO_1000074,Global Desi Kitchen Set - Sunglasses,Accessories,Sunglasses,Global Desi,2674,856,68,3.6,4859,Limited Stock,Seller_841,https://images.meesho.com/images/products/1000074/1_512.jpg,https://www.meesho.com/product/1000074,High quality kitchen set from Global Desi. Perfect for daily wear.,7,"S,M,L,XL",Silk,True,No return,7 days,2025-08-27T21:52:40.180908,category/accessories,meesho_complete_dataset_20250902_215240.json
MEESHO_1000075,Varanga Formal Shirt - Automotive,Automotive,Automotive,Varanga,2638,2084,21,3.1,1937,Limited Stock,Seller_764,https://images.meesho.com/images/products/1000075/1_512.jpg,https://www.meesho.com/product/1000075,High quality formal shirt from Varanga. Perfect for daily wear.,5,One Size,Cotton Blend,True,7 days,9 days,2025-08-11T21:52:40.180914,category/automotive,meesho_complete_dataset_20250902_215240.json
MEESHO_1000076,Vishudh Mobile Cover - School Uniforms,Kids Clothing,School Uniforms,Vishudh,1683,1380,18,4.8,2662,Limited Stock,Seller_845,https://images.meesho.com/images/products/1000076/1_512.jpg,https://www.meesho.com/product/1000076,High quality mobile cover from Vishudh. Perfect for daily wear.,4,"28,30,32,34",Silk,False,No return,8 days,2025-08-12T21:52:40.180920,category/kids-clothing,meesho_complete_dataset_20250902_215240.json
MEESHO_1000077,Soch Formal Shirt - Mobile Accessories,Electronics,Mobile Accessories,Soch,1292,840,35,4.5,2072,Out of Stock,Seller_343,https://images.meesho.com/images/products/1000077/1_512.jpg,https://www.meesho.com/product/1000077,High quality formal shirt from Soch. Perfect for daily wear.,5,Free Size,Rayon,True,7 days,6 days,2025-08-11T21:52:40.180927,category/electronics,meesho_complete_dataset_20250902_215240.json
MEESHO_1000078,Indya Ethnic Suit - Tops,Women Clothing,Tops,Indya,1817,963,47,4.6,3631,Limited Stock,Seller_660,https://images.meesho.com/images/products/1000078/1_512.jpg,https://www.meesho.com/product/1000078,High quality ethnic suit from Indya. Perfect for daily wear.,1,"S,M,L,XL",Cotton Blend,True,15 days,5 days,2025-09-02T21:52:40.180935,category/women-clothing,meesho_complete_dataset_20250902_215240.json
MEESHO_1000079,Varanga Wall Clock - Toys & Games,Toys & Games,Toys & Games,Varanga,684,383,44,4.0,1722,In Stock,Seller_915,https://images.meesho.com/images/products/1000079/1_512.jpg,https://www.meesho.com/product/1000079,High quality wall clock from Varanga. Perfect for daily wear.,5,"S,M,L,XL",Rayon,True,15 days,7 days,2025-09-01T21:52:40.180941,category/toys-&-games,meesho_complete_dataset_20250902_215240.json
MEESHO_1000080,HERE&NOW Casual Dress - Books,Books,Books,HERE&NOW,1106,841,24,4.0,4751,Out of Stock,Seller_782,https://images.meesho.com/images/products/1000080/1_512.jpg,https://www.meesho.com/product/1000080,High quality casual dress from HERE&NOW. Perfect for daily wear.,8,Free Size,Silk,False,15 days,9 days,2025-08-23T21:52:40.180948,category/books,meesho_complete_dataset_20250902_215240.json
MEESHO_1000081,MIMOSA Hair Oil - Books,Books,Books,MIMOSA,723,477,34,3.9,1538,In Stock,Seller_59,https://images.meesho.com/images/products/1000081/1_512.jpg,https://www.meesho.com/product/1000081,High quality hair oil from MIMOSA. Perfect for daily wear.,6,Free Size,Cotton,True,No return,9 days,2025-08-13T21:52:40.180954,category/books,meesho_complete_dataset_20250902_215240.json
MEESHO_1000082,HERE&NOW Cotton Kurti - Automotive,Automotive,Automotive,HERE&NOW,1756,1475,16,4.4,606,In Stock,Seller_843,https://images.meesho.com/images/products/1000082/1_512.jpg,https://www.meesho.com/product/1000082,High quality cotton kurti from HERE&NOW. Perfect for daily wear.,1,"28,30,32,34",Silk,False,7 days,4 days,2025-08-12T21:52:40.180960,category/automotive,meesho_complete_dataset_20250902_215240.json
MEESHO_1000083,HERE&NOW Kids T-Shirt - Kurtas,Men Clothing,Kurtas,HERE&NOW,819,483,41,4.2,3216,In Stock,Seller_812,https://images.meesho.com/images/products/1000083/1_512.jpg,https://www.meesho.com/product/1000083,High quality kids t-shirt from HERE&NOW. Perfect for daily wear.,3,One Size,Polyester,False,15 days,9 days,2025-09-02T21:52:40.180966,category/men-clothing,meesho_complete_dataset_20250902_215240.json
MEESHO_1000084,Anouk Wall Clock - Personal Care,Beauty & Health,Personal Care,Anouk,891,659,26,4.1,3426,In Stock,Seller_763,https://images.meesho.com/images/products/1000084/1_512.jpg,https://www.meesho.com/product/1000084,High quality wall clock from Anouk. Perfect for daily wear.,7,"28,30,32,34",Polyester,False,15 days,8 days,2025-08-30T21:52:40.180972,category/beauty-&-health,meesho_complete_dataset_20250902_215240.json
MEESHO_1000085,Aks Casual Dress - Baby Clothing,Kids Clothing,Baby Clothing,Aks,2003,1322,34,3.0,2850,Limited Stock,Seller_59,https://images.meesho.com/images/products/1000085/1_512.jpg,https://www.meesho.com/product/1000085,High quality casual dress from Aks. Perfect for daily wear.,8,One Size,Cotton,False,15 days,10 days,2025-08-14T21:52:40.180978,category/kids-clothing,meesho_complete_dataset_20250902_215240.json
MEESHO_1000086,Anouk Denim Jeans - Home Decor,Home & Kitchen,Home Decor,Anouk,966,667,31,4.8,4151,Out of Stock,Seller_950,https://images.meesho.com/images/products/1000086/1_512.jpg,https://www.meesho.com/product/1000086,High quality denim jeans from Anouk. Perfect for daily wear.,7,"S,M,L,XL",Silk,False,No return,9 days,2025-08-14T21:52:40.180983,category/home-&-kitchen,meesho_complete_dataset_20250902_215240.json
MEESHO_1000087,MIMOSA Mobile Cover - Automotive,Automotive,Automotive,MIMOSA,1638,1310,20,3.1,1832,Limited Stock,Seller_3,https://images.meesho.com/images/products/1000087/1_512.jpg,https://www.meesho.com/product/1000087,High quality mobile cover from MIMOSA. Perfect for daily wear.,4,"S,M,L,XL",Rayon,True,No return,8 days,2025-08-15T21:52:40.180990,category/automotive,meesho_complete_dataset_20250902_215240.json
MEESHO_1000088,Varanga Formal Shirt - Books,Books,Books,Varanga,140,101,28,4.3,477,Limited Stock,Seller_27,https://images.meesho.com/images/products/1000088/1_512.jpg,https://www.meesho.com/product/1000088,High quality formal shirt from Varanga. Perfect for daily wear.,7,Free Size,Cotton Blend,True,7 days,7 days,2025-08-04T21:52:40.180996,category/books,meesho_complete_dataset_20250902_215240.json
MEESHO_1000089,GoSriKi Wall Clock - Casual Wear,Men Clothing,Casual Wear,GoSriKi,1635,654,60,4.3,454,Limited Stock,Seller_6,https://images.meesho.com/images/products/1000089/1_512.jpg,https://www.meesho.com/product/1000089,High quality wall clock from GoSriKi. Perfect for daily wear.,5,"S,M,L,XL",Rayon,False,15 days,4 days,2025-08-12T21:52:40.181002,category/men-clothing,meesho_complete_dataset_20250902_215240.json
MEESHO_1000090,Roadster Face Cream - Toys & Games,Toys & Games,Toys & Games,Roadster,982,462,53,3.3,4284,Out of Stock,Seller_674,https://images.meesho.com/images/products/1000090/1_512.jpg,https://www.meesho.com/product/1000090,High quality face cream from Roadster. Perfect for daily wear.,1,Free Size,Silk,True,No return,10 days,2025-08-16T21:52:40.181008,category/toys-&-games,meesho_complete_dataset_20250902_215240.json
MEESHO_1000091,Libas Kitchen Set - Kurtas,Men Clothing,Kurtas,Libas,132,65,51,3.4,4023,Limited Stock,Seller_254,https://images.meesho.com/images/products/1000091/1_512.jpg,https://www.meesho.com/product/1000091,High quality kitchen set from Libas. Perfect for daily wear.,1,Free Size,Cotton Blend,False,15 days,9 days,2025-08-16T21:52:40.181014,category/men-clothing,meesho_complete_dataset_20250902_215240.json
MEESHO_1000092,DressBerry Hair Oil - Sports & Fitness,Sports & Fitness,Sports & Fitness,DressBerry,2765,1355,51,3.3,4484,Limited Stock,Seller_493,https://images.meesho.com/images/products/1000092/1_512.jpg,https://www.meesho.com/product/1000092,High quality hair oil from DressBerry. Perfect for daily wear.,1,"S,M,L,XL",Silk,True,7 days,9 days,2025-08-18T21:52:40.181019,category/sports-&-fitness,meesho_complete_dataset_20250902_215240.json
MEESHO_1000093,Manthan Formal Shirt - Baby Clothing,Kids Clothing,Baby Clothing,Manthan,2297,919,60,3.4,3419,Limited Stock,Seller_81,https://images.meesho.com/images/products/1000093/1_512.jpg,https://www.meesho.com/product/1000093,High quality formal shirt from Manthan. Perfect for daily wear.,6,Free Size,Cotton,True,7 days,10 days,2025-08-26T21:52:40.181026,category/kids-clothing,meesho_complete_dataset_20250902_215240.json
MEESHO_1000094,Roadster Kitchen Set - Toys & Games,Toys & Games,Toys & Games,Roadster,1223,942,23,3.8,303,Out of Stock,Seller_656,https://images.meesho.com/images/products/1000094/1_512.jpg,https://www.meesho.com/product/1000094,High quality kitchen set from Roadster. Perfect for daily wear.,7,"28,30,32,34",Cotton,True,15 days,8 days,2025-08-10T21:52:40.181031,category/toys-&-games,meesho_complete_dataset_20250902_215240.json
MEESHO_1000095,Roadster Kitchen Set - Tops,Women Clothing,Tops,Roadster,299,200,33,4.7,3031,Out of Stock,Seller_536,https://images.meesho.com/images/products/1000095/1_512.jpg,https://www.meesho.com/product/1000095,High quality kitchen set from Roadster. Perfect for daily wear.,5,Free Size,Silk,False,7 days,9 days,2025-08-24T21:52:40.181037,category/women-clothing,meesho_complete_dataset_20250902_215240.json
MEESHO_1000096,MIMOSA Kitchen Set - Handbags,Bags & Footwear,Handbags,MIMOSA,1461,774,47,4.4,494,Limited Stock,Seller_781,https://images.meesho.com/images/products/1000096/1_512.jpg,https://www.meesho.com/product/1000096,High quality kitchen set from MIMOSA. Perfect for daily wear.,4,One Size,Silk,False,No return,4 days,2025-08-04T21:52:40.181043,category/bags-&-footwear,meesho_complete_dataset_20250902_215240.json
MEESHO_1000097,Mast & Harbour Handbag - Toys & Games,Toys & Games,Toys & Games,Mast & Harbour,2237,917,59,4.1,2213,In Stock,Seller_85,https://images.meesho.com/images/products/1000097/1_512.jpg,https://www.meesho.com/product/1000097,High quality handbag from Mast & Harbour. Perfect for daily wear.,5,"S,M,L,XL",Cotton Blend,False,7 days,3 days,2025-08-23T21:52:40.181049,category/toys-&-games,meesho_complete_dataset_20250902_215240.json
MEESHO_1000098,GoSriKi Handbag - Automotive,Automotive,Automotive,GoSriKi,2931,1231,58,4.0,918,Out of Stock,Seller_376,https://images.meesho.com/images/products/1000098/1_512.jpg,https://www.meesho.com/product/1000098,High quality handbag from GoSriKi. Perfect for daily wear.,3,Free Size,Rayon,True,No return,9 days,2025-08-25T21:52:40.181055,category/automotive,meesho_complete_dataset_20250902_215240.json
MEESHO_1000099,GoSriKi Bedsheet Set - Books,Books,Books,GoSriKi,1460,628,57,3.0,3413,Limited Stock,Seller_309,https://images.meesho.com/images/products/1000099/1_512.jpg,https://www.meesho.com/product/1000099,High quality bedsheet set from GoSriKi. Perfect for daily wear.,1,Free Size,Cotton,True,7 days,9 days,2025-08-31T21:52:40.181061,category/books,meesho_complete_dataset_20250902_215240.json
MEESHO_1000100,Soch Casual Dress - Toys & Games,Toys & Games,Toys & Games,Soch,2917,2363,19,4.3,1340,Limited Stock,Seller_290,https://images.meesho.com/images/products/1000100/1_512.jpg,https://www.meesho.com/product/1000100,High quality casual dress from Soch. Perfect for daily wear.,8,"S,M,L,XL",Cotton,True,7 days,7 days,2025-08-23T21:52:40.181067,category/toys-&-games,meesho_complete_dataset_20250902_215240.json
MEESHO_1000101,DressBerry Jewelry Set - Storage,Home & Kitchen,Storage,DressBerry,1443,1198,17,4.0,775,Limited Stock,Seller_528,https://images.meesho.com/images/products/1000101/1_512.jpg,https://www.meesho.com/product/1000101,High quality jewelry set from DressBerry. Perfect for daily wear.,7,"28,30,32,34",Silk,False,7 days,6 days,2025-08-03T21:52:40.181072,category/home-&-kitchen,meesho_complete_dataset_20250902_215240.json
MEESHO_1000102,Global Desi Bedsheet Set - Sarees,Women Clothing,Sarees,Global Desi,999,819,18,3.4,4708,In Stock,Seller_943,https://images.meesho.com/images/products/1000102/1_512.jpg,https://www.meesho.com/product/1000102,High quality bedsheet set from Global Desi. Perfect for daily wear.,5,Free Size,Silk,True,No return,3 days,2025-08-22T21:52:40.181078,category/women-clothing,meesho_complete_dataset_20250902_215240.json
MEESHO_1000103,Mast & Harbour Face Cream - Automotive,Automotive,Automotive,Mast & Harbour,2546,967,62,4.0,2699,Out of Stock,Seller_7,https://images.meesho.com/images/products/1000103/1_512.jpg,https://www.meesho.com/product/1000103,High quality face cream from Mast & Harbour. Perfect for daily wear.,8,One Size,Rayon,False,No return,5 days,2025-08-08T21:52:40.181085,category/automotive,meesho_complete_dataset_20250902_215240.json
MEESHO_1000104,Indya Wall Clock - Bedding,Home & Kitchen,Bedding,Indya,2781,1029,63,4.5,2519,Out of Stock,Seller_111,https://images.meesho.com/images/products/1000104/1_512.jpg,https://www.meesho.com/product/1000104,High quality wall clock from Indya. Perfect for daily wear.,7,"28,30,32,34",Polyester,False,7 days,3 days,2025-08-10T21:52:40.181090,category/home-&-kitchen,meesho_complete_dataset_20250902_215240.json
MEESHO_1000105,Soch Printed Saree - Shirts,Men Clothing,Shirts,Soch,1964,1218,38,3.8,1989,In Stock,Seller_789,https://images.meesho.com/images/products/1000105/1_512.jpg,https://www.meesho.com/product/1000105,High quality printed saree from Soch. Perfect for daily wear.,5,Free Size,Rayon,True,7 days,7 days,2025-08-30T21:52:40.181097,category/men-clothing,meesho_complete_dataset_20250902_215240.json
MEESHO_1000106,Global Desi Printed Saree - Gadgets,Electronics,Gadgets,Global Desi,1795,1328,26,3.1,2387,Out of Stock,Seller_555,https://images.meesho.com/images/products/1000106/1_512.jpg,https://www.meesho.com/product/1000106,High quality printed saree from Global Desi. Perfect for daily wear.,6,One Size,Cotton,False,15 days,3 days,2025-08-26T21:52:40.181102,category/electronics,meesho_complete_dataset_20250902_215240.json
MEESHO_1000107,Libas Running Shoes - Dresses,Women Clothing,Dresses,Libas,2605,1511,42,4.1,2918,Out of Stock,Seller_550,https://images.meesho.com/images/products/1000107/1_512.jpg,https://www.meesho.com/product/1000107,High quality running shoes from Libas. Perfect for daily wear.,2,Free Size,Rayon,False,No return,8 days,2025-08-26T21:52:40.181110,category/women-clothing,meesho_complete_dataset_20250902_215240.json
MEESHO_1000108,Vishudh Denim Jeans - Kitchen Appliances,Home & Kitchen,Kitchen Appliances,Vishudh,1532,781,49,3.2,2298,In Stock,Seller_7,https://images.meesho.com/images/products/1000108/1_512.jpg,https://www.meesho.com/product/1000108,High quality denim jeans from Vishudh. Perfect for daily wear.,4,"28,30,32,34",Silk,False,No return,6 days,2025-08-23T21:52:40.181116,category/home-&-kitchen,meesho_complete_dataset_20250902_215240.json
MEESHO_1000109,Soch Wall Clock - Sunglasses,Accessories,Sunglasses,Soch,512,236,54,4.6,3204,Out of Stock,Seller_794,https://images.meesho.com/images/products/1000109/1_512.jpg,https://www.meesho.com/product/1000109,High quality wall clock from Soch. Perfect for daily wear.,7,One Size,Polyester,True,15 days,6 days,2025-08-22T21:52:40.181122,category/accessories,meesho_complete_dataset_20250902_215240.json
MEESHO_1000110,Roadster Printed Saree - Sports & Fitness,Sports & Fitness,Sports & Fitness,Roadster,588,359,39,4.6,100,In Stock,Seller_394,https://images.meesho.com/images/products/1000110/1_512.jpg,https://www.meesho.com/product/1000110,High quality printed saree from Roadster. Perfect for daily wear.,2,"S,M,L,XL",Rayon,True,No return,8 days,2025-08-29T21:52:40.181128,category/sports-&-fitness,meesho_complete_dataset_20250902_215240.json
MEESHO_1000111,Global Desi Jewelry Set - Automotive,Automotive,Automotive,Global Desi,2917,1838,37,4.1,2624,Out of Stock,Seller_336,https://images.meesho.com/images/products/1000111/1_512.jpg,https://www.meesho.com/product/1000111,High quality jewelry set from Global Desi. Perfect for daily wear.,2,One Size,Silk,False,15 days,7 days,2025-08-20T21:52:40.181133,category/automotive,meesho_complete_dataset_20250902_215240.json
MEESHO_1000112,Global Desi Hair Oil - School Uniforms,Kids Clothing,School Uniforms,Global Desi,638,459,28,4.3,912,In Stock,Seller_609,https://images.meesho.com/images/products/1000112/1_512.jpg,https://www.meesho.com/product/1000112,High quality hair oil from Global Desi. Perfect for daily wear.,1,"28,30,32,34",Polyester,True,15 days,3 days,2025-08-09T21:52:40.181139,category/kids-clothing,meesho_complete_dataset_20250902_215240.json
MEESHO_1000113,Manthan Formal Shirt - Sandals,Bags & Footwear,Sandals,Manthan,2333,1027,56,4.7,4339,In Stock,Seller_350,https://images.meesho.com/images/products/1000113/1_512.jpg,https://www.meesho.com/product/1000113,High quality formal shirt from Manthan. Perfect for daily wear.,6,One Size,Rayon,False,7 days,6 days,2025-08-23T21:52:40.181145,category/bags-&-footwear,meesho_complete_dataset_20250902_215240.json
MEESHO_1000114,Mast & Harbour Mobile Cover - Tops,Women Clothing,Tops,Mast & Harbour,2878,1094,62,3.4,598,Out of Stock,Seller_584,https://images.meesho.com/images/products/1000114/1_512.jpg,https://www.meesho.com/product/1000114,High quality mobile cover from Mast & Harbour. Perfect for daily wear.,7,"S,M,L,XL",Polyester,True,No return,4 days,2025-08-20T21:52:40.181151,category/women-clothing,meesho_complete_dataset_20250902_215240.json
MEESHO_1000115,Vishudh Cotton Kurti - Chargers,Electronics,Chargers,Vishudh,2101,1849,12,4.7,1181,Limited Stock,Seller_129,https://images.meesho.com/images/products/1000115/1_512.jpg,https://www.meesho.com/product/1000115,High quality cotton kurti from Vishudh. Perfect for daily wear.,4,Free Size,Rayon,True,7 days,6 days,2025-08-21T21:52:40.181156,category/electronics,meesho_complete_dataset_20250902_215240.json
MEESHO_1000116,SASSAFRAS Denim Jeans - Toys & Games,Toys & Games,Toys & Games,SASSAFRAS,907,608,33,3.6,1212,Out of Stock,Seller_603,https://images.meesho.com/images/products/1000116/1_512.jpg,https://www.meesho.com/product/1000116,High quality denim jeans from SASSAFRAS. Perfect for daily wear.,2,"28,30,32,34",Polyester,True,7 days,7 days,2025-08-18T21:52:40.181162,category/toys-&-games,meesho_complete_dataset_20250902_215240.json
MEESHO_1000117,Indya Printed Saree - Casual Wear,Men Clothing,Casual Wear,Indya,2112,1500,29,4.4,4684,In Stock,Seller_918,https://images.meesho.com/images/products/1000117/1_512.jpg,https://www.meesho.com/product/1000117,High quality printed saree from Indya. Perfect for daily wear.,7,"S,M,L,XL",Polyester,True,7 days,3 days,2025-08-13T21:52:40.181167,category/men-clothing,meesho_complete_dataset_20250902_215240.json
MEESHO_1000118,Roadster Kids T-Shirt - Books,Books,Books,Roadster,2120,1781,16,4.2,887,Limited Stock,Seller_741,https://images.meesho.com/images/products/1000118/1_512.jpg,https://www.meesho.com/product/1000118,High quality kids t-shirt from Roadster. Perfect for daily wear.,2,"28,30,32,34",Cotton Blend,False,No return,4 days,2025-08-08T21:52:40.181173,category/books,meesho_complete_dataset_20250902_215240.json
MEESHO_1000119,Soch Ethnic Suit - Baby Clothing,Kids Clothing,Baby Clothing,Soch,303,267,12,4.2,640,Out of Stock,Seller_44,https://images.meesho.com/images/products/1000119/1_512.jpg,https://www.meesho.com/product/1000119,High quality ethnic suit from Soch. Perfect for daily wear.,6,Free Size,Cotton Blend,False,No return,5 days,2025-09-01T21:52:40.181179,category/kids-clothing,meesho_complete_dataset_20250902_215240.json
MEESHO_1000120,Mast & Harbour Casual Dress - Headphones,Electronics,Headphones,Mast & Harbour,1646,675,59,3.2,100,In Stock,Seller_762,https://images.meesho.com/images/products/1000120/1_512.jpg,https://www.meesho.com/product/1000120,High quality casual dress from Mast & Harbour. Perfect for daily wear.,7,Free Size,Polyester,True,7 days,7 days,2025-08-12T21:52:40.181185,category/electronics,meesho_complete_dataset_20250902_215240.json
MEESHO_1000121,Mast & Harbour Kitchen Set - T-Shirts,Men Clothing,T-Shirts,Mast & Harbour,2198,747,66,3.0,1835,In Stock,Seller_355,https://images.meesho.com/images/products/1000121/1_512.jpg,https://www.meesho.com/product/1000121,High quality kitchen set from Mast & Harbour. Perfect for daily wear.,1,"28,30,32,34",Polyester,True,No return,5 days,2025-08-09T21:52:40.181191,category/men-clothing,meesho_complete_dataset_20250902_215240.json
MEESHO_1000122,Aks Face Cream - Gadgets,Electronics,Gadgets,Aks,2391,1722,28,4.0,2888,Limited Stock,Seller_126,https://images.meesho.com/images/products/1000122/1_512.jpg,https://www.meesho.com/product/1000122,High quality face cream from Aks. Perfect for daily wear.,1,"S,M,L,XL",Cotton,True,7 days,10 days,2025-08-04T21:52:40.181196,category/electronics,meesho_complete_dataset_20250902_215240.json
MEESHO_1000123,Roadster Running Shoes - T-Shirts,Men Clothing,T-Shirts,Roadster,1706,819,52,4.8,3695,In Stock,Seller_717,https://images.meesho.com/images/products/1000123/1_512.jpg,https://www.meesho.com/product/1000123,High quality running shoes from Roadster. Perfect for daily wear.,1,"28,30,32,34",Polyester,True,7 days,10 days,2025-08-22T21:52:40.181202,category/men-clothing,meesho_complete_dataset_20250902_215240.json
MEESHO_1000124,Sangria Casual Dress - Storage,Home & Kitchen,Storage,Sangria,2121,976,54,3.3,3203,Limited Stock,Seller_498,https://images.meesho.com/images/products/1000124/1_512.jpg,https://www.meesho.com/product/1000124,High quality casual dress from Sangria. Perfect for daily wear.,8,"S,M,L,XL",Cotton Blend,False,7 days,3 days,2025-08-12T21:52:40.181208,category/home-&-kitchen,meesho_complete_dataset_20250902_215240.json
MEESHO_1000125,Global Desi Face Cream - Casual Wear,Men Clothing,Casual Wear,Global Desi,638,376,41,4.5,872,Out of Stock,Seller_968,https://images.meesho.com/images/products/1000125/1_512.jpg,https://www.meesho.com/product/1000125,High quality face cream from Global Desi. Perfect for daily wear.,6,One Size,Silk,False,No return,3 days,2025-08-21T21:52:40.181214,category/men-clothing,meesho_complete_dataset_20250902_215240.json
MEESHO_1000126,Vishudh Kitchen Set - Automotive,Automotive,Automotive,Vishudh,1371,850,38,4.5,1944,Limited Stock,Seller_828,https://images.meesho.com/images/products/1000126/1_512.jpg,https://www.meesho.com/product/1000126,High quality kitchen set from Vishudh. Perfect for daily wear.,2,"S,M,L,XL",Polyester,False,15 days,4 days,2025-08-19T21:52:40.181219,category/automotive,meesho_complete_dataset_20250902_215240.json
MEESHO_1000127,DressBerry Hair Oil - Watches,Accessories,Watches,DressBerry,1546,1129,27,3.1,484,Out of Stock,Seller_860,https://images.meesho.com/images/products/1000127/1_512.jpg,https://www.meesho.com/product/1000127,High quality hair oil from DressBerry. Perfect for daily wear.,6,"S,M,L,XL",Rayon,False,15 days,8 days,2025-08-30T21:52:40.181225,category/accessories,meesho_complete_dataset_20250902_215240.json
MEESHO_1000128,Manthan Ethnic Suit - Sports & Fitness,Sports & Fitness,Sports & Fitness,Manthan,2116,804,62,3.4,4284,In Stock,Seller_564,https://images.meesho.com/images/products/1000128/1_512.jpg,https://www.meesho.com/product/1000128,High quality ethnic suit from Manthan. Perfect for daily wear.,5,"S,M,L,XL",Cotton,False,7 days,4 days,2025-09-02T21:52:40.181231,category/sports-&-fitness,meesho_complete_dataset_20250902_215240.json
MEESHO_1000129,Mast & Harbour Formal Shirt - Sports & Fitness,Sports & Fitness,Sports & Fitness,Mast & Harbour,2773,1608,42,3.5,3899,Out of Stock,Seller_542,https://images.meesho.com/images/products/1000129/1_512.jpg,https://www.meesho.com/product/1000129,High quality formal shirt from Mast & Harbour. Perfect for daily wear.,8,"28,30,32,34",Polyester,False,15 days,4 days,2025-08-03T21:52:40.181238,category/sports-&-fitness,meesho_complete_dataset_20250902_215240.json
MEESHO_1000130,Janasya Cotton Kurti - Toys & Games,Toys & Games,Toys & Games,Janasya,2140,1562,27,3.2,558,In Stock,Seller_745,https://images.meesho.com/images/products/1000130/1_512.jpg,https://www.meesho.com/product/1000130,High quality cotton kurti from Janasya. Perfect for daily wear.,7,Free Size,Cotton Blend,True,15 days,5 days,2025-08-22T21:52:40.181244,category/toys-&-games,meesho_complete_dataset_20250902_215240.json
MEESHO_1000131,Global Desi Kids T-Shirt - Automotive,Automotive,Automotive,Global Desi,2640,1980,25,3.6,4311,Limited Stock,Seller_687,https://images.meesho.com/images/products/1000131/1_512.jpg,https://www.meesho.com/product/1000131,High quality kids t-shirt from Global Desi. Perfect for daily wear.,5,Free Size,Rayon,True,7 days,9 days,2025-08-21T21:52:40.181250,category/automotive,meesho_complete_dataset_20250902_215240.json
MEESHO_1000132,Anouk Hair Oil - Books,Books,Books,Anouk,461,318,31,4.7,2996,In Stock,Seller_567,https://images.meesho.com/images/products/1000132/1_512.jpg,https://www.meesho.com/product/1000132,High quality hair oil from Anouk. Perfect for daily wear.,6,"S,M,L,XL",Silk,False,7 days,6 days,2025-08-13T21:52:40.181256,category/books,meesho_complete_dataset_20250902_215240.json
MEESHO_1000133,Janasya Face Cream - Toys & Games,Toys & Games,Toys & Games,Janasya,1481,1140,23,4.7,2439,Limited Stock,Seller_158,https://images.meesho.com/images/products/1000133/1_512.jpg,https://www.meesho.com/product/1000133,High quality face cream from Janasya. Perfect for daily wear.,7,"28,30,32,34",Cotton Blend,False,No return,6 days,2025-08-24T21:52:40.181262,category/toys-&-games,meesho_complete_dataset_20250902_215240.json
MEESHO_1000134,HERE&NOW Mobile Cover - Shoes,Bags & Footwear,Shoes,HERE&NOW,879,475,46,3.8,2727,Out of Stock,Seller_415,https://images.meesho.com/images/products/1000134/1_512.jpg,https://www.meesho.com/product/1000134,High quality mobile cover from HERE&NOW. Perfect for daily wear.,3,"S,M,L,XL",Rayon,False,15 days,7 days,2025-08-21T21:52:40.181268,category/bags-&-footwear,meesho_complete_dataset_20250902_215240.json
MEESHO_1000135,HERE&NOW Cotton Kurti - Baby Clothing,Kids Clothing,Baby Clothing,HERE&NOW,347,121,65,3.7,3486,Limited Stock,Seller_14,https://images.meesho.com/images/products/1000135/1_512.jpg,https://www.meesho.com/product/1000135,High quality cotton kurti from HERE&NOW. Perfect for daily wear.,7,One Size,Cotton,False,No return,4 days,2025-08-23T21:52:40.181274,category/kids-clothing,meesho_complete_dataset_20250902_215240.json
MEESHO_1000136,Aks Handbag - Gadgets,Electronics,Gadgets,Aks,2907,1512,48,3.7,1286,Limited Stock,Seller_774,https://images.meesho.com/images/products/1000136/1_512.jpg,https://www.meesho.com/product/1000136,High quality handbag from Aks. Perfect for daily wear.,6,"28,30,32,34",Cotton,False,15 days,4 days,2025-08-15T21:52:40.181280,category/electronics,meesho_complete_dataset_20250902_215240.json
MEESHO_1000137,Aks Ethnic Suit - Sports & Fitness,Sports & Fitness,Sports & Fitness,Aks,2808,983,65,3.4,1796,In Stock,Seller_683,https://images.meesho.com/images/products/1000137/1_512.jpg,https://www.meesho.com/product/1000137,High quality ethnic suit from Aks. Perfect for daily wear.,3,One Size,Polyester,True,7 days,8 days,2025-08-09T21:52:40.181286,category/sports-&-fitness,meesho_complete_dataset_20250902_215240.json
MEESHO_1000138,Indya Formal Shirt - Boys Clothing,Kids Clothing,Boys Clothing,Indya,1925,616,68,4.5,2643,Out of Stock,Seller_677,https://images.meesho.com/images/products/1000138/1_512.jpg,https://www.meesho.com/product/1000138,High quality formal shirt from Indya. Perfect for daily wear.,5,One Size,Polyester,False,15 days,9 days,2025-08-16T21:52:40.181292,category/kids-clothing,meesho_complete_dataset_20250902_215240.json
MEESHO_1000139,Janasya Kids T-Shirt - Makeup,Beauty & Health,Makeup,Janasya,2738,1396,49,3.8,783,Limited Stock,Seller_910,https://images.meesho.com/images/products/1000139/1_512.jpg,https://www.meesho.com/product/1000139,High quality kids t-shirt from Janasya. Perfect for daily wear.,8,"28,30,32,34",Polyester,False,15 days,5 days,2025-08-31T21:52:40.181297,category/beauty-&-health,meesho_complete_dataset_20250902_215240.json
MEESHO_1000140,MIMOSA Casual Dress - Health Supplements,Beauty & Health,Health Supplements,MIMOSA,329,125,62,4.5,1745,In Stock,Seller_75,https://images.meesho.com/images/products/1000140/1_512.jpg,https://www.meesho.com/product/1000140,High quality casual dress from MIMOSA. Perfect for daily wear.,1,One Size,Polyester,False,No return,9 days,2025-08-16T21:52:40.181303,category/beauty-&-health,meesho_complete_dataset_20250902_215240.json
MEESHO_1000141,Mast & Harbour Mobile Cover - Jeans,Men Clothing,Jeans,Mast & Harbour,470,273,42,4.4,1371,Out of Stock,Seller_594,https://images.meesho.com/images/products/1000141/1_512.jpg,https://www.meesho.com/product/1000141,High quality mobile cover from Mast & Harbour. Perfect for daily wear.,5,Free Size,Cotton,False,15 days,7 days,2025-08-06T21:52:40.181309,category/men-clothing,meesho_complete_dataset_20250902_215240.json
MEESHO_1000142,Indya Casual Dress - T-Shirts,Men Clothing,T-Shirts,Indya,2698,1025,62,3.7,1501,Out of Stock,Seller_969,https://images.meesho.com/images/products/1000142/1_512.jpg,https://www.meesho.com/product/1000142,High quality casual dress from Indya. Perfect for daily wear.,1,Free Size,Polyester,True,7 days,5 days,2025-08-19T21:52:40.181315,category/men-clothing,meesho_complete_dataset_20250902_215240.json
MEESHO_1000143,Manthan Bedsheet Set - Automotive,Automotive,Automotive,Manthan,347,264,24,4.5,2556,Limited Stock,Seller_250,https://images.meesho.com/images/products/1000143/1_512.jpg,https://www.meesho.com/product/1000143,High quality bedsheet set from Manthan. Perfect for daily wear.,4,"28,30,32,34",Rayon,True,7 days,7 days,2025-08-25T21:52:40.181327,category/automotive,meesho_complete_dataset_20250902_215240.json
MEESHO_1000144,Janasya Denim Jeans - T-Shirts,Men Clothing,T-Shirts,Janasya,300,267,11,3.5,2191,In Stock,Seller_928,https://images.meesho.com/images/products/1000144/1_512.jpg,https://www.meesho.com/product/1000144,High quality denim jeans from Janasya. Perfect for daily wear.,5,"S,M,L,XL",Polyester,False,15 days,10 days,2025-08-24T21:52:40.181334,category/men-clothing,meesho_complete_dataset_20250902_215240.json
MEESHO_1000145,Libas Jewelry Set - Watches,Accessories,Watches,Libas,2868,975,66,3.5,2483,In Stock,Seller_89,https://images.meesho.com/images/products/1000145/1_512.jpg,https://www.meesho.com/product/1000145,High quality jewelry set from Libas. Perfect for daily wear.,2,Free Size,Rayon,True,No return,4 days,2025-08-04T21:52:40.181339,category/accessories,meesho_complete_dataset_20250902_215240.json
MEESHO_1000146,Roadster Mobile Cover - Kurtas,Women Clothing,Kurtas,Roadster,139,89,36,3.6,4950,Out of Stock,Seller_819,https://images.meesho.com/images/products/1000146/1_512.jpg,https://www.meesho.com/product/1000146,High quality mobile cover from Roadster. Perfect for daily wear.,5,"28,30,32,34",Silk,False,No return,4 days,2025-08-18T21:52:40.181345,category/women-clothing,meesho_complete_dataset_20250902_215240.json
MEESHO_1000147,Roadster Cotton Kurti - Wallets,Bags & Footwear,Wallets,Roadster,2106,1474,30,3.8,4459,Out of Stock,Seller_459,https://images.meesho.com/images/products/1000147/1_512.jpg,https://www.meesho.com/product/1000147,High quality cotton kurti from Roadster. Perfect for daily wear.,8,One Size,Silk,False,No return,5 days,2025-09-01T21:52:40.181351,category/bags-&-footwear,meesho_complete_dataset_20250902_215240.json
MEESHO_1000148,MIMOSA Printed Saree - Ethnic Wear,Men Clothing,Ethnic Wear,MIMOSA,820,738,10,4.0,2694,Out of Stock,Seller_766,https://images.meesho.com/images/products/1000148/1_512.jpg,https://www.meesho.com/product/1000148,High quality printed saree from MIMOSA. Perfect for daily wear.,8,"28,30,32,34",Cotton,True,15 days,9 days,2025-08-06T21:52:40.181356,category/men-clothing,meesho_complete_dataset_20250902_215240.json
MEESHO_1000149,DressBerry Kids T-Shirt - Kurtas,Men Clothing,Kurtas,DressBerry,2660,1330,50,4.1,168,In Stock,Seller_666,https://images.meesho.com/images/products/1000149/1_512.jpg,https://www.meesho.com/product/1000149,High quality kids t-shirt from DressBerry. Perfect for daily wear.,7,"S,M,L,XL",Cotton,True,15 days,8 days,2025-08-29T21:52:40.181362,category/men-clothing,meesho_complete_dataset_20250902_215240.json
MEESHO_1000150,Roadster Printed Saree - Ethnic Wear,Men Clothing,Ethnic Wear,Roadster,623,274,56,4.3,4803,Limited Stock,Seller_334,https://images.meesho.com/images/products/1000150/1_512.jpg,https://www.meesho.com/product/1000150,High quality printed saree from Roadster. Perfect for daily wear.,6,"28,30,32,34",Rayon,False,No return,5 days,2025-08-21T21:52:40.181368,category/men-clothing,meesho_complete_dataset_20250902_215240.json
MEESHO_1000151,Global Desi Mobile Cover - Gadgets,Electronics,Gadgets,Global Desi,255,176,31,3.6,4929,Limited Stock,Seller_678,https://images.meesho.com/images/products/1000151/1_512.jpg,https://www.meesho.com/product/1000151,High quality mobile cover from Global Desi. Perfect for daily wear.,1,"28,30,32,34",Cotton Blend,True,No return,8 days,2025-08-08T21:52:40.181375,category/electronics,meesho_complete_dataset_20250902_215240.json
MEESHO_1000152,Global Desi Face Cream - Hair Accessories,Accessories,Hair Accessories,Global Desi,1388,1027,26,3.5,4284,Out of Stock,Seller_271,https://images.meesho.com/images/products/1000152/1_512.jpg,https://www.meesho.com/product/1000152,High quality face cream from Global Desi. Perfect for daily wear.,5,Free Size,Cotton,False,15 days,3 days,2025-08-18T21:52:40.181381,category/accessories,meesho_complete_dataset_20250902_215240.json
MEESHO_1000153,Soch Mobile Cover - Toys & Games,Toys & Games,Toys & Games,Soch,2592,1270,51,3.8,122,Limited Stock,Seller_27,https://images.meesho.com/images/products/1000153/1_512.jpg,https://www.meesho.com/product/1000153,High quality mobile cover from Soch. Perfect for daily wear.,8,"S,M,L,XL",Silk,False,No return,3 days,2025-08-08T21:52:40.181387,category/toys-&-games,meesho_complete_dataset_20250902_215240.json
MEESHO_1000154,Varanga Denim Jeans - Sports & Fitness,Sports & Fitness,Sports & Fitness,Varanga,139,72,48,3.5,3249,Out of Stock,Seller_558,https://images.meesho.com/images/products/1000154/1_512.jpg,https://www.meesho.com/product/1000154,High quality denim jeans from Varanga. Perfect for daily wear.,8,One Size,Cotton Blend,False,7 days,5 days,2025-08-09T21:52:40.181392,category/sports-&-fitness,meesho_complete_dataset_20250902_215240.json
MEESHO_1000155,HERE&NOW Hair Oil - Sarees,Women Clothing,Sarees,HERE&NOW,2698,971,64,3.3,4590,Limited Stock,Seller_450,https://images.meesho.com/images/products/1000155/1_512.jpg,https://www.meesho.com/product/1000155,High quality hair oil from HERE&NOW. Perfect for daily wear.,8,"28,30,32,34",Cotton,False,7 days,7 days,2025-09-01T21:52:40.181398,category/women-clothing,meesho_complete_dataset_20250902_215240.json
MEESHO_1000156,Mast & Harbour Wall Clock - Books,Books,Books,Mast & Harbour,494,410,17,4.8,4931,Limited Stock,Seller_654,https://images.meesho.com/images/products/1000156/1_512.jpg,https://www.meesho.com/product/1000156,High quality wall clock from Mast & Harbour. Perfect for daily wear.,8,Free Size,Polyester,False,No return,9 days,2025-08-14T21:52:40.181404,category/books,meesho_complete_dataset_20250902_215240.json
MEESHO_1000157,Mast & Harbour Jewelry Set - Home Decor,Home & Kitchen,Home Decor,Mast & Harbour,622,442,29,4.3,3533,In Stock,Seller_616,https://images.meesho.com/images/products/1000157/1_512.jpg,https://www.meesho.com/product/1000157,High quality jewelry set from Mast & Harbour. Perfect for daily wear.,7,"S,M,L,XL",Rayon,True,No return,9 days,2025-08-24T21:52:40.181410,category/home-&-kitchen,meesho_complete_dataset_20250902_215240.json
MEESHO_1000158,Mast & Harbour Printed Saree - Personal Care,Beauty & Health,Personal Care,Mast & Harbour,2526,884,65,4.7,101,Out of Stock,Seller_261,https://images.meesho.com/images/products/1000158/1_512.jpg,https://www.meesho.com/product/1000158,High quality printed saree from Mast & Harbour. Perfect for daily wear.,3,Free Size,Cotton,False,7 days,8 days,2025-08-21T21:52:40.181416,category/beauty-&-health,meesho_complete_dataset_20250902_215240.json
MEESHO_1000159,Roadster Hair Oil - Makeup,Beauty & Health,Makeup,Roadster,2283,1826,20,4.2,4516,In Stock,Seller_331,https://images.meesho.com/images/products/1000159/1_512.jpg,https://www.meesho.com/product/1000159,High quality hair oil from Roadster. Perfect for daily wear.,4,Free Size,Cotton,False,7 days,5 days,2025-08-27T21:52:40.181422,category/beauty-&-health,meesho_complete_dataset_20250902_215240.json
MEESHO_1000160,Sangria Bedsheet Set - Headphones,Electronics,Headphones,Sangria,1918,1381,28,4.6,1627,In Stock,Seller_549,https://images.meesho.com/images/products/1000160/1_512.jpg,https://www.meesho.com/product/1000160,High quality bedsheet set from Sangria. Perfect for daily wear.,2,Free Size,Silk,False,7 days,10 days,2025-08-14T21:52:40.181428,category/electronics,meesho_complete_dataset_20250902_215240.json
MEESHO_1000161,Aks Printed Saree - Automotive,Automotive,Automotive,Aks,1993,1694,15,3.5,3039,Out of Stock,Seller_462,https://images.meesho.com/images/products/1000161/1_512.jpg,https://www.meesho.com/product/1000161,High quality printed saree from Aks. Perfect for daily wear.,2,"S,M,L,XL",Cotton Blend,True,15 days,5 days,2025-08-16T21:52:40.181434,category/automotive,meesho_complete_dataset_20250902_215240.json
MEESHO_1000162,Soch Jewelry Set - Handbags,Bags & Footwear,Handbags,Soch,143,109,24,4.3,1569,In Stock,Seller_353,https://images.meesho.com/images/products/1000162/1_512.jpg,https://www.meesho.com/product/1000162,High quality jewelry set from Soch. Perfect for daily wear.,2,One Size,Rayon,True,No return,7 days,2025-08-20T21:52:40.181439,category/bags-&-footwear,meesho_complete_dataset_20250902_215240.json
MEESHO_1000163,Janasya Denim Jeans - Books,Books,Books,Janasya,2234,1184,47,3.1,1226,Limited Stock,Seller_777,https://images.meesho.com/images/products/1000163/1_512.jpg,https://www.meesho.com/product/1000163,High quality denim jeans from Janasya. Perfect for daily wear.,2,"S,M,L,XL",Polyester,False,15 days,3 days,2025-08-09T21:52:40.181445,category/books,meesho_complete_dataset_20250902_215240.json
MEESHO_1000164,Anouk Kids T-Shirt - Automotive,Automotive,Automotive,Anouk,2616,2145,18,3.6,4989,Out of Stock,Seller_728,https://images.meesho.com/images/products/1000164/1_512.jpg,https://www.meesho.com/product/1000164,High quality kids t-shirt from Anouk. Perfect for daily wear.,4,Free Size,Polyester,False,15 days,3 days,2025-08-27T21:52:40.181451,category/automotive,meesho_complete_dataset_20250902_215240.json
MEESHO_1000165,Soch Denim Jeans - Books,Books,Books,Soch,1893,1079,43,3.3,3412,Limited Stock,Seller_216,https://images.meesho.com/images/products/1000165/1_512.jpg,https://www.meesho.com/product/1000165,High quality denim jeans from Soch. Perfect for daily wear.,5,"28,30,32,34",Polyester,False,No return,4 days,2025-08-10T21:52:40.181456,category/books,meesho_complete_dataset_20250902_215240.json
MEESHO_1000166,Manthan Running Shoes - Books,Books,Books,Manthan,284,111,61,3.4,179,In Stock,Seller_352,https://images.meesho.com/images/products/1000166/1_512.jpg,https://www.meesho.com/product/1000166,High quality running shoes from Manthan. Perfect for daily wear.,5,Free Size,Rayon,False,15 days,10 days,2025-08-21T21:52:40.181462,category/books,meesho_complete_dataset_20250902_215240.json
MEESHO_1000167,Aks Ethnic Suit - Ethnic Wear,Women Clothing,Ethnic Wear,Aks,2761,1519,45,3.7,329,Limited Stock,Seller_415,https://images.meesho.com/images/products/1000167/1_512.jpg,https://www.meesho.com/product/1000167,High quality ethnic suit from Aks. Perfect for daily wear.,2,One Size,Cotton Blend,True,No return,9 days,2025-08-30T21:52:40.181467,category/women-clothing,meesho_complete_dataset_20250902_215240.json
MEESHO_1000168,Global Desi Kitchen Set - Gadgets,Electronics,Gadgets,Global Desi,1100,363,67,4.5,2466,Limited Stock,Seller_140,https://images.meesho.com/images/products/1000168/1_512.jpg,https://www.meesho.com/product/1000168,High quality kitchen set from Global Desi. Perfect for daily wear.,7,One Size,Polyester,True,7 days,10 days,2025-08-09T21:52:40.181475,category/electronics,meesho_complete_dataset_20250902_215240.json
MEESHO_1000169,Janasya Cotton Kurti - Automotive,Automotive,Automotive,Janasya,1605,1268,21,4.6,1686,Out of Stock,Seller_336,https://images.meesho.com/images/products/1000169/1_512.jpg,https://www.meesho.com/product/1000169,High quality cotton kurti from Janasya. Perfect for daily wear.,7,Free Size,Rayon,True,No return,8 days,2025-08-27T21:52:40.181482,category/automotive,meesho_complete_dataset_20250902_215240.json
MEESHO_1000170,MIMOSA Formal Shirt - Sports & Fitness,Sports & Fitness,Sports & Fitness,MIMOSA,2393,790,67,4.8,3636,Limited Stock,Seller_518,https://images.meesho.com/images/products/1000170/1_512.jpg,https://www.meesho.com/product/1000170,High quality formal shirt from MIMOSA. Perfect for daily wear.,4,One Size,Cotton,False,7 days,3 days,2025-08-12T21:52:40.181488,category/sports-&-fitness,meesho_complete_dataset_20250902_215240.json
MEESHO_1000171,Manthan Face Cream - Sandals,Bags & Footwear,Sandals,Manthan,1299,1117,14,3.1,520,In Stock,Seller_235,https://images.meesho.com/images/products/1000171/1_512.jpg,https://www.meesho.com/product/1000171,High quality face cream from Manthan. Perfect for daily wear.,8,"S,M,L,XL",Rayon,False,7 days,4 days,2025-09-02T21:52:40.181494,category/bags-&-footwear,meesho_complete_dataset_20250902_215240.json
MEESHO_1000172,Indya Formal Shirt - Dresses,Women Clothing,Dresses,Indya,359,140,61,3.4,2991,Limited Stock,Seller_825,https://images.meesho.com/images/products/1000172/1_512.jpg,https://www.meesho.com/product/1000172,High quality formal shirt from Indya. Perfect for daily wear.,5,One Size,Cotton Blend,True,15 days,6 days,2025-09-02T21:52:40.181501,category/women-clothing,meesho_complete_dataset_20250902_215240.json
MEESHO_1000173,DressBerry Ethnic Suit - Sports & Fitness,Sports & Fitness,Sports & Fitness,DressBerry,403,210,48,3.7,3184,Out of Stock,Seller_839,https://images.meesho.com/images/products/1000173/1_512.jpg,https://www.meesho.com/product/1000173,High quality ethnic suit from DressBerry. Perfect for daily wear.,4,One Size,Polyester,False,No return,10 days,2025-08-05T21:52:40.181507,category/sports-&-fitness,meesho_complete_dataset_20250902_215240.json
MEESHO_1000174,Indya Running Shoes - Gadgets,Electronics,Gadgets,Indya,1298,999,23,4.5,2705,Out of Stock,Seller_435,https://images.meesho.com/images/products/1000174/1_512.jpg,https://www.meesho.com/product/1000174,High quality running shoes from Indya. Perfect for daily wear.,8,One Size,Cotton Blend,True,No return,7 days,2025-08-20T21:52:40.181512,category/electronics,meesho_complete_dataset_20250902_215240.json
MEESHO_1000175,HERE&NOW Wall Clock - Chargers,Electronics,Chargers,HERE&NOW,373,179,52,3.1,1276,Out of Stock,Seller_74,https://images.meesho.com/images/products/1000175/1_512.jpg,https://www.meesho.com/product/1000175,High quality wall clock from HERE&NOW. Perfect for daily wear.,5,"S,M,L,XL",Polyester,True,15 days,4 days,2025-08-29T21:52:40.181518,category/electronics,meesho_complete_dataset_20250902_215240.json
MEESHO_1000176,SASSAFRAS Cotton Kurti - Gadgets,Electronics,Gadgets,SASSAFRAS,1363,750,45,3.1,79,In Stock,Seller_205,https://images.meesho.com/images/products/1000176/1_512.jpg,https://www.meesho.com/product/1000176,High quality cotton kurti from SASSAFRAS. Perfect for daily wear.,8,"S,M,L,XL",Rayon,True,15 days,8 days,2025-08-18T21:52:40.181524,category/electronics,meesho_complete_dataset_20250902_215240.json
MEESHO_1000177,Manthan Bedsheet Set - Baby Clothing,Kids Clothing,Baby Clothing,Manthan,2848,2136,25,4.4,2114,Limited Stock,Seller_805,https://images.meesho.com/images/products/1000177/1_512.jpg,https://www.meesho.com/product/1000177,High quality bedsheet set from Manthan. Perfect for daily wear.,6,"28,30,32,34",Rayon,False,15 days,9 days,2025-08-16T21:52:40.181530,category/kids-clothing,meesho_complete_dataset_20250902_215240.json
MEESHO_1000178,Janasya Ethnic Suit - Books,Books,Books,Janasya,1970,1103,44,4.6,3033,Limited Stock,Seller_812,https://images.meesho.com/images/products/1000178/1_512.jpg,https://www.meesho.com/product/1000178,High quality ethnic suit from Janasya. Perfect for daily wear.,2,One Size,Silk,False,15 days,9 days,2025-08-09T21:52:40.181535,category/books,meesho_complete_dataset_20250902_215240.json
MEESHO_1000179,Anouk Ethnic Suit - School Uniforms,Kids Clothing,School Uniforms,Anouk,488,371,24,3.8,2659,Out of Stock,Seller_228,https://images.meesho.com/images/products/1000179/1_512.jpg,https://www.meesho.com/product/1000179,High quality ethnic suit from Anouk. Perfect for daily wear.,3,Free Size,Cotton,True,7 days,5 days,2025-08-07T21:52:40.181541,category/kids-clothing,meesho_complete_dataset_20250902_215240.json
MEESHO_1000180,Varanga Cotton Kurti - Automotive,Automotive,Automotive,Varanga,1280,742,42,3.3,3833,In Stock,Seller_634,https://images.meesho.com/images/products/1000180/1_512.jpg,https://www.meesho.com/product/1000180,High quality cotton kurti from Varanga. Perfect for daily wear.,6,One Size,Cotton Blend,True,15 days,5 days,2025-09-02T21:52:40.181547,category/automotive,meesho_complete_dataset_20250902_215240.json
MEESHO_1000181,HERE&NOW Denim Jeans - Kurtas,Men Clothing,Kurtas,HERE&NOW,2931,1202,59,4.5,1216,In Stock,Seller_761,https://images.meesho.com/images/products/1000181/1_512.jpg,https://www.meesho.com/product/1000181,High quality denim jeans from HERE&NOW. Perfect for daily wear.,2,Free Size,Cotton Blend,False,15 days,10 days,2025-08-17T21:52:40.181553,category/men-clothing,meesho_complete_dataset_20250902_215240.json
MEESHO_1000182,Roadster Cotton Kurti - Ethnic Wear,Women Clothing,Ethnic Wear,Roadster,733,645,12,3.7,4109,Limited Stock,Seller_529,https://images.meesho.com/images/products/1000182/1_512.jpg,https://www.meesho.com/product/1000182,High quality cotton kurti from Roadster. Perfect for daily wear.,4,"28,30,32,34",Cotton Blend,True,7 days,3 days,2025-08-09T21:52:40.181559,category/women-clothing,meesho_complete_dataset_20250902_215240.json
MEESHO_1000183,SASSAFRAS Ethnic Suit - Sarees,Women Clothing,Sarees,SASSAFRAS,1021,551,46,3.2,1361,In Stock,Seller_257,https://images.meesho.com/images/products/1000183/1_512.jpg,https://www.meesho.com/product/1000183,High quality ethnic suit from SASSAFRAS. Perfect for daily wear.,6,"28,30,32,34",Silk,True,7 days,9 days,2025-08-26T21:52:40.181565,category/women-clothing,meesho_complete_dataset_20250902_215240.json
MEESHO_1000184,GoSriKi Denim Jeans - Books,Books,Books,GoSriKi,274,82,70,3.9,1583,Out of Stock,Seller_297,https://images.meesho.com/images/products/1000184/1_512.jpg,https://www.meesho.com/product/1000184,High quality denim jeans from GoSriKi. Perfect for daily wear.,8,One Size,Silk,False,7 days,8 days,2025-08-03T21:52:40.181571,category/books,meesho_complete_dataset_20250902_215240.json
MEESHO_1000185,MIMOSA Kitchen Set - Handbags,Bags & Footwear,Handbags,MIMOSA,2741,2439,11,3.5,1244,Out of Stock,Seller_47,https://images.meesho.com/images/products/1000185/1_512.jpg,https://www.meesho.com/product/1000185,High quality kitchen set from MIMOSA. Perfect for daily wear.,4,"S,M,L,XL",Polyester,False,15 days,10 days,2025-08-25T21:52:40.181577,category/bags-&-footwear,meesho_complete_dataset_20250902_215240.json
MEESHO_1000186,HERE&NOW Face Cream - Makeup,Beauty & Health,Makeup,HERE&NOW,974,545,44,3.8,2434,Out of Stock,Seller_863,https://images.meesho.com/images/products/1000186/1_512.jpg,https://www.meesho.com/product/1000186,High quality face cream from HERE&NOW. Perfect for daily wear.,6,Free Size,Cotton Blend,True,15 days,10 days,2025-08-23T21:52:40.181582,category/beauty-&-health,meesho_complete_dataset_20250902_215240.json
MEESHO_1000187,Libas Denim Jeans - Makeup,Beauty & Health,Makeup,Libas,1480,1228,17,3.0,960,Limited Stock,Seller_38,https://images.meesho.com/images/products/1000187/1_512.jpg,https://www.meesho.com/product/1000187,High quality denim jeans from Libas. Perfect for daily wear.,5,Free Size,Cotton Blend,True,7 days,3 days,2025-08-17T21:52:40.181588,category/beauty-&-health,meesho_complete_dataset_20250902_215240.json
MEESHO_1000188,HERE&NOW Kids T-Shirt - Baby Clothing,Kids Clothing,Baby Clothing,HERE&NOW,2788,1255,55,4.0,4619,In Stock,Seller_850,https://images.meesho.com/images/products/1000188/1_512.jpg,https://www.meesho.com/product/1000188,High quality kids t-shirt from HERE&NOW. Perfect for daily wear.,1,One Size,Rayon,False,7 days,3 days,2025-08-20T21:52:40.181594,category/kids-clothing,meesho_complete_dataset_20250902_215240.json
MEESHO_1000189,Indya Ethnic Suit - Suits,Women Clothing,Suits,Indya,2687,1720,36,4.4,2433,Limited Stock,Seller_23,https://images.meesho.com/images/products/1000189/1_512.jpg,https://www.meesho.com/product/1000189,High quality ethnic suit from Indya. Perfect for daily wear.,1,"S,M,L,XL",Rayon,False,No return,3 days,2025-08-14T21:52:40.181600,category/women-clothing,meesho_complete_dataset_20250902_215240.json
MEESHO_1000190,Libas Jewelry Set - Sports & Fitness,Sports & Fitness,Sports & Fitness,Libas,1785,785,56,3.7,3849,Out of Stock,Seller_573,https://images.meesho.com/images/products/1000190/1_512.jpg,https://www.meesho.com/product/1000190,High quality jewelry set from Libas. Perfect for daily wear.,5,"28,30,32,34",Silk,True,7 days,3 days,2025-08-17T21:52:40.181605,category/sports-&-fitness,meesho_complete_dataset_20250902_215240.json
MEESHO_1000191,Aks Handbag - Automotive,Automotive,Automotive,Aks,1364,764,44,3.1,413,In Stock,Seller_411,https://images.meesho.com/images/products/1000191/1_512.jpg,https://www.meesho.com/product/1000191,High quality handbag from Aks. Perfect for daily wear.,4,"S,M,L,XL",Cotton Blend,True,7 days,5 days,2025-08-11T21:52:40.181611,category/automotive,meesho_complete_dataset_20250902_215240.json
MEESHO_1000192,MIMOSA Printed Saree - Sports & Fitness,Sports & Fitness,Sports & Fitness,MIMOSA,1405,1054,25,4.4,736,Limited Stock,Seller_204,https://images.meesho.com/images/products/1000192/1_512.jpg,https://www.meesho.com/product/1000192,High quality printed saree from MIMOSA. Perfect for daily wear.,2,One Size,Cotton Blend,True,15 days,7 days,2025-08-23T21:52:40.181617,category/sports-&-fitness,meesho_complete_dataset_20250902_215240.json
MEESHO_1000193,GoSriKi Jewelry Set - Gadgets,Electronics,Gadgets,GoSriKi,450,292,35,3.5,2158,Out of Stock,Seller_710,https://images.meesho.com/images/products/1000193/1_512.jpg,https://www.meesho.com/product/1000193,High quality jewelry set from GoSriKi. Perfect for daily wear.,6,Free Size,Polyester,True,15 days,9 days,2025-08-07T21:52:40.181624,category/electronics,meesho_complete_dataset_20250902_215240.json
MEESHO_1000194,Janasya Bedsheet Set - Sports & Fitness,Sports & Fitness,Sports & Fitness,Janasya,1135,511,55,4.3,3858,In Stock,Seller_374,https://images.meesho.com/images/products/1000194/1_512.jpg,https://www.meesho.com/product/1000194,High quality bedsheet set from Janasya. Perfect for daily wear.,1,Free Size,Cotton Blend,True,No return,10 days,2025-08-23T21:52:40.181629,category/sports-&-fitness,meesho_complete_dataset_20250902_215240.json
MEESHO_1000195,Manthan Jewelry Set - Tops,Women Clothing,Tops,Manthan,462,263,43,4.6,1667,In Stock,Seller_653,https://images.meesho.com/images/products/1000195/1_512.jpg,https://www.meesho.com/product/1000195,High quality jewelry set from Manthan. Perfect for daily wear.,4,"S,M,L,XL",Rayon,True,7 days,7 days,2025-08-25T21:52:40.181635,category/women-clothing,meesho_complete_dataset_20250902_215240.json
MEESHO_1000196,Libas Face Cream - Makeup,Beauty & Health,Makeup,Libas,488,278,43,3.7,4174,Limited Stock,Seller_182,https://images.meesho.com/images/products/1000196/1_512.jpg,https://www.meesho.com/product/1000196,High quality face cream from Libas. Perfect for daily wear.,2,Free Size,Rayon,True,No return,9 days,2025-08-06T21:52:40.181641,category/beauty-&-health,meesho_complete_dataset_20250902_215240.json
MEESHO_1000197,Aks Kitchen Set - Personal Care,Beauty & Health,Personal Care,Aks,2784,1865,33,3.1,1198,Limited Stock,Seller_572,https://images.meesho.com/images/products/1000197/1_512.jpg,https://www.meesho.com/product/1000197,High quality kitchen set from Aks. Perfect for daily wear.,8,"28,30,32,34",Rayon,False,No return,10 days,2025-08-15T21:52:40.181646,category/beauty-&-health,meesho_complete_dataset_20250902_215240.json
MEESHO_1000198,Aks Handbag - Books,Books,Books,Aks,2401,2041,15,4.4,3595,Out of Stock,Seller_517,https://images.meesho.com/images/products/1000198/1_512.jpg,https://www.meesho.com/product/1000198,High quality handbag from Aks. Perfect for daily wear.,8,Free Size,Polyester,True,15 days,4 days,2025-08-18T21:52:40.181652,category/books,meesho_complete_dataset_20250902_215240.json
MEESHO_1000199,Varanga Formal Shirt - Sandals,Bags & Footwear,Sandals,Varanga,2980,2354,21,4.4,524,Limited Stock,Seller_690,https://images.meesho.com/images/products/1000199/1_512.jpg,https://www.meesho.com/product/1000199,High quality formal shirt from Varanga. Perfect for daily wear.,1,Free Size,Cotton,False,15 days,5 days,2025-08-31T21:52:40.181658,category/bags-&-footwear,meesho_complete_dataset_20250902_215240.json
MEESHO_1000200,Roadster Printed Saree - Suits,Women Clothing,Suits,Roadster,130,109,16,3.0,467,In Stock,Seller_798,https://images.meesho.com/images/products/1000200/1_512.jpg,https://www.meesho.com/product/1000200,High quality printed saree from Roadster. Perfect for daily wear.,1,"S,M,L,XL",Cotton,True,7 days,10 days,2025-08-29T21:52:40.181663,category/women-clothing,meesho_complete_dataset_20250902_215240.json
MEESHO_1000201,MIMOSA Kitchen Set - Mobile Accessories,Electronics,Mobile Accessories,MIMOSA,2369,877,63,4.8,1190,Out of Stock,Seller_462,https://images.meesho.com/images/products/1000201/1_512.jpg,https://www.meesho.com/product/1000201,High quality kitchen set from MIMOSA. Perfect for daily wear.,4,"S,M,L,XL",Cotton Blend,True,15 days,5 days,2025-08-19T21:52:40.181669,category/electronics,meesho_complete_dataset_20250902_215240.json
MEESHO_1000202,SASSAFRAS Face Cream - Toys & Games,Toys & Games,Toys & Games,SASSAFRAS,392,341,13,3.1,1042,Out of Stock,Seller_177,https://images.meesho.com/images/products/1000202/1_512.jpg,https://www.meesho.com/product/1000202,High quality face cream from SASSAFRAS. Perfect for daily wear.,5,"28,30,32,34",Cotton,True,15 days,3 days,2025-08-03T21:52:40.181675,category/toys-&-games,meesho_complete_dataset_20250902_215240.json
MEESHO_1000203,GoSriKi Formal Shirt - Books,Books,Books,GoSriKi,1147,883,23,3.3,3734,Out of Stock,Seller_327,https://images.meesho.com/images/products/1000203/1_512.jpg,https://www.meesho.com/product/1000203,High quality formal shirt from GoSriKi. Perfect for daily wear.,5,"28,30,32,34",Cotton Blend,False,No return,9 days,2025-08-28T21:52:40.181681,category/books,meesho_complete_dataset_20250902_215240.json
MEESHO_1000204,Libas Formal Shirt - Jeans,Men Clothing,Jeans,Libas,171,77,55,4.4,1375,Limited Stock,Seller_805,https://images.meesho.com/images/products/1000204/1_512.jpg,https://www.meesho.com/product/1000204,High quality formal shirt from Libas. Perfect for daily wear.,7,One Size,Cotton Blend,False,15 days,4 days,2025-08-23T21:52:40.181686,category/men-clothing,meesho_complete_dataset_20250902_215240.json
MEESHO_1000205,GoSriKi Casual Dress - Jewelry,Accessories,Jewelry,GoSriKi,2415,1038,57,3.5,3541,Out of Stock,Seller_454,https://images.meesho.com/images/products/1000205/1_512.jpg,https://www.meesho.com/product/1000205,High quality casual dress from GoSriKi. Perfect for daily wear.,8,One Size,Cotton,False,No return,7 days,2025-08-09T21:52:40.181693,category/accessories,meesho_complete_dataset_20250902_215240.json
MEESHO_1000206,MIMOSA Formal Shirt - Books,Books,Books,MIMOSA,2191,1731,21,4.2,3502,Out of Stock,Seller_725,https://images.meesho.com/images/products/1000206/1_512.jpg,https://www.meesho.com/product/1000206,High quality formal shirt from MIMOSA. Perfect for daily wear.,6,"28,30,32,34",Silk,True,7 days,3 days,2025-08-05T21:52:40.181700,category/books,meesho_complete_dataset_20250902_215240.json
MEESHO_1000207,Janasya Hair Oil - Headphones,Electronics,Headphones,Janasya,1727,1123,35,4.1,3419,In Stock,Seller_200,https://images.meesho.com/images/products/1000207/1_512.jpg,https://www.meesho.com/product/1000207,High quality hair oil from Janasya. Perfect for daily wear.,2,Free Size,Cotton,False,No return,8 days,2025-08-22T21:52:40.181706,category/electronics,meesho_complete_dataset_20250902_215240.json
MEESHO_1000208,Manthan Running Shoes - School Uniforms,Kids Clothing,School Uniforms,Manthan,2366,1774,25,4.6,2376,Out of Stock,Seller_45,https://images.meesho.com/images/products/1000208/1_512.jpg,https://www.meesho.com/product/1000208,High quality running shoes from Manthan. Perfect for daily wear.,5,Free Size,Cotton,True,7 days,4 days,2025-08-29T21:52:40.181712,category/kids-clothing,meesho_complete_dataset_20250902_215240.json
MEESHO_1000209,Soch Jewelry Set - Toys & Games,Toys & Games,Toys & Games,Soch,179,61,66,4.0,2015,Limited Stock,Seller_123,https://images.meesho.com/images/products/1000209/1_512.jpg,https://www.meesho.com/product/1000209,High quality jewelry set from Soch. Perfect for daily wear.,5,"S,M,L,XL",Silk,False,15 days,9 days,2025-08-27T21:52:40.181717,category/toys-&-games,meesho_complete_dataset_20250902_215240.json
MEESHO_1000210,Indya Cotton Kurti - Sports & Fitness,Sports & Fitness,Sports & Fitness,Indya,1600,1152,28,3.6,2072,Limited Stock,Seller_53,https://images.meesho.com/images/products/1000210/1_512.jpg,https://www.meesho.com/product/1000210,High quality cotton kurti from Indya. Perfect for daily wear.,7,Free Size,Cotton Blend,False,No return,3 days,2025-08-17T21:52:40.181723,category/sports-&-fitness,meesho_complete_dataset_20250902_215240.json
MEESHO_1000211,Vishudh Running Shoes - Skincare,Beauty & Health,Skincare,Vishudh,354,312,12,4.6,1267,Out of Stock,Seller_741,https://images.meesho.com/images/products/1000211/1_512.jpg,https://www.meesho.com/product/1000211,High quality running shoes from Vishudh. Perfect for daily wear.,5,Free Size,Cotton,True,15 days,5 days,2025-08-16T21:52:40.181729,category/beauty-&-health,meesho_complete_dataset_20250902_215240.json
MEESHO_1000212,Manthan Handbag - Baby Clothing,Kids Clothing,Baby Clothing,Manthan,157,88,44,3.6,3101,Out of Stock,Seller_996,https://images.meesho.com/images/products/1000212/1_512.jpg,https://www.meesho.com/product/1000212,High quality handbag from Manthan. Perfect for daily wear.,4,One Size,Rayon,True,7 days,4 days,2025-08-11T21:52:40.181735,category/kids-clothing,meesho_complete_dataset_20250902_215240.json
MEESHO_1000213,Mast & Harbour Jewelry Set - Books,Books,Books,Mast & Harbour,1581,1296,18,3.3,1417,Limited Stock,Seller_419,https://images.meesho.com/images/products/1000213/1_512.jpg,https://www.meesho.com/product/1000213,High quality jewelry set from Mast & Harbour. Perfect for daily wear.,7,"28,30,32,34",Rayon,True,No return,5 days,2025-08-15T21:52:40.181741,category/books,meesho_complete_dataset_20250902_215240.json
MEESHO_1000214,GoSriKi Formal Shirt - Sports & Fitness,Sports & Fitness,Sports & Fitness,GoSriKi,2143,1350,37,3.8,4441,Out of Stock,Seller_858,https://images.meesho.com/images/products/1000214/1_512.jpg,https://www.meesho.com/product/1000214,High quality formal shirt from GoSriKi. Perfect for daily wear.,1,"S,M,L,XL",Rayon,False,15 days,6 days,2025-08-23T21:52:40.181747,category/sports-&-fitness,meesho_complete_dataset_20250902_215240.json
MEESHO_1000215,Varanga Kitchen Set - Personal Care,Beauty & Health,Personal Care,Varanga,1330,971,27,4.1,1400,Limited Stock,Seller_184,https://images.meesho.com/images/products/1000215/1_512.jpg,https://www.meesho.com/product/1000215,High quality kitchen set from Varanga. Perfect for daily wear.,4,One Size,Rayon,True,No return,3 days,2025-08-12T21:52:40.181753,category/beauty-&-health,meesho_complete_dataset_20250902_215240.json
MEESHO_1000216,Sangria Wall Clock - Backpacks,Bags & Footwear,Backpacks,Sangria,2578,1005,61,4.1,299,In Stock,Seller_648,https://images.meesho.com/images/products/1000216/1_512.jpg,https://www.meesho.com/product/1000216,High quality wall clock from Sangria. Perfect for daily wear.,6,"S,M,L,XL",Cotton Blend,True,7 days,7 days,2025-08-13T21:52:40.181759,category/bags-&-footwear,meesho_complete_dataset_20250902_215240.json
MEESHO_1000217,Roadster Denim Jeans - Home Decor,Home & Kitchen,Home Decor,Roadster,2236,984,56,3.7,3003,Limited Stock,Seller_276,https://images.meesho.com/images/products/1000217/1_512.jpg,https://www.meesho.com/product/1000217,High quality denim jeans from Roadster. Perfect for daily wear.,5,"28,30,32,34",Polyester,True,No return,8 days,2025-08-04T21:52:40.181765,category/home-&-kitchen,meesho_complete_dataset_20250902_215240.json
MEESHO_1000218,Aks Bedsheet Set - Shoes,Bags & Footwear,Shoes,Aks,2524,1868,26,3.4,1897,In Stock,Seller_787,https://images.meesho.com/images/products/1000218/1_512.jpg,https://www.meesho.com/product/1000218,High quality bedsheet set from Aks. Perfect for daily wear.,2,"28,30,32,34",Rayon,False,No return,9 days,2025-08-18T21:52:40.181771,category/bags-&-footwear,meesho_complete_dataset_20250902_215240.json
MEESHO_1000219,Global Desi Wall Clock - Mobile Accessories,Electronics,Mobile Accessories,Global Desi,2190,1051,52,4.2,939,In Stock,Seller_796,https://images.meesho.com/images/products/1000219/1_512.jpg,https://www.meesho.com/product/1000219,High quality wall clock from Global Desi. Perfect for daily wear.,8,"28,30,32,34",Cotton,False,7 days,9 days,2025-08-13T21:52:40.181777,category/electronics,meesho_complete_dataset_20250902_215240.json
MEESHO_1000220,DressBerry Printed Saree - T-Shirts,Men Clothing,T-Shirts,DressBerry,392,212,46,4.4,4149,In Stock,Seller_57,https://images.meesho.com/images/products/1000220/1_512.jpg,https://www.meesho.com/product/1000220,High quality printed saree from DressBerry. Perfect for daily wear.,7,Free Size,Rayon,True,15 days,9 days,2025-08-16T21:52:40.181783,category/men-clothing,meesho_complete_dataset_20250902_215240.json
MEESHO_1000221,Manthan Jewelry Set - Sports & Fitness,Sports & Fitness,Sports & Fitness,Manthan,1349,540,60,4.7,933,In Stock,Seller_511,https://images.meesho.com/images/products/1000221/1_512.jpg,https://www.meesho.com/product/1000221,High quality jewelry set from Manthan. Perfect for daily wear.,6,"28,30,32,34",Cotton Blend,False,15 days,9 days,2025-08-03T21:52:40.181788,category/sports-&-fitness,meesho_complete_dataset_20250902_215240.json
MEESHO_1000222,Global Desi Ethnic Suit - Baby Clothing,Kids Clothing,Baby Clothing,Global Desi,1201,961,20,4.0,4429,Out of Stock,Seller_607,https://images.meesho.com/images/products/1000222/1_512.jpg,https://www.meesho.com/product/1000222,High quality ethnic suit from Global Desi. Perfect for daily wear.,2,"28,30,32,34",Cotton Blend,True,15 days,5 days,2025-08-10T21:52:40.181794,category/kids-clothing,meesho_complete_dataset_20250902_215240.json
MEESHO_1000223,Libas Ethnic Suit - Jewelry,Accessories,Jewelry,Libas,1708,1298,24,4.7,2064,In Stock,Seller_205,https://images.meesho.com/images/products/1000223/1_512.jpg,https://www.meesho.com/product/1000223,High quality ethnic suit from Libas. Perfect for daily wear.,4,One Size,Cotton,False,7 days,4 days,2025-08-14T21:52:40.181800,category/accessories,meesho_complete_dataset_20250902_215240.json
MEESHO_1000224,Mast & Harbour Cotton Kurti - Sports & Fitness,Sports & Fitness,Sports & Fitness,Mast & Harbour,562,225,60,3.1,350,In Stock,Seller_696,https://images.meesho.com/images/products/1000224/1_512.jpg,https://www.meesho.com/product/1000224,High quality cotton kurti from Mast & Harbour. Perfect for daily wear.,7,One Size,Silk,False,7 days,4 days,2025-08-09T21:52:40.181805,category/sports-&-fitness,meesho_complete_dataset_20250902_215240.json
MEESHO_1000225,Libas Kids T-Shirt - Dresses,Women Clothing,Dresses,Libas,1855,1540,17,3.8,191,Out of Stock,Seller_353,https://images.meesho.com/images/products/1000225/1_512.jpg,https://www.meesho.com/product/1000225,High quality kids t-shirt from Libas. Perfect for daily wear.,1,One Size,Rayon,False,7 days,10 days,2025-08-16T21:52:40.181811,category/women-clothing,meesho_complete_dataset_20250902_215240.json
MEESHO_1000226,Sangria Bedsheet Set - Sports & Fitness,Sports & Fitness,Sports & Fitness,Sangria,2521,2269,10,4.8,1838,In Stock,Seller_387,https://images.meesho.com/images/products/1000226/1_512.jpg,https://www.meesho.com/product/1000226,High quality bedsheet set from Sangria. Perfect for daily wear.,1,Free Size,Cotton,False,15 days,7 days,2025-08-25T21:52:40.181817,category/sports-&-fitness,meesho_complete_dataset_20250902_215240.json
MEESHO_1000227,MIMOSA Casual Dress - Bedding,Home & Kitchen,Bedding,MIMOSA,735,323,56,4.7,4859,Out of Stock,Seller_383,https://images.meesho.com/images/products/1000227/1_512.jpg,https://www.meesho.com/product/1000227,High quality casual dress from MIMOSA. Perfect for daily wear.,3,One Size,Rayon,False,7 days,7 days,2025-09-01T21:52:40.181823,category/home-&-kitchen,meesho_complete_dataset_20250902_215240.json
MEESHO_1000228,Varanga Ethnic Suit - Kurtas,Women Clothing,Kurtas,Varanga,141,86,39,4.6,1965,In Stock,Seller_78,https://images.meesho.com/images/products/1000228/1_512.jpg,https://www.meesho.com/product/1000228,High quality ethnic suit from Varanga. Perfect for daily wear.,3,One Size,Rayon,False,No return,5 days,2025-08-03T21:52:40.181829,category/women-clothing,meesho_complete_dataset_20250902_215240.json
MEESHO_1000229,Sangria Hair Oil - Health Supplements,Beauty & Health,Health Supplements,Sangria,1438,791,45,3.3,1910,In Stock,Seller_226,https://images.meesho.com/images/products/1000229/1_512.jpg,https://www.meesho.com/product/1000229,High quality hair oil from Sangria. Perfect for daily wear.,1,One Size,Cotton,True,15 days,3 days,2025-08-08T21:52:40.181834,category/beauty-&-health,meesho_complete_dataset_20250902_215240.json
MEESHO_1000230,Vishudh Ethnic Suit - Toys & Games,Toys & Games,Toys & Games,Vishudh,2833,1643,42,3.1,2845,Limited Stock,Seller_794,https://images.meesho.com/images/products/1000230/1_512.jpg,https://www.meesho.com/product/1000230,High quality ethnic suit from Vishudh. Perfect for daily wear.,7,Free Size,Cotton,False,7 days,8 days,2025-08-19T21:52:40.181840,category/toys-&-games,meesho_complete_dataset_20250902_215240.json
MEESHO_1000231,Libas Face Cream - Gadgets,Electronics,Gadgets,Libas,1399,783,44,3.2,2759,Limited Stock,Seller_46,https://images.meesho.com/images/products/1000231/1_512.jpg,https://www.meesho.com/product/1000231,High quality face cream from Libas. Perfect for daily wear.,5,"28,30,32,34",Polyester,True,No return,5 days,2025-08-11T21:52:40.181847,category/electronics,meesho_complete_dataset_20250902_215240.json
MEESHO_1000232,Libas Bedsheet Set - Baby Clothing,Kids Clothing,Baby Clothing,Libas,1245,735,41,3.4,2792,In Stock,Seller_509,https://images.meesho.com/images/products/1000232/1_512.jpg,https://www.meesho.com/product/1000232,High quality bedsheet set from Libas. Perfect for daily wear.,5,One Size,Cotton Blend,True,15 days,8 days,2025-08-17T21:52:40.181853,category/kids-clothing,meesho_complete_dataset_20250902_215240.json
MEESHO_1000233,HERE&NOW Wall Clock - Kitchen Appliances,Home & Kitchen,Kitchen Appliances,HERE&NOW,1180,425,64,3.0,1551,Out of Stock,Seller_392,https://images.meesho.com/images/products/1000233/1_512.jpg,https://www.meesho.com/product/1000233,High quality wall clock from HERE&NOW. Perfect for daily wear.,1,One Size,Cotton Blend,False,No return,3 days,2025-09-02T21:52:40.181859,category/home-&-kitchen,meesho_complete_dataset_20250902_215240.json
MEESHO_1000234,Janasya Kitchen Set - Backpacks,Bags & Footwear,Backpacks,Janasya,1507,678,55,3.3,459,In Stock,Seller_740,https://images.meesho.com/images/products/1000234/1_512.jpg,https://www.meesho.com/product/1000234,High quality kitchen set from Janasya. Perfect for daily wear.,6,"28,30,32,34",Cotton,False,No return,5 days,2025-08-03T21:52:40.181865,category/bags-&-footwear,meesho_complete_dataset_20250902_215240.json
MEESHO_1000235,MIMOSA Formal Shirt - Storage,Home & Kitchen,Storage,MIMOSA,2578,1186,54,4.4,1263,In Stock,Seller_758,https://images.meesho.com/images/products/1000235/1_512.jpg,https://www.meesho.com/product/1000235,High quality formal shirt from MIMOSA. Perfect for daily wear.,2,"28,30,32,34",Cotton,True,7 days,5 days,2025-08-22T21:52:40.181871,category/home-&-kitchen,meesho_complete_dataset_20250902_215240.json
MEESHO_1000236,Vishudh Running Shoes - Girls Clothing,Kids Clothing,Girls Clothing,Vishudh,346,138,60,3.4,4373,In Stock,Seller_954,https://images.meesho.com/images/products/1000236/1_512.jpg,https://www.meesho.com/product/1000236,High quality running shoes from Vishudh. Perfect for daily wear.,2,One Size,Silk,True,No return,4 days,2025-08-12T21:52:40.181877,category/kids-clothing,meesho_complete_dataset_20250902_215240.json
MEESHO_1000237,Aks Jewelry Set - Storage,Home & Kitchen,Storage,Aks,2268,953,58,4.7,1190,In Stock,Seller_567,https://images.meesho.com/images/products/1000237/1_512.jpg,https://www.meesho.com/product/1000237,High quality jewelry set from Aks. Perfect for daily wear.,5,One Size,Rayon,False,No return,9 days,2025-08-21T21:52:40.181883,category/home-&-kitchen,meesho_complete_dataset_20250902_215240.json
MEESHO_1000238,Mast & Harbour Printed Saree - Books,Books,Books,Mast & Harbour,2907,1657,43,4.2,2667,Limited Stock,Seller_553,https://images.meesho.com/images/products/1000238/1_512.jpg,https://www.meesho.com/product/1000238,High quality printed saree from Mast & Harbour. Perfect for daily wear.,8,"28,30,32,34",Polyester,False,7 days,5 days,2025-08-03T21:52:40.181889,category/books,meesho_complete_dataset_20250902_215240.json
MEESHO_1000239,DressBerry Casual Dress - Books,Books,Books,DressBerry,416,291,30,4.8,372,Limited Stock,Seller_457,https://images.meesho.com/images/products/1000239/1_512.jpg,https://www.meesho.com/product/1000239,High quality casual dress from DressBerry. Perfect for daily wear.,2,One Size,Polyester,True,7 days,6 days,2025-08-13T21:52:40.181895,category/books,meesho_complete_dataset_20250902_215240.json
MEESHO_1000240,Global Desi Casual Dress - Headphones,Electronics,Headphones,Global Desi,2653,2335,12,4.7,2666,In Stock,Seller_279,https://images.meesho.com/images/products/1000240/1_512.jpg,https://www.meesho.com/product/1000240,High quality casual dress from Global Desi. Perfect for daily wear.,2,Free Size,Cotton,False,15 days,8 days,2025-08-17T21:52:40.181900,category/electronics,meesho_complete_dataset_20250902_215240.json
MEESHO_1000241,Roadster Ethnic Suit - Toys & Games,Toys & Games,Toys & Games,Roadster,786,401,49,4.8,336,Limited Stock,Seller_880,https://images.meesho.com/images/products/1000241/1_512.jpg,https://www.meesho.com/product/1000241,High quality ethnic suit from Roadster. Perfect for daily wear.,8,"28,30,32,34",Cotton,False,15 days,10 days,2025-08-10T21:52:40.181906,category/toys-&-games,meesho_complete_dataset_20250902_215240.json
MEESHO_1000242,HERE&NOW Casual Dress - Headphones,Electronics,Headphones,HERE&NOW,1814,1070,41,3.4,1177,In Stock,Seller_66,https://images.meesho.com/images/products/1000242/1_512.jpg,https://www.meesho.com/product/1000242,High quality casual dress from HERE&NOW. Perfect for daily wear.,3,Free Size,Cotton,True,15 days,3 days,2025-08-12T21:52:40.181912,category/electronics,meesho_complete_dataset_20250902_215240.json
MEESHO_1000243,Manthan Formal Shirt - Books,Books,Books,Manthan,2629,2208,16,3.3,575,Limited Stock,Seller_741,https://images.meesho.com/images/products/1000243/1_512.jpg,https://www.meesho.com/product/1000243,High quality formal shirt from Manthan. Perfect for daily wear.,4,"28,30,32,34",Cotton Blend,False,No return,7 days,2025-08-26T21:52:40.181918,category/books,meesho_complete_dataset_20250902_215240.json
MEESHO_1000244,Anouk Printed Saree - Hair Accessories,Accessories,Hair Accessories,Anouk,1659,796,52,4.4,2188,Out of Stock,Seller_265,https://images.meesho.com/images/products/1000244/1_512.jpg,https://www.meesho.com/product/1000244,High quality printed saree from Anouk. Perfect for daily wear.,7,"S,M,L,XL",Silk,False,7 days,8 days,2025-08-14T21:52:40.181923,category/accessories,meesho_complete_dataset_20250902_215240.json
MEESHO_1000245,Janasya Ethnic Suit - Toys & Games,Toys & Games,Toys & Games,Janasya,1432,673,53,3.8,4605,Out of Stock,Seller_805,https://images.meesho.com/images/products/1000245/1_512.jpg,https://www.meesho.com/product/1000245,High quality ethnic suit from Janasya. Perfect for daily wear.,4,One Size,Polyester,False,15 days,6 days,2025-09-01T21:52:40.181929,category/toys-&-games,meesho_complete_dataset_20250902_215240.json
MEESHO_1000246,Aks Kids T-Shirt - Mobile Accessories,Electronics,Mobile Accessories,Aks,2680,1420,47,3.1,783,Out of Stock,Seller_496,https://images.meesho.com/images/products/1000246/1_512.jpg,https://www.meesho.com/product/1000246,High quality kids t-shirt from Aks. Perfect for daily wear.,4,Free Size,Cotton,True,7 days,10 days,2025-08-26T21:52:40.181935,category/electronics,meesho_complete_dataset_20250902_215240.json
MEESHO_1000247,GoSriKi Wall Clock - Cleaning,Home & Kitchen,Cleaning,GoSriKi,1951,1307,33,4.0,730,Out of Stock,Seller_237,https://images.meesho.com/images/products/1000247/1_512.jpg,https://www.meesho.com/product/1000247,High quality wall clock from GoSriKi. Perfect for daily wear.,3,"28,30,32,34",Polyester,True,No return,3 days,2025-08-27T21:52:40.181941,category/home-&-kitchen,meesho_complete_dataset_20250902_215240.json
MEESHO_1000248,Manthan Cotton Kurti - Headphones,Electronics,Headphones,Manthan,1373,865,37,4.4,1247,In Stock,Seller_483,https://images.meesho.com/images/products/1000248/1_512.jpg,https://www.meesho.com/product/1000248,High quality cotton kurti from Manthan. Perfect for daily wear.,2,One Size,Silk,True,7 days,10 days,2025-08-12T21:52:40.181946,category/electronics,meesho_complete_dataset_20250902_215240.json
MEESHO_1000249,Sangria Kids T-Shirt - Sandals,Bags & Footwear,Sandals,Sangria,745,514,31,4.6,3770,Limited Stock,Seller_18,https://images.meesho.com/images/products/1000249/1_512.jpg,https://www.meesho.com/product/1000249,High quality kids t-shirt from Sangria. Perfect for daily wear.,1,One Size,Cotton,False,15 days,3 days,2025-08-14T21:52:40.181952,category/bags-&-footwear,meesho_complete_dataset_20250902_215240.json
MEESHO_1000250,SASSAFRAS Handbag - Sunglasses,Accessories,Sunglasses,SASSAFRAS,943,698,26,3.8,922,Limited Stock,Seller_592,https://images.meesho.com/images/products/1000250/1_512.jpg,https://www.meesho.com/product/1000250,High quality handbag from SASSAFRAS. Perfect for daily wear.,3,"28,30,32,34",Polyester,False,7 days,7 days,2025-08-28T21:52:40.181958,category/accessories,meesho_complete_dataset_20250902_215240.json
MEESHO_1000251,SASSAFRAS Kids T-Shirt - Wallets,Bags & Footwear,Wallets,SASSAFRAS,991,545,45,3.5,3628,In Stock,Seller_301,https://images.meesho.com/images/products/1000251/1_512.jpg,https://www.meesho.com/product/1000251,High quality kids t-shirt from SASSAFRAS. Perfect for daily wear.,2,One Size,Cotton Blend,True,7 days,10 days,2025-08-07T21:52:40.181964,category/bags-&-footwear,meesho_complete_dataset_20250902_215240.json
MEESHO_1000252,Soch Running Shoes - School Uniforms,Kids Clothing,School Uniforms,Soch,339,105,69,3.1,2896,Limited Stock,Seller_636,https://images.meesho.com/images/products/1000252/1_512.jpg,https://www.meesho.com/product/1000252,High quality running shoes from Soch. Perfect for daily wear.,4,"28,30,32,34",Polyester,True,15 days,7 days,2025-08-13T21:52:40.181970,category/kids-clothing,meesho_complete_dataset_20250902_215240.json
MEESHO_1000253,MIMOSA Printed Saree - Sports & Fitness,Sports & Fitness,Sports & Fitness,MIMOSA,953,410,57,4.4,2745,Limited Stock,Seller_272,https://images.meesho.com/images/products/1000253/1_512.jpg,https://www.meesho.com/product/1000253,High quality printed saree from MIMOSA. Perfect for daily wear.,6,One Size,Cotton Blend,False,7 days,3 days,2025-08-05T21:52:40.181975,category/sports-&-fitness,meesho_complete_dataset_20250902_215240.json
MEESHO_1000254,HERE&NOW Kids T-Shirt - Girls Clothing,Kids Clothing,Girls Clothing,HERE&NOW,1669,1135,32,3.4,1233,Limited Stock,Seller_551,https://images.meesho.com/images/products/1000254/1_512.jpg,https://www.meesho.com/product/1000254,High quality kids t-shirt from HERE&NOW. Perfect for daily wear.,4,"28,30,32,34",Rayon,True,15 days,7 days,2025-08-10T21:52:40.181981,category/kids-clothing,meesho_complete_dataset_20250902_215240.json
MEESHO_1000255,HERE&NOW Kids T-Shirt - Kurtas,Men Clothing,Kurtas,HERE&NOW,492,148,70,4.1,76,In Stock,Seller_654,https://images.meesho.com/images/products/1000255/1_512.jpg,https://www.meesho.com/product/1000255,High quality kids t-shirt from HERE&NOW. Perfect for daily wear.,3,Free Size,Rayon,False,7 days,8 days,2025-08-28T21:52:40.181987,category/men-clothing,meesho_complete_dataset_20250902_215240.json
MEESHO_1000256,MIMOSA Kids T-Shirt - Tops,Women Clothing,Tops,MIMOSA,2907,901,69,4.0,2782,Out of Stock,Seller_269,https://images.meesho.com/images/products/1000256/1_512.jpg,https://www.meesho.com/product/1000256,High quality kids t-shirt from MIMOSA. Perfect for daily wear.,5,One Size,Silk,False,15 days,7 days,2025-08-29T21:52:40.181993,category/women-clothing,meesho_complete_dataset_20250902_215240.json
MEESHO_1000257,Manthan Printed Saree - Toys & Games,Toys & Games,Toys & Games,Manthan,1928,1311,32,4.0,1293,Limited Stock,Seller_173,https://images.meesho.com/images/products/1000257/1_512.jpg,https://www.meesho.com/product/1000257,High quality printed saree from Manthan. Perfect for daily wear.,8,One Size,Silk,True,No return,3 days,2025-08-27T21:52:40.182000,category/toys-&-games,meesho_complete_dataset_20250902_215240.json
MEESHO_1000258,GoSriKi Hair Oil - Ethnic Wear,Women Clothing,Ethnic Wear,GoSriKi,1578,1389,12,3.2,1067,Out of Stock,Seller_312,https://images.meesho.com/images/products/1000258/1_512.jpg,https://www.meesho.com/product/1000258,High quality hair oil from GoSriKi. Perfect for daily wear.,5,Free Size,Cotton,False,7 days,9 days,2025-08-14T21:52:40.182006,category/women-clothing,meesho_complete_dataset_20250902_215240.json
MEESHO_1000259,HERE&NOW Casual Dress - Personal Care,Beauty & Health,Personal Care,HERE&NOW,658,355,46,4.0,824,In Stock,Seller_289,https://images.meesho.com/images/products/1000259/1_512.jpg,https://www.meesho.com/product/1000259,High quality casual dress from HERE&NOW. Perfect for daily wear.,5,"S,M,L,XL",Silk,True,7 days,4 days,2025-08-25T21:52:40.182012,category/beauty-&-health,meesho_complete_dataset_20250902_215240.json
MEESHO_1000260,Manthan Kids T-Shirt - Ethnic Wear,Women Clothing,Ethnic Wear,Manthan,167,73,56,4.1,2087,Limited Stock,Seller_430,https://images.meesho.com/images/products/1000260/1_512.jpg,https://www.meesho.com/product/1000260,High quality kids t-shirt from Manthan. Perfect for daily wear.,5,One Size,Polyester,False,No return,9 days,2025-08-03T21:52:40.182017,category/women-clothing,meesho_complete_dataset_20250902_215240.json
MEESHO_1000261,Soch Denim Jeans - Jeans,Men Clothing,Jeans,Soch,1199,947,21,3.7,2332,Out of Stock,Seller_851,https://images.meesho.com/images/products/1000261/1_512.jpg,https://www.meesho.com/product/1000261,High quality denim jeans from Soch. Perfect for daily wear.,8,"S,M,L,XL",Cotton Blend,False,7 days,4 days,2025-08-22T21:52:40.182023,category/men-clothing,meesho_complete_dataset_20250902_215240.json
MEESHO_1000262,Libas Running Shoes - Casual Wear,Men Clothing,Casual Wear,Libas,420,214,49,3.4,2208,In Stock,Seller_269,https://images.meesho.com/images/products/1000262/1_512.jpg,https://www.meesho.com/product/1000262,High quality running shoes from Libas. Perfect for daily wear.,6,Free Size,Polyester,True,15 days,5 days,2025-08-04T21:52:40.182029,category/men-clothing,meesho_complete_dataset_20250902_215240.json
MEESHO_1000263,Indya Jewelry Set - Toys & Games,Toys & Games,Toys & Games,Indya,143,49,66,4.3,376,In Stock,Seller_843,https://images.meesho.com/images/products/1000263/1_512.jpg,https://www.meesho.com/product/1000263,High quality jewelry set from Indya. Perfect for daily wear.,6,"S,M,L,XL",Cotton Blend,False,7 days,10 days,2025-08-26T21:52:40.182035,category/toys-&-games,meesho_complete_dataset_20250902_215240.json
MEESHO_1000264,Vishudh Wall Clock - Baby Clothing,Kids Clothing,Baby Clothing,Vishudh,1875,862,54,4.1,568,Limited Stock,Seller_670,https://images.meesho.com/images/products/1000264/1_512.jpg,https://www.meesho.com/product/1000264,High quality wall clock from Vishudh. Perfect for daily wear.,2,Free Size,Polyester,True,15 days,3 days,2025-08-18T21:52:40.182041,category/kids-clothing,meesho_complete_dataset_20250902_215240.json
MEESHO_1000265,Manthan Kids T-Shirt - Sports & Fitness,Sports & Fitness,Sports & Fitness,Manthan,2486,1864,25,3.7,3385,Limited Stock,Seller_159,https://images.meesho.com/images/products/1000265/1_512.jpg,https://www.meesho.com/product/1000265,High quality kids t-shirt from Manthan. Perfect for daily wear.,3,Free Size,Rayon,False,No return,7 days,2025-08-12T21:52:40.182046,category/sports-&-fitness,meesho_complete_dataset_20250902_215240.json
MEESHO_1000266,Indya Printed Saree - Health Supplements,Beauty & Health,Health Supplements,Indya,2644,1375,48,4.3,2699,Out of Stock,Seller_879,https://images.meesho.com/images/products/1000266/1_512.jpg,https://www.meesho.com/product/1000266,High quality printed saree from Indya. Perfect for daily wear.,7,One Size,Cotton Blend,False,15 days,7 days,2025-08-11T21:52:40.182052,category/beauty-&-health,meesho_complete_dataset_20250902_215240.json
MEESHO_1000267,Roadster Jewelry Set - Handbags,Bags & Footwear,Handbags,Roadster,2902,1509,48,4.7,926,In Stock,Seller_916,https://images.meesho.com/images/products/1000267/1_512.jpg,https://www.meesho.com/product/1000267,High quality jewelry set from Roadster. Perfect for daily wear.,2,One Size,Rayon,False,15 days,10 days,2025-08-17T21:52:40.182058,category/bags-&-footwear,meesho_complete_dataset_20250902_215240.json
MEESHO_1000268,Indya Printed Saree - Kitchen Appliances,Home & Kitchen,Kitchen Appliances,Indya,156,103,34,4.2,4601,Limited Stock,Seller_605,https://images.meesho.com/images/products/1000268/1_512.jpg,https://www.meesho.com/product/1000268,High quality printed saree from Indya. Perfect for daily wear.,2,"S,M,L,XL",Cotton Blend,True,7 days,6 days,2025-08-03T21:52:40.182064,category/home-&-kitchen,meesho_complete_dataset_20250902_215240.json
MEESHO_1000269,DressBerry Mobile Cover - Automotive,Automotive,Automotive,DressBerry,1066,330,69,4.0,1702,In Stock,Seller_557,https://images.meesho.com/images/products/1000269/1_512.jpg,https://www.meesho.com/product/1000269,High quality mobile cover from DressBerry. Perfect for daily wear.,3,"28,30,32,34",Rayon,False,15 days,8 days,2025-08-07T21:52:40.182069,category/automotive,meesho_complete_dataset_20250902_215240.json
MEESHO_1000270,Anouk Ethnic Suit - Backpacks,Bags & Footwear,Backpacks,Anouk,1331,519,61,3.4,4183,In Stock,Seller_57,https://images.meesho.com/images/products/1000270/1_512.jpg,https://www.meesho.com/product/1000270,High quality ethnic suit from Anouk. Perfect for daily wear.,4,"28,30,32,34",Rayon,False,15 days,6 days,2025-08-12T21:52:40.182075,category/bags-&-footwear,meesho_complete_dataset_20250902_215240.json
MEESHO_1000271,Manthan Hair Oil - Sunglasses,Accessories,Sunglasses,Manthan,1961,1530,22,3.5,4575,In Stock,Seller_341,https://images.meesho.com/images/products/1000271/1_512.jpg,https://www.meesho.com/product/1000271,High quality hair oil from Manthan. Perfect for daily wear.,4,"S,M,L,XL",Rayon,False,15 days,7 days,2025-08-11T21:52:40.182081,category/accessories,meesho_complete_dataset_20250902_215240.json
MEESHO_1000272,Mast & Harbour Denim Jeans - Sports & Fitness,Sports & Fitness,Sports & Fitness,Mast & Harbour,2712,1112,59,4.4,2454,In Stock,Seller_599,https://images.meesho.com/images/products/1000272/1_512.jpg,https://www.meesho.com/product/1000272,High quality denim jeans from Mast & Harbour. Perfect for daily wear.,6,"28,30,32,34",Polyester,True,15 days,4 days,2025-08-14T21:52:40.182086,category/sports-&-fitness,meesho_complete_dataset_20250902_215240.json
MEESHO_1000273,SASSAFRAS Mobile Cover - Hair Care,Beauty & Health,Hair Care,SASSAFRAS,1308,929,29,3.3,1685,Limited Stock,Seller_390,https://images.meesho.com/images/products/1000273/1_512.jpg,https://www.meesho.com/product/1000273,High quality mobile cover from SASSAFRAS. Perfect for daily wear.,8,One Size,Cotton Blend,True,7 days,6 days,2025-08-30T21:52:40.182092,category/beauty-&-health,meesho_complete_dataset_20250902_215240.json
MEESHO_1000274,Vishudh Printed Saree - Automotive,Automotive,Automotive,Vishudh,2675,2033,24,4.1,3789,In Stock,Seller_169,https://images.meesho.com/images/products/1000274/1_512.jpg,https://www.meesho.com/product/1000274,High quality printed saree from Vishudh. Perfect for daily wear.,8,"S,M,L,XL",Silk,True,15 days,9 days,2025-08-31T21:52:40.182098,category/automotive,meesho_complete_dataset_20250902_215240.json
MEESHO_1000275,Roadster Wall Clock - T-Shirts,Men Clothing,T-Shirts,Roadster,1948,721,63,3.4,125,Out of Stock,Seller_549,https://images.meesho.com/images/products/1000275/1_512.jpg,https://www.meesho.com/product/1000275,High quality wall clock from Roadster. Perfect for daily wear.,5,"S,M,L,XL",Rayon,True,15 days,10 days,2025-08-09T21:52:40.182104,category/men-clothing,meesho_complete_dataset_20250902_215240.json
MEESHO_1000276,Roadster Hair Oil - Sports & Fitness,Sports & Fitness,Sports & Fitness,Roadster,578,191,67,4.4,4645,Out of Stock,Seller_741,https://images.meesho.com/images/products/1000276/1_512.jpg,https://www.meesho.com/product/1000276,High quality hair oil from Roadster. Perfect for daily wear.,2,One Size,Polyester,True,15 days,6 days,2025-08-25T21:52:40.182109,category/sports-&-fitness,meesho_complete_dataset_20250902_215240.json
MEESHO_1000277,HERE&NOW Formal Shirt - Books,Books,Books,HERE&NOW,2832,2294,19,3.2,2284,In Stock,Seller_918,https://images.meesho.com/images/products/1000277/1_512.jpg,https://www.meesho.com/product/1000277,High quality formal shirt from HERE&NOW. Perfect for daily wear.,8,Free Size,Cotton Blend,False,No return,3 days,2025-08-23T21:52:40.182115,category/books,meesho_complete_dataset_20250902_215240.json
MEESHO_1000278,Global Desi Mobile Cover - Handbags,Bags & Footwear,Handbags,Global Desi,386,193,50,4.2,1537,Limited Stock,Seller_973,https://images.meesho.com/images/products/1000278/1_512.jpg,https://www.meesho.com/product/1000278,High quality mobile cover from Global Desi. Perfect for daily wear.,7,"S,M,L,XL",Cotton Blend,True,15 days,8 days,2025-08-16T21:52:40.182121,category/bags-&-footwear,meesho_complete_dataset_20250902_215240.json
MEESHO_1000279,Mast & Harbour Wall Clock - School Uniforms,Kids Clothing,School Uniforms,Mast & Harbour,1874,974,48,3.1,1614,In Stock,Seller_467,https://images.meesho.com/images/products/1000279/1_512.jpg,https://www.meesho.com/product/1000279,High quality wall clock from Mast & Harbour. Perfect for daily wear.,1,"S,M,L,XL",Silk,False,15 days,6 days,2025-08-03T21:52:40.182132,category/kids-clothing,meesho_complete_dataset_20250902_215240.json
MEESHO_1000280,MIMOSA Formal Shirt - Sports & Fitness,Sports & Fitness,Sports & Fitness,MIMOSA,1777,1084,39,3.6,997,In Stock,Seller_532,https://images.meesho.com/images/products/1000280/1_512.jpg,https://www.meesho.com/product/1000280,High quality formal shirt from MIMOSA. Perfect for daily wear.,2,"28,30,32,34",Silk,True,No return,7 days,2025-08-06T21:52:40.182138,category/sports-&-fitness,meesho_complete_dataset_20250902_215240.json
MEESHO_1000281,Varanga Running Shoes - Sports & Fitness,Sports & Fitness,Sports & Fitness,Varanga,496,412,17,4.5,4163,Out of Stock,Seller_122,https://images.meesho.com/images/products/1000281/1_512.jpg,https://www.meesho.com/product/1000281,High quality running shoes from Varanga. Perfect for daily wear.,4,One Size,Cotton,True,No return,9 days,2025-08-17T21:52:40.182145,category/sports-&-fitness,meesho_complete_dataset_20250902_215240.json
MEESHO_1000282,MIMOSA Kitchen Set - Automotive,Automotive,Automotive,MIMOSA,255,122,52,3.2,395,In Stock,Seller_527,https://images.meesho.com/images/products/1000282/1_512.jpg,https://www.meesho.com/product/1000282,High quality kitchen set from MIMOSA. Perfect for daily wear.,8,Free Size,Polyester,True,7 days,5 days,2025-08-16T21:52:40.182150,category/automotive,meesho_complete_dataset_20250902_215240.json
MEESHO_1000283,Mast & Harbour Handbag - Books,Books,Books,Mast & Harbour,1282,397,69,3.4,1500,In Stock,Seller_159,https://images.meesho.com/images/products/1000283/1_512.jpg,https://www.meesho.com/product/1000283,High quality handbag from Mast & Harbour. Perfect for daily wear.,4,One Size,Silk,True,7 days,3 days,2025-08-24T21:52:40.182156,category/books,meesho_complete_dataset_20250902_215240.json
MEESHO_1000284,HERE&NOW Bedsheet Set - School Uniforms,Kids Clothing,School Uniforms,HERE&NOW,2603,1848,29,3.5,1898,In Stock,Seller_700,https://images.meesho.com/images/products/1000284/1_512.jpg,https://www.meesho.com/product/1000284,High quality bedsheet set from HERE&NOW. Perfect for daily wear.,8,"S,M,L,XL",Silk,False,15 days,4 days,2025-08-11T21:52:40.182162,category/kids-clothing,meesho_complete_dataset_20250902_215240.json
MEESHO_1000285,Varanga Ethnic Suit - School Uniforms,Kids Clothing,School Uniforms,Varanga,2916,1720,41,4.4,4246,In Stock,Seller_289,https://images.meesho.com/images/products/1000285/1_512.jpg,https://www.meesho.com/product/1000285,High quality ethnic suit from Varanga. Perfect for daily wear.,1,"28,30,32,34",Polyester,False,7 days,5 days,2025-08-13T21:52:40.182168,category/kids-clothing,meesho_complete_dataset_20250902_215240.json
MEESHO_1000286,DressBerry Denim Jeans - Gadgets,Electronics,Gadgets,DressBerry,1804,1191,34,4.6,4482,In Stock,Seller_146,https://images.meesho.com/images/products/1000286/1_512.jpg,https://www.meesho.com/product/1000286,High quality denim jeans from DressBerry. Perfect for daily wear.,1,One Size,Silk,True,15 days,3 days,2025-08-19T21:52:40.182173,category/electronics,meesho_complete_dataset_20250902_215240.json
MEESHO_1000287,Soch Running Shoes - Sports & Fitness,Sports & Fitness,Sports & Fitness,Soch,125,82,34,3.4,3890,In Stock,Seller_828,https://images.meesho.com/images/products/1000287/1_512.jpg,https://www.meesho.com/product/1000287,High quality running shoes from Soch. Perfect for daily wear.,8,"28,30,32,34",Silk,True,15 days,6 days,2025-08-17T21:52:40.182179,category/sports-&-fitness,meesho_complete_dataset_20250902_215240.json
MEESHO_1000288,Roadster Wall Clock - Home Decor,Home & Kitchen,Home Decor,Roadster,2801,2129,24,3.4,4269,Limited Stock,Seller_330,https://images.meesho.com/images/products/1000288/1_512.jpg,https://www.meesho.com/product/1000288,High quality wall clock from Roadster. Perfect for daily wear.,1,Free Size,Cotton Blend,False,7 days,7 days,2025-08-16T21:52:40.182185,category/home-&-kitchen,meesho_complete_dataset_20250902_215240.json
MEESHO_1000289,MIMOSA Wall Clock - Personal Care,Beauty & Health,Personal Care,MIMOSA,135,85,37,4.1,2582,Limited Stock,Seller_117,https://images.meesho.com/images/products/1000289/1_512.jpg,https://www.meesho.com/product/1000289,High quality wall clock from MIMOSA. Perfect for daily wear.,6,"S,M,L,XL",Cotton,True,7 days,8 days,2025-08-17T21:52:40.182191,category/beauty-&-health,meesho_complete_dataset_20250902_215240.json
MEESHO_1000290,Mast & Harbour Printed Saree - Toys & Games,Toys & Games,Toys & Games,Mast & Harbour,365,252,31,4.3,218,Limited Stock,Seller_346,https://images.meesho.com/images/products/1000290/1_512.jpg,https://www.meesho.com/product/1000290,High quality printed saree from Mast & Harbour. Perfect for daily wear.,4,Free Size,Silk,False,No return,7 days,2025-08-22T21:52:40.182197,category/toys-&-games,meesho_complete_dataset_20250902_215240.json
MEESHO_1000291,Anouk Casual Dress - Hair Care,Beauty & Health,Hair Care,Anouk,705,585,17,4.8,3909,Out of Stock,Seller_397,https://images.meesho.com/images/products/1000291/1_512.jpg,https://www.meesho.com/product/1000291,High quality casual dress from Anouk. Perfect for daily wear.,5,"S,M,L,XL",Silk,False,7 days,6 days,2025-08-12T21:52:40.182202,category/beauty-&-health,meesho_complete_dataset_20250902_215240.json
MEESHO_1000292,Manthan Kids T-Shirt - Sandals,Bags & Footwear,Sandals,Manthan,2416,821,66,4.2,3354,Out of Stock,Seller_263,https://images.meesho.com/images/products/1000292/1_512.jpg,https://www.meesho.com/product/1000292,High quality kids t-shirt from Manthan. Perfect for daily wear.,3,"28,30,32,34",Cotton,True,7 days,7 days,2025-08-14T21:52:40.182208,category/bags-&-footwear,meesho_complete_dataset_20250902_215240.json
MEESHO_1000293,Global Desi Printed Saree - Automotive,Automotive,Automotive,Global Desi,2299,1448,37,3.6,4287,Out of Stock,Seller_848,https://images.meesho.com/images/products/1000293/1_512.jpg,https://www.meesho.com/product/1000293,High quality printed saree from Global Desi. Perfect for daily wear.,4,Free Size,Polyester,True,No return,5 days,2025-08-14T21:52:40.182214,category/automotive,meesho_complete_dataset_20250902_215240.json
MEESHO_1000294,Mast & Harbour Jewelry Set - Jewelry,Accessories,Jewelry,Mast & Harbour,208,94,55,3.3,632,Limited Stock,Seller_255,https://images.meesho.com/images/products/1000294/1_512.jpg,https://www.meesho.com/product/1000294,High quality jewelry set from Mast & Harbour. Perfect for daily wear.,4,One Size,Cotton Blend,True,7 days,10 days,2025-08-07T21:52:40.182219,category/accessories,meesho_complete_dataset_20250902_215240.json
MEESHO_1000295,MIMOSA Running Shoes - Automotive,Automotive,Automotive,MIMOSA,219,94,57,4.4,1255,In Stock,Seller_787,https://images.meesho.com/images/products/1000295/1_512.jpg,https://www.meesho.com/product/1000295,High quality running shoes from MIMOSA. Perfect for daily wear.,5,"S,M,L,XL",Cotton,False,7 days,10 days,2025-08-03T21:52:40.182226,category/automotive,meesho_complete_dataset_20250902_215240.json
MEESHO_1000296,Anouk Casual Dress - Wallets,Bags & Footwear,Wallets,Anouk,599,431,28,4.3,4067,Out of Stock,Seller_849,https://images.meesho.com/images/products/1000296/1_512.jpg,https://www.meesho.com/product/1000296,High quality casual dress from Anouk. Perfect for daily wear.,7,"28,30,32,34",Silk,False,15 days,7 days,2025-08-27T21:52:40.182232,category/bags-&-footwear,meesho_complete_dataset_20250902_215240.json
MEESHO_1000297,Mast & Harbour Mobile Cover - Personal Care,Beauty & Health,Personal Care,Mast & Harbour,2926,1287,56,4.6,822,In Stock,Seller_364,https://images.meesho.com/images/products/1000297/1_512.jpg,https://www.meesho.com/product/1000297,High quality mobile cover from Mast & Harbour. Perfect for daily wear.,5,One Size,Cotton Blend,False,7 days,7 days,2025-08-28T21:52:40.182238,category/beauty-&-health,meesho_complete_dataset_20250902_215240.json
MEESHO_1000298,Mast & Harbour Mobile Cover - School Uniforms,Kids Clothing,School Uniforms,Mast & Harbour,1475,1121,24,4.2,2032,In Stock,Seller_18,https://images.meesho.com/images/products/1000298/1_512.jpg,https://www.meesho.com/product/1000298,High quality mobile cover from Mast & Harbour. Perfect for daily wear.,7,One Size,Cotton,True,15 days,10 days,2025-08-10T21:52:40.182244,category/kids-clothing,meesho_complete_dataset_20250902_215240.json
MEESHO_1000299,Aks Cotton Kurti - Toys & Games,Toys & Games,Toys & Games,Aks,733,550,25,4.7,3678,Out of Stock,Seller_943,https://images.meesho.com/images/products/1000299/1_512.jpg,https://www.meesho.com/product/1000299,High quality cotton kurti from Aks. Perfect for daily wear.,1,One Size,Silk,False,15 days,3 days,2025-08-27T21:52:40.182250,category/toys-&-games,meesho_complete_dataset_20250902_215240.json
MEESHO_1000300,Global Desi Cotton Kurti - Books,Books,Books,Global Desi,939,498,47,3.6,4282,In Stock,Seller_379,https://images.meesho.com/images/products/1000300/1_512.jpg,https://www.meesho.com/product/1000300,High quality cotton kurti from Global Desi. Perfect for daily wear.,4,Free Size,Silk,True,15 days,7 days,2025-08-24T21:52:40.182256,category/books,meesho_complete_dataset_20250902_215240.json
MEESHO_1000301,Anouk Kitchen Set - Storage,Home & Kitchen,Storage,Anouk,526,473,10,3.4,1137,Limited Stock,Seller_359,https://images.meesho.com/images/products/1000301/1_512.jpg,https://www.meesho.com/product/1000301,High quality kitchen set from Anouk. Perfect for daily wear.,2,One Size,Polyester,False,7 days,10 days,2025-08-23T21:52:40.182262,category/home-&-kitchen,meesho_complete_dataset_20250902_215240.json
MEESHO_1000302,Indya Kids T-Shirt - School Uniforms,Kids Clothing,School Uniforms,Indya,1222,403,67,4.3,1903,In Stock,Seller_409,https://images.meesho.com/images/products/1000302/1_512.jpg,https://www.meesho.com/product/1000302,High quality kids t-shirt from Indya. Perfect for daily wear.,3,One Size,Cotton,False,No return,3 days,2025-08-12T21:52:40.182268,category/kids-clothing,meesho_complete_dataset_20250902_215240.json
MEESHO_1000303,DressBerry Jewelry Set - Casual Wear,Men Clothing,Casual Wear,DressBerry,1901,1483,22,3.5,2827,Limited Stock,Seller_662,https://images.meesho.com/images/products/1000303/1_512.jpg,https://www.meesho.com/product/1000303,High quality jewelry set from DressBerry. Perfect for daily wear.,7,Free Size,Rayon,True,7 days,3 days,2025-08-08T21:52:40.182274,category/men-clothing,meesho_complete_dataset_20250902_215240.json
MEESHO_1000304,SASSAFRAS Printed Saree - Chargers,Electronics,Chargers,SASSAFRAS,1709,1350,21,4.6,2314,Out of Stock,Seller_694,https://images.meesho.com/images/products/1000304/1_512.jpg,https://www.meesho.com/product/1000304,High quality printed saree from SASSAFRAS. Perfect for daily wear.,3,"28,30,32,34",Cotton,False,7 days,6 days,2025-08-27T21:52:40.182279,category/electronics,meesho_complete_dataset_20250902_215240.json
MEESHO_1000305,Sangria Casual Dress - Watches,Accessories,Watches,Sangria,1971,710,64,3.6,1577,Out of Stock,Seller_441,https://images.meesho.com/images/products/1000305/1_512.jpg,https://www.meesho.com/product/1000305,High quality casual dress from Sangria. Perfect for daily wear.,3,"S,M,L,XL",Polyester,True,7 days,3 days,2025-08-06T21:52:40.182285,category/accessories,meesho_complete_dataset_20250902_215240.json
MEESHO_1000306,SASSAFRAS Kids T-Shirt - Casual Wear,Men Clothing,Casual Wear,SASSAFRAS,715,458,36,4.2,1949,Limited Stock,Seller_406,https://images.meesho.com/images/products/1000306/1_512.jpg,https://www.meesho.com/product/1000306,High quality kids t-shirt from SASSAFRAS. Perfect for daily wear.,1,"S,M,L,XL",Silk,True,15 days,6 days,2025-08-28T21:52:40.182292,category/men-clothing,meesho_complete_dataset_20250902_215240.json
MEESHO_1000307,Global Desi Kitchen Set - Headphones,Electronics,Headphones,Global Desi,2892,1967,32,3.5,1741,Limited Stock,Seller_81,https://images.meesho.com/images/products/1000307/1_512.jpg,https://www.meesho.com/product/1000307,High quality kitchen set from Global Desi. Perfect for daily wear.,7,"S,M,L,XL",Cotton,True,7 days,5 days,2025-08-26T21:52:40.182298,category/electronics,meesho_complete_dataset_20250902_215240.json
MEESHO_1000308,Indya Ethnic Suit - Sports & Fitness,Sports & Fitness,Sports & Fitness,Indya,557,351,37,4.2,500,In Stock,Seller_310,https://images.meesho.com/images/products/1000308/1_512.jpg,https://www.meesho.com/product/1000308,High quality ethnic suit from Indya. Perfect for daily wear.,7,One Size,Cotton Blend,False,15 days,3 days,2025-08-28T21:52:40.182304,category/sports-&-fitness,meesho_complete_dataset_20250902_215240.json
MEESHO_1000309,Mast & Harbour Ethnic Suit - T-Shirts,Men Clothing,T-Shirts,Mast & Harbour,1522,1050,31,4.1,782,Limited Stock,Seller_34,https://images.meesho.com/images/products/1000309/1_512.jpg,https://www.meesho.com/product/1000309,High quality ethnic suit from Mast & Harbour. Perfect for daily wear.,3,"28,30,32,34",Polyester,True,No return,7 days,2025-08-03T21:52:40.182309,category/men-clothing,meesho_complete_dataset_20250902_215240.json
MEESHO_1000310,Varanga Ethnic Suit - Home Decor,Home & Kitchen,Home Decor,Varanga,159,68,57,4.4,1128,Out of Stock,Seller_119,https://images.meesho.com/images/products/1000310/1_512.jpg,https://www.meesho.com/product/1000310,High quality ethnic suit from Varanga. Perfect for daily wear.,5,"28,30,32,34",Rayon,False,No return,3 days,2025-08-11T21:52:40.182315,category/home-&-kitchen,meesho_complete_dataset_20250902_215240.json
MEESHO_1000311,Soch Mobile Cover - Sports & Fitness,Sports & Fitness,Sports & Fitness,Soch,2292,1192,48,3.1,2784,In Stock,Seller_605,https://images.meesho.com/images/products/1000311/1_512.jpg,https://www.meesho.com/product/1000311,High quality mobile cover from Soch. Perfect for daily wear.,4,Free Size,Cotton Blend,True,7 days,6 days,2025-08-31T21:52:40.182321,category/sports-&-fitness,meesho_complete_dataset_20250902_215240.json
MEESHO_1000312,Vishudh Denim Jeans - Jewelry,Accessories,Jewelry,Vishudh,698,537,23,3.1,4466,In Stock,Seller_930,https://images.meesho.com/images/products/1000312/1_512.jpg,https://www.meesho.com/product/1000312,High quality denim jeans from Vishudh. Perfect for daily wear.,4,"28,30,32,34",Polyester,True,15 days,10 days,2025-08-10T21:52:40.182327,category/accessories,meesho_complete_dataset_20250902_215240.json
MEESHO_1000313,Anouk Printed Saree - Shirts,Men Clothing,Shirts,Anouk,689,220,68,3.7,107,In Stock,Seller_864,https://images.meesho.com/images/products/1000313/1_512.jpg,https://www.meesho.com/product/1000313,High quality printed saree from Anouk. Perfect for daily wear.,7,Free Size,Cotton,True,15 days,10 days,2025-08-18T21:52:40.182332,category/men-clothing,meesho_complete_dataset_20250902_215240.json
MEESHO_1000314,Manthan Handbag - Dresses,Women Clothing,Dresses,Manthan,2065,1280,38,4.0,3397,Out of Stock,Seller_281,https://images.meesho.com/images/products/1000314/1_512.jpg,https://www.meesho.com/product/1000314,High quality handbag from Manthan. Perfect for daily wear.,7,Free Size,Cotton,False,No return,6 days,2025-08-26T21:52:40.182338,category/women-clothing,meesho_complete_dataset_20250902_215240.json
MEESHO_1000315,Indya Kitchen Set - Boys Clothing,Kids Clothing,Boys Clothing,Indya,547,279,49,4.2,1460,Limited Stock,Seller_737,https://images.meesho.com/images/products/1000315/1_512.jpg,https://www.meesho.com/product/1000315,High quality kitchen set from Indya. Perfect for daily wear.,5,Free Size,Cotton Blend,False,No return,8 days,2025-09-01T21:52:40.182344,category/kids-clothing,meesho_complete_dataset_20250902_215240.json
MEESHO_1000316,Roadster Hair Oil - Chargers,Electronics,Chargers,Roadster,1692,1015,40,4.4,591,Limited Stock,Seller_884,https://images.meesho.com/images/products/1000316/1_512.jpg,https://www.meesho.com/product/1000316,High quality hair oil from Roadster. Perfect for daily wear.,7,"28,30,32,34",Rayon,False,No return,10 days,2025-08-20T21:52:40.182350,category/electronics,meesho_complete_dataset_20250902_215240.json
MEESHO_1000317,Global Desi Denim Jeans - Handbags,Bags & Footwear,Handbags,Global Desi,939,629,33,3.6,2597,Out of Stock,Seller_846,https://images.meesho.com/images/products/1000317/1_512.jpg,https://www.meesho.com/product/1000317,High quality denim jeans from Global Desi. Perfect for daily wear.,2,"S,M,L,XL",Silk,True,15 days,3 days,2025-08-15T21:52:40.182355,category/bags-&-footwear,meesho_complete_dataset_20250902_215240.json
MEESHO_1000318,Indya Kids T-Shirt - Backpacks,Bags & Footwear,Backpacks,Indya,1719,1169,32,4.0,1178,In Stock,Seller_322,https://images.meesho.com/images/products/1000318/1_512.jpg,https://www.meesho.com/product/1000318,High quality kids t-shirt from Indya. Perfect for daily wear.,6,Free Size,Polyester,True,7 days,7 days,2025-08-06T21:52:40.182361,category/bags-&-footwear,meesho_complete_dataset_20250902_215240.json
MEESHO_1000319,Anouk Printed Saree - Headphones,Electronics,Headphones,Anouk,366,260,29,4.2,975,Limited Stock,Seller_55,https://images.meesho.com/images/products/1000319/1_512.jpg,https://www.meesho.com/product/1000319,High quality printed saree from Anouk. Perfect for daily wear.,6,"28,30,32,34",Silk,False,15 days,8 days,2025-08-05T21:52:40.182367,category/electronics,meesho_complete_dataset_20250902_215240.json
MEESHO_1000320,Libas Printed Saree - Toys & Games,Toys & Games,Toys & Games,Libas,146,66,55,3.6,4374,Limited Stock,Seller_259,https://images.meesho.com/images/products/1000320/1_512.jpg,https://www.meesho.com/product/1000320,High quality printed saree from Libas. Perfect for daily wear.,5,"S,M,L,XL",Rayon,False,7 days,3 days,2025-09-02T21:52:40.182373,category/toys-&-games,meesho_complete_dataset_20250902_215240.json
MEESHO_1000321,DressBerry Cotton Kurti - Sunglasses,Accessories,Sunglasses,DressBerry,2616,2302,12,3.5,3376,Limited Stock,Seller_561,https://images.meesho.com/images/products/1000321/1_512.jpg,https://www.meesho.com/product/1000321,High quality cotton kurti from DressBerry. Perfect for daily wear.,7,Free Size,Rayon,True,15 days,9 days,2025-08-22T21:52:40.182380,category/accessories,meesho_complete_dataset_20250902_215240.json
MEESHO_1000322,Soch Kitchen Set - Chargers,Electronics,Chargers,Soch,2817,1465,48,3.0,4476,Limited Stock,Seller_5,https://images.meesho.com/images/products/1000322/1_512.jpg,https://www.meesho.com/product/1000322,High quality kitchen set from Soch. Perfect for daily wear.,5,"S,M,L,XL",Polyester,False,No return,5 days,2025-08-14T21:52:40.182386,category/electronics,meesho_complete_dataset_20250902_215240.json
MEESHO_1000323,Global Desi Mobile Cover - Backpacks,Bags & Footwear,Backpacks,Global Desi,1374,1017,26,3.7,2426,Limited Stock,Seller_897,https://images.meesho.com/images/products/1000323/1_512.jpg,https://www.meesho.com/product/1000323,High quality mobile cover from Global Desi. Perfect for daily wear.,6,"28,30,32,34",Polyester,True,No return,5 days,2025-08-04T21:52:40.182392,category/bags-&-footwear,meesho_complete_dataset_20250902_215240.json
MEESHO_1000324,Soch Printed Saree - Storage,Home & Kitchen,Storage,Soch,1044,679,35,3.9,335,Limited Stock,Seller_939,https://images.meesho.com/images/products/1000324/1_512.jpg,https://www.meesho.com/product/1000324,High quality printed saree from Soch. Perfect for daily wear.,6,One Size,Polyester,False,7 days,3 days,2025-09-02T21:52:40.182397,category/home-&-kitchen,meesho_complete_dataset_20250902_215240.json
MEESHO_1000325,SASSAFRAS Ethnic Suit - Health Supplements,Beauty & Health,Health Supplements,SASSAFRAS,2022,1173,42,4.6,3846,Out of Stock,Seller_517,https://images.meesho.com/images/products/1000325/1_512.jpg,https://www.meesho.com/product/1000325,High quality ethnic suit from SASSAFRAS. Perfect for daily wear.,3,One Size,Silk,True,No return,9 days,2025-09-02T21:52:40.182404,category/beauty-&-health,meesho_complete_dataset_20250902_215240.json
MEESHO_1000326,Vishudh Running Shoes - Gadgets,Electronics,Gadgets,Vishudh,1387,555,60,4.1,1143,Limited Stock,Seller_316,https://images.meesho.com/images/products/1000326/1_512.jpg,https://www.meesho.com/product/1000326,High quality running shoes from Vishudh. Perfect for daily wear.,3,"28,30,32,34",Silk,False,15 days,7 days,2025-08-19T21:52:40.182409,category/electronics,meesho_complete_dataset_20250902_215240.json
MEESHO_1000327,Varanga Mobile Cover - Sandals,Bags & Footwear,Sandals,Varanga,2029,1238,39,3.2,4171,Limited Stock,Seller_231,https://images.meesho.com/images/products/1000327/1_512.jpg,https://www.meesho.com/product/1000327,High quality mobile cover from Varanga. Perfect for daily wear.,7,"S,M,L,XL",Polyester,False,15 days,4 days,2025-08-18T21:52:40.182415,category/bags-&-footwear,meesho_complete_dataset_20250902_215240.json
MEESHO_1000328,SASSAFRAS Mobile Cover - Automotive,Automotive,Automotive,SASSAFRAS,1828,1627,11,4.7,778,Limited Stock,Seller_313,https://images.meesho.com/images/products/1000328/1_512.jpg,https://www.meesho.com/product/1000328,High quality mobile cover from SASSAFRAS. Perfect for daily wear.,1,"28,30,32,34",Rayon,False,7 days,5 days,2025-08-12T21:52:40.182421,category/automotive,meesho_complete_dataset_20250902_215240.json
MEESHO_1000329,Vishudh Handbag - Books,Books,Books,Vishudh,2532,1899,25,3.2,580,Out of Stock,Seller_918,https://images.meesho.com/images/products/1000329/1_512.jpg,https://www.meesho.com/product/1000329,High quality handbag from Vishudh. Perfect for daily wear.,2,One Size,Silk,True,No return,4 days,2025-09-01T21:52:40.182427,category/books,meesho_complete_dataset_20250902_215240.json
MEESHO_1000330,MIMOSA Face Cream - Automotive,Automotive,Automotive,MIMOSA,128,68,47,4.0,1515,Limited Stock,Seller_24,https://images.meesho.com/images/products/1000330/1_512.jpg,https://www.meesho.com/product/1000330,High quality face cream from MIMOSA. Perfect for daily wear.,2,One Size,Polyester,False,7 days,3 days,2025-08-10T21:52:40.182432,category/automotive,meesho_complete_dataset_20250902_215240.json
MEESHO_1000331,MIMOSA Kids T-Shirt - Hair Accessories,Accessories,Hair Accessories,MIMOSA,584,461,21,4.7,4853,In Stock,Seller_478,https://images.meesho.com/images/products/1000331/1_512.jpg,https://www.meesho.com/product/1000331,High quality kids t-shirt from MIMOSA. Perfect for daily wear.,7,One Size,Rayon,True,15 days,3 days,2025-08-27T21:52:40.182438,category/accessories,meesho_complete_dataset_20250902_215240.json
MEESHO_1000332,Anouk Wall Clock - Headphones,Electronics,Headphones,Anouk,2853,1912,33,4.3,739,In Stock,Seller_208,https://images.meesho.com/images/products/1000332/1_512.jpg,https://www.meesho.com/product/1000332,High quality wall clock from Anouk. Perfect for daily wear.,3,"S,M,L,XL",Rayon,True,15 days,6 days,2025-08-14T21:52:40.182444,category/electronics,meesho_complete_dataset_20250902_215240.json
MEESHO_1000333,Roadster Bedsheet Set - Books,Books,Books,Roadster,1429,857,40,3.6,2853,Out of Stock,Seller_402,https://images.meesho.com/images/products/1000333/1_512.jpg,https://www.meesho.com/product/1000333,High quality bedsheet set from Roadster. Perfect for daily wear.,8,Free Size,Rayon,True,7 days,5 days,2025-08-25T21:52:40.182450,category/books,meesho_complete_dataset_20250902_215240.json
MEESHO_1000334,Aks Ethnic Suit - Sunglasses,Accessories,Sunglasses,Aks,636,318,50,3.3,3263,Out of Stock,Seller_164,https://images.meesho.com/images/products/1000334/1_512.jpg,https://www.meesho.com/product/1000334,High quality ethnic suit from Aks. Perfect for daily wear.,1,"28,30,32,34",Polyester,True,15 days,3 days,2025-08-23T21:52:40.182455,category/accessories,meesho_complete_dataset_20250902_215240.json
MEESHO_1000335,Libas Printed Saree - Mobile Accessories,Electronics,Mobile Accessories,Libas,2174,1935,11,4.3,1461,Limited Stock,Seller_62,https://images.meesho.com/images/products/1000335/1_512.jpg,https://www.meesho.com/product/1000335,High quality printed saree from Libas. Perfect for daily wear.,5,"S,M,L,XL",Polyester,True,7 days,5 days,2025-08-30T21:52:40.182461,category/electronics,meesho_complete_dataset_20250902_215240.json
MEESHO_1000336,MIMOSA Bedsheet Set - Kurtas,Women Clothing,Kurtas,MIMOSA,2660,798,70,3.2,2486,Limited Stock,Seller_857,https://images.meesho.com/images/products/1000336/1_512.jpg,https://www.meesho.com/product/1000336,High quality bedsheet set from MIMOSA. Perfect for daily wear.,8,"S,M,L,XL",Silk,False,15 days,6 days,2025-08-04T21:52:40.182466,category/women-clothing,meesho_complete_dataset_20250902_215240.json
MEESHO_1000337,Soch Kitchen Set - Wallets,Bags & Footwear,Wallets,Soch,208,183,12,3.0,3224,Limited Stock,Seller_174,https://images.meesho.com/images/products/1000337/1_512.jpg,https://www.meesho.com/product/1000337,High quality kitchen set from Soch. Perfect for daily wear.,1,One Size,Rayon,True,No return,6 days,2025-08-05T21:52:40.182472,category/bags-&-footwear,meesho_complete_dataset_20250902_215240.json
MEESHO_1000338,Aks Denim Jeans - Automotive,Automotive,Automotive,Aks,201,145,28,3.4,2190,In Stock,Seller_94,https://images.meesho.com/images/products/1000338/1_512.jpg,https://www.meesho.com/product/1000338,High quality denim jeans from Aks. Perfect for daily wear.,8,"S,M,L,XL",Cotton Blend,False,No return,3 days,2025-08-03T21:52:40.182478,category/automotive,meesho_complete_dataset_20250902_215240.json
MEESHO_1000339,Varanga Hair Oil - Automotive,Automotive,Automotive,Varanga,1563,531,66,3.3,3058,Limited Stock,Seller_412,https://images.meesho.com/images/products/1000339/1_512.jpg,https://www.meesho.com/product/1000339,High quality hair oil from Varanga. Perfect for daily wear.,2,"28,30,32,34",Silk,False,No return,10 days,2025-08-17T21:52:40.182483,category/automotive,meesho_complete_dataset_20250902_215240.json
MEESHO_1000340,Vishudh Printed Saree - Gadgets,Electronics,Gadgets,Vishudh,1748,891,49,3.4,4947,In Stock,Seller_725,https://images.meesho.com/images/products/1000340/1_512.jpg,https://www.meesho.com/product/1000340,High quality printed saree from Vishudh. Perfect for daily wear.,3,"28,30,32,34",Rayon,True,7 days,7 days,2025-08-15T21:52:40.182489,category/electronics,meesho_complete_dataset_20250902_215240.json
MEESHO_1000341,DressBerry Casual Dress - Kurtas,Men Clothing,Kurtas,DressBerry,2993,1197,60,3.6,1291,Limited Stock,Seller_254,https://images.meesho.com/images/products/1000341/1_512.jpg,https://www.meesho.com/product/1000341,High quality casual dress from DressBerry. Perfect for daily wear.,2,One Size,Silk,True,No return,3 days,2025-08-22T21:52:40.182495,category/men-clothing,meesho_complete_dataset_20250902_215240.json
MEESHO_1000342,Vishudh Formal Shirt - Bedding,Home & Kitchen,Bedding,Vishudh,277,83,70,3.5,1379,Limited Stock,Seller_66,https://images.meesho.com/images/products/1000342/1_512.jpg,https://www.meesho.com/product/1000342,High quality formal shirt from Vishudh. Perfect for daily wear.,3,"S,M,L,XL",Silk,False,No return,5 days,2025-08-11T21:52:40.182500,category/home-&-kitchen,meesho_complete_dataset_20250902_215240.json
MEESHO_1000343,Libas Handbag - Automotive,Automotive,Automotive,Libas,2432,1021,58,3.7,3183,In Stock,Seller_664,https://images.meesho.com/images/products/1000343/1_512.jpg,https://www.meesho.com/product/1000343,High quality handbag from Libas. Perfect for daily wear.,5,"28,30,32,34",Silk,False,No return,4 days,2025-08-22T21:52:40.182507,category/automotive,meesho_complete_dataset_20250902_215240.json
MEESHO_1000344,Aks Kitchen Set - Girls Clothing,Kids Clothing,Girls Clothing,Aks,1451,667,54,3.9,4973,Limited Stock,Seller_106,https://images.meesho.com/images/products/1000344/1_512.jpg,https://www.meesho.com/product/1000344,High quality kitchen set from Aks. Perfect for daily wear.,2,One Size,Cotton,True,7 days,8 days,2025-08-13T21:52:40.182513,category/kids-clothing,meesho_complete_dataset_20250902_215240.json
MEESHO_1000345,Varanga Printed Saree - Backpacks,Bags & Footwear,Backpacks,Varanga,1727,881,49,3.7,892,In Stock,Seller_583,https://images.meesho.com/images/products/1000345/1_512.jpg,https://www.meesho.com/product/1000345,High quality printed saree from Varanga. Perfect for daily wear.,3,Free Size,Rayon,False,7 days,7 days,2025-08-23T21:52:40.182519,category/bags-&-footwear,meesho_complete_dataset_20250902_215240.json
MEESHO_1000346,Libas Face Cream - Books,Books,Books,Libas,321,112,65,3.7,3496,Out of Stock,Seller_220,https://images.meesho.com/images/products/1000346/1_512.jpg,https://www.meesho.com/product/1000346,High quality face cream from Libas. Perfect for daily wear.,8,"S,M,L,XL",Cotton Blend,False,15 days,8 days,2025-08-23T21:52:40.182524,category/books,meesho_complete_dataset_20250902_215240.json
MEESHO_1000347,Aks Ethnic Suit - Sandals,Bags & Footwear,Sandals,Aks,1737,973,44,4.8,3485,In Stock,Seller_88,https://images.meesho.com/images/products/1000347/1_512.jpg,https://www.meesho.com/product/1000347,High quality ethnic suit from Aks. Perfect for daily wear.,5,One Size,Polyester,True,7 days,3 days,2025-08-15T21:52:40.182530,category/bags-&-footwear,meesho_complete_dataset_20250902_215240.json
MEESHO_1000348,Anouk Jewelry Set - Casual Wear,Men Clothing,Casual Wear,Anouk,1571,911,42,3.4,668,Limited Stock,Seller_86,https://images.meesho.com/images/products/1000348/1_512.jpg,https://www.meesho.com/product/1000348,High quality jewelry set from Anouk. Perfect for daily wear.,1,One Size,Rayon,False,15 days,3 days,2025-08-11T21:52:40.182536,category/men-clothing,meesho_complete_dataset_20250902_215240.json
MEESHO_1000349,Mast & Harbour Handbag - Kitchen Appliances,Home & Kitchen,Kitchen Appliances,Mast & Harbour,2264,1381,39,3.0,2178,In Stock,Seller_119,https://images.meesho.com/images/products/1000349/1_512.jpg,https://www.meesho.com/product/1000349,High quality handbag from Mast & Harbour. Perfect for daily wear.,4,Free Size,Silk,True,15 days,3 days,2025-08-31T21:52:40.182543,category/home-&-kitchen,meesho_complete_dataset_20250902_215240.json
MEESHO_1000350,Manthan Running Shoes - Books,Books,Books,Manthan,491,177,64,4.5,2692,In Stock,Seller_329,https://images.meesho.com/images/products/1000350/1_512.jpg,https://www.meesho.com/product/1000350,High quality running shoes from Manthan. Perfect for daily wear.,1,"S,M,L,XL",Silk,False,15 days,5 days,2025-08-21T21:52:40.182549,category/books,meesho_complete_dataset_20250902_215240.json
MEESHO_1000351,Mast & Harbour Printed Saree - Sports & Fitness,Sports & Fitness,Sports & Fitness,Mast & Harbour,1828,1170,36,4.3,2155,Limited Stock,Seller_71,https://images.meesho.com/images/products/1000351/1_512.jpg,https://www.meesho.com/product/1000351,High quality printed saree from Mast & Harbour. Perfect for daily wear.,4,Free Size,Silk,False,7 days,8 days,2025-09-01T21:52:40.182556,category/sports-&-fitness,meesho_complete_dataset_20250902_215240.json
MEESHO_1000352,Roadster Ethnic Suit - Cleaning,Home & Kitchen,Cleaning,Roadster,2610,1174,55,3.2,2026,Out of Stock,Seller_257,https://images.meesho.com/images/products/1000352/1_512.jpg,https://www.meesho.com/product/1000352,High quality ethnic suit from Roadster. Perfect for daily wear.,1,One Size,Cotton Blend,False,15 days,9 days,2025-08-29T21:52:40.182562,category/home-&-kitchen,meesho_complete_dataset_20250902_215240.json
MEESHO_1000353,Libas Handbag - Shirts,Men Clothing,Shirts,Libas,658,224,66,3.4,1336,In Stock,Seller_242,https://images.meesho.com/images/products/1000353/1_512.jpg,https://www.meesho.com/product/1000353,High quality handbag from Libas. Perfect for daily wear.,8,One Size,Rayon,True,7 days,3 days,2025-08-24T21:52:40.182568,category/men-clothing,meesho_complete_dataset_20250902_215240.json
MEESHO_1000354,Global Desi Printed Saree - Sports & Fitness,Sports & Fitness,Sports & Fitness,Global Desi,2695,1455,46,4.3,571,In Stock,Seller_159,https://images.meesho.com/images/products/1000354/1_512.jpg,https://www.meesho.com/product/1000354,High quality printed saree from Global Desi. Perfect for daily wear.,2,"S,M,L,XL",Rayon,True,15 days,4 days,2025-09-01T21:52:40.182574,category/sports-&-fitness,meesho_complete_dataset_20250902_215240.json
MEESHO_1000355,MIMOSA Formal Shirt - Sandals,Bags & Footwear,Sandals,MIMOSA,1661,1096,34,3.9,4152,Limited Stock,Seller_193,https://images.meesho.com/images/products/1000355/1_512.jpg,https://www.meesho.com/product/1000355,High quality formal shirt from MIMOSA. Perfect for daily wear.,8,One Size,Silk,True,No return,9 days,2025-08-08T21:52:40.182579,category/bags-&-footwear,meesho_complete_dataset_20250902_215240.json
MEESHO_1000356,Sangria Ethnic Suit - Bedding,Home & Kitchen,Bedding,Sangria,1932,1372,29,3.1,3725,Limited Stock,Seller_215,https://images.meesho.com/images/products/1000356/1_512.jpg,https://www.meesho.com/product/1000356,High quality ethnic suit from Sangria. Perfect for daily wear.,7,"S,M,L,XL",Silk,True,No return,10 days,2025-08-16T21:52:40.182585,category/home-&-kitchen,meesho_complete_dataset_20250902_215240.json
MEESHO_1000357,Global Desi Face Cream - Shoes,Bags & Footwear,Shoes,Global Desi,1171,386,67,4.7,756,Out of Stock,Seller_82,https://images.meesho.com/images/products/1000357/1_512.jpg,https://www.meesho.com/product/1000357,High quality face cream from Global Desi. Perfect for daily wear.,7,Free Size,Silk,True,15 days,3 days,2025-09-01T21:52:40.182591,category/bags-&-footwear,meesho_complete_dataset_20250902_215240.json
MEESHO_1000358,Varanga Denim Jeans - Sunglasses,Accessories,Sunglasses,Varanga,1272,865,32,4.0,3928,In Stock,Seller_990,https://images.meesho.com/images/products/1000358/1_512.jpg,https://www.meesho.com/product/1000358,High quality denim jeans from Varanga. Perfect for daily wear.,2,Free Size,Silk,False,No return,3 days,2025-08-09T21:52:40.182596,category/accessories,meesho_complete_dataset_20250902_215240.json
MEESHO_1000359,Indya Cotton Kurti - Kurtas,Women Clothing,Kurtas,Indya,2525,1439,43,4.0,3125,Out of Stock,Seller_705,https://images.meesho.com/images/products/1000359/1_512.jpg,https://www.meesho.com/product/1000359,High quality cotton kurti from Indya. Perfect for daily wear.,4,One Size,Silk,True,7 days,10 days,2025-08-10T21:52:40.182602,category/women-clothing,meesho_complete_dataset_20250902_215240.json
MEESHO_1000360,Janasya Mobile Cover - Watches,Accessories,Watches,Janasya,1542,910,41,3.3,1708,Out of Stock,Seller_393,https://images.meesho.com/images/products/1000360/1_512.jpg,https://www.meesho.com/product/1000360,High quality mobile cover from Janasya. Perfect for daily wear.,3,"28,30,32,34",Polyester,True,15 days,7 days,2025-08-23T21:52:40.182608,category/accessories,meesho_complete_dataset_20250902_215240.json
MEESHO_1000361,Indya Hair Oil - Gadgets,Electronics,Gadgets,Indya,993,814,18,3.8,3072,Out of Stock,Seller_21,https://images.meesho.com/images/products/1000361/1_512.jpg,https://www.meesho.com/product/1000361,High quality hair oil from Indya. Perfect for daily wear.,7,"S,M,L,XL",Silk,False,7 days,3 days,2025-08-06T21:52:40.182615,category/electronics,meesho_complete_dataset_20250902_215240.json
MEESHO_1000362,HERE&NOW Running Shoes - Sports & Fitness,Sports & Fitness,Sports & Fitness,HERE&NOW,1290,929,28,4.4,942,Limited Stock,Seller_615,https://images.meesho.com/images/products/1000362/1_512.jpg,https://www.meesho.com/product/1000362,High quality running shoes from HERE&NOW. Perfect for daily wear.,8,One Size,Polyester,True,15 days,3 days,2025-08-29T21:52:40.182621,category/sports-&-fitness,meesho_complete_dataset_20250902_215240.json
MEESHO_1000363,MIMOSA Face Cream - Backpacks,Bags & Footwear,Backpacks,MIMOSA,2655,1434,46,4.5,1387,Limited Stock,Seller_668,https://images.meesho.com/images/products/1000363/1_512.jpg,https://www.meesho.com/product/1000363,High quality face cream from MIMOSA. Perfect for daily wear.,8,"S,M,L,XL",Polyester,True,7 days,6 days,2025-08-23T21:52:40.182627,category/bags-&-footwear,meesho_complete_dataset_20250902_215240.json
MEESHO_1000364,GoSriKi Printed Saree - Toys & Games,Toys & Games,Toys & Games,GoSriKi,2842,1080,62,3.8,894,In Stock,Seller_950,https://images.meesho.com/images/products/1000364/1_512.jpg,https://www.meesho.com/product/1000364,High quality printed saree from GoSriKi. Perfect for daily wear.,4,"28,30,32,34",Polyester,False,No return,5 days,2025-08-13T21:52:40.182638,category/toys-&-games,meesho_complete_dataset_20250902_215240.json
MEESHO_1000365,Libas Cotton Kurti - Kitchen Appliances,Home & Kitchen,Kitchen Appliances,Libas,2931,1847,37,4.5,3765,Out of Stock,Seller_952,https://images.meesho.com/images/products/1000365/1_512.jpg,https://www.meesho.com/product/1000365,High quality cotton kurti from Libas. Perfect for daily wear.,6,One Size,Cotton,True,No return,3 days,2025-08-28T21:52:40.182644,category/home-&-kitchen,meesho_complete_dataset_20250902_215240.json
MEESHO_1000366,MIMOSA Denim Jeans - Handbags,Bags & Footwear,Handbags,MIMOSA,2106,1179,44,3.2,117,In Stock,Seller_315,https://images.meesho.com/images/products/1000366/1_512.jpg,https://www.meesho.com/product/1000366,High quality denim jeans from MIMOSA. Perfect for daily wear.,1,Free Size,Polyester,True,No return,8 days,2025-08-15T21:52:40.182650,category/bags-&-footwear,meesho_complete_dataset_20250902_215240.json
MEESHO_1000367,MIMOSA Kids T-Shirt - Dresses,Women Clothing,Dresses,MIMOSA,1779,605,66,3.6,1949,In Stock,Seller_366,https://images.meesho.com/images/products/1000367/1_512.jpg,https://www.meesho.com/product/1000367,High quality kids t-shirt from MIMOSA. Perfect for daily wear.,3,One Size,Cotton Blend,False,15 days,6 days,2025-08-25T21:52:40.182656,category/women-clothing,meesho_complete_dataset_20250902_215240.json
MEESHO_1000368,GoSriKi Denim Jeans - Makeup,Beauty & Health,Makeup,GoSriKi,670,556,17,3.9,1966,Limited Stock,Seller_386,https://images.meesho.com/images/products/1000368/1_512.jpg,https://www.meesho.com/product/1000368,High quality denim jeans from GoSriKi. Perfect for daily wear.,7,One Size,Silk,True,15 days,9 days,2025-08-18T21:52:40.182661,category/beauty-&-health,meesho_complete_dataset_20250902_215240.json
MEESHO_1000369,Global Desi Mobile Cover - Handbags,Bags & Footwear,Handbags,Global Desi,2358,1745,26,4.7,1129,Out of Stock,Seller_511,https://images.meesho.com/images/products/1000369/1_512.jpg,https://www.meesho.com/product/1000369,High quality mobile cover from Global Desi. Perfect for daily wear.,8,"S,M,L,XL",Rayon,True,No return,8 days,2025-08-23T21:52:40.182667,category/bags-&-footwear,meesho_complete_dataset_20250902_215240.json
MEESHO_1000370,HERE&NOW Face Cream - Makeup,Beauty & Health,Makeup,HERE&NOW,1660,1112,33,3.6,4770,In Stock,Seller_329,https://images.meesho.com/images/products/1000370/1_512.jpg,https://www.meesho.com/product/1000370,High quality face cream from HERE&NOW. Perfect for daily wear.,2,"S,M,L,XL",Polyester,True,No return,4 days,2025-08-19T21:52:40.182673,category/beauty-&-health,meesho_complete_dataset_20250902_215240.json
MEESHO_1000371,GoSriKi Face Cream - Automotive,Automotive,Automotive,GoSriKi,1142,514,55,3.3,1124,Out of Stock,Seller_802,https://images.meesho.com/images/products/1000371/1_512.jpg,https://www.meesho.com/product/1000371,High quality face cream from GoSriKi. Perfect for daily wear.,6,"S,M,L,XL",Cotton Blend,True,No return,3 days,2025-08-20T21:52:40.182679,category/automotive,meesho_complete_dataset_20250902_215240.json
MEESHO_1000372,Libas Denim Jeans - Hair Care,Beauty & Health,Hair Care,Libas,2506,1278,49,3.1,1779,Out of Stock,Seller_155,https://images.meesho.com/images/products/1000372/1_512.jpg,https://www.meesho.com/product/1000372,High quality denim jeans from Libas. Perfect for daily wear.,4,Free Size,Rayon,False,No return,6 days,2025-08-18T21:52:40.182684,category/beauty-&-health,meesho_complete_dataset_20250902_215240.json
MEESHO_1000373,Janasya Handbag - Makeup,Beauty & Health,Makeup,Janasya,1071,964,10,4.6,452,Limited Stock,Seller_215,https://images.meesho.com/images/products/1000373/1_512.jpg,https://www.meesho.com/product/1000373,High quality handbag from Janasya. Perfect for daily wear.,4,"S,M,L,XL",Polyester,True,7 days,7 days,2025-08-18T21:52:40.182690,category/beauty-&-health,meesho_complete_dataset_20250902_215240.json
MEESHO_1000374,Sangria Handbag - Sports & Fitness,Sports & Fitness,Sports & Fitness,Sangria,154,123,20,4.2,3991,Limited Stock,Seller_954,https://images.meesho.com/images/products/1000374/1_512.jpg,https://www.meesho.com/product/1000374,High quality handbag from Sangria. Perfect for daily wear.,1,Free Size,Silk,False,No return,9 days,2025-08-15T21:52:40.182696,category/sports-&-fitness,meesho_complete_dataset_20250902_215240.json
MEESHO_1000375,Roadster Mobile Cover - Sports & Fitness,Sports & Fitness,Sports & Fitness,Roadster,2174,1283,41,3.5,1566,Out of Stock,Seller_108,https://images.meesho.com/images/products/1000375/1_512.jpg,https://www.meesho.com/product/1000375,High quality mobile cover from Roadster. Perfect for daily wear.,5,Free Size,Cotton Blend,True,7 days,8 days,2025-08-23T21:52:40.182702,category/sports-&-fitness,meesho_complete_dataset_20250902_215240.json
MEESHO_1000376,Soch Formal Shirt - Ethnic Wear,Women Clothing,Ethnic Wear,Soch,2549,1096,57,4.5,4909,Limited Stock,Seller_132,https://images.meesho.com/images/products/1000376/1_512.jpg,https://www.meesho.com/product/1000376,High quality formal shirt from Soch. Perfect for daily wear.,5,Free Size,Cotton,False,No return,9 days,2025-08-27T21:52:40.182707,category/women-clothing,meesho_complete_dataset_20250902_215240.json
MEESHO_1000377,DressBerry Formal Shirt - Headphones,Electronics,Headphones,DressBerry,1303,443,66,3.6,3390,Limited Stock,Seller_715,https://images.meesho.com/images/products/1000377/1_512.jpg,https://www.meesho.com/product/1000377,High quality formal shirt from DressBerry. Perfect for daily wear.,5,Free Size,Polyester,False,7 days,4 days,2025-08-23T21:52:40.182713,category/electronics,meesho_complete_dataset_20250902_215240.json
MEESHO_1000378,Global Desi Handbag - Automotive,Automotive,Automotive,Global Desi,105,58,45,3.7,3248,In Stock,Seller_791,https://images.meesho.com/images/products/1000378/1_512.jpg,https://www.meesho.com/product/1000378,High quality handbag from Global Desi. Perfect for daily wear.,3,Free Size,Silk,True,15 days,7 days,2025-08-18T21:52:40.182719,category/automotive,meesho_complete_dataset_20250902_215240.json
MEESHO_1000379,SASSAFRAS Kitchen Set - Handbags,Bags & Footwear,Handbags,SASSAFRAS,2129,639,70,3.1,3473,Out of Stock,Seller_277,https://images.meesho.com/images/products/1000379/1_512.jpg,https://www.meesho.com/product/1000379,High quality kitchen set from SASSAFRAS. Perfect for daily wear.,3,"S,M,L,XL",Cotton Blend,True,7 days,4 days,2025-08-05T21:52:40.182725,category/bags-&-footwear,meesho_complete_dataset_20250902_215240.json
MEESHO_1000380,Aks Jewelry Set - Home Decor,Home & Kitchen,Home Decor,Aks,482,284,41,4.6,553,In Stock,Seller_628,https://images.meesho.com/images/products/1000380/1_512.jpg,https://www.meesho.com/product/1000380,High quality jewelry set from Aks. Perfect for daily wear.,2,"S,M,L,XL",Polyester,True,7 days,3 days,2025-08-10T21:52:40.182730,category/home-&-kitchen,meesho_complete_dataset_20250902_215240.json
MEESHO_1000381,Mast & Harbour Jewelry Set - Toys & Games,Toys & Games,Toys & Games,Mast & Harbour,1710,1539,10,3.1,1693,Limited Stock,Seller_97,https://images.meesho.com/images/products/1000381/1_512.jpg,https://www.meesho.com/product/1000381,High quality jewelry set from Mast & Harbour. Perfect for daily wear.,7,"28,30,32,34",Rayon,True,7 days,9 days,2025-08-10T21:52:40.182736,category/toys-&-games,meesho_complete_dataset_20250902_215240.json
MEESHO_1000382,DressBerry Jewelry Set - Toys & Games,Toys & Games,Toys & Games,DressBerry,1412,1130,20,4.6,3125,Out of Stock,Seller_962,https://images.meesho.com/images/products/1000382/1_512.jpg,https://www.meesho.com/product/1000382,High quality jewelry set from DressBerry. Perfect for daily wear.,2,Free Size,Silk,False,15 days,10 days,2025-08-10T21:52:40.182742,category/toys-&-games,meesho_complete_dataset_20250902_215240.json
MEESHO_1000383,DressBerry Denim Jeans - Watches,Accessories,Watches,DressBerry,1013,334,67,4.3,4121,In Stock,Seller_818,https://images.meesho.com/images/products/1000383/1_512.jpg,https://www.meesho.com/product/1000383,High quality denim jeans from DressBerry. Perfect for daily wear.,7,"S,M,L,XL",Silk,True,No return,7 days,2025-08-28T21:52:40.182747,category/accessories,meesho_complete_dataset_20250902_215240.json
MEESHO_1000384,Indya Jewelry Set - Makeup,Beauty & Health,Makeup,Indya,832,408,51,4.4,2590,Limited Stock,Seller_240,https://images.meesho.com/images/products/1000384/1_512.jpg,https://www.meesho.com/product/1000384,High quality jewelry set from Indya. Perfect for daily wear.,8,"28,30,32,34",Cotton,True,7 days,5 days,2025-08-19T21:52:40.182753,category/beauty-&-health,meesho_complete_dataset_20250902_215240.json
MEESHO_1000385,MIMOSA Running Shoes - Sports & Fitness,Sports & Fitness,Sports & Fitness,MIMOSA,2785,2423,13,4.1,3429,Limited Stock,Seller_453,https://images.meesho.com/images/products/1000385/1_512.jpg,https://www.meesho.com/product/1000385,High quality running shoes from MIMOSA. Perfect for daily wear.,1,Free Size,Cotton Blend,True,7 days,4 days,2025-08-21T21:52:40.182760,category/sports-&-fitness,meesho_complete_dataset_20250902_215240.json
MEESHO_1000386,Roadster Formal Shirt - Chargers,Electronics,Chargers,Roadster,760,616,19,3.4,1994,Limited Stock,Seller_425,https://images.meesho.com/images/products/1000386/1_512.jpg,https://www.meesho.com/product/1000386,High quality formal shirt from Roadster. Perfect for daily wear.,4,"28,30,32,34",Polyester,True,No return,5 days,2025-08-17T21:52:40.182766,category/electronics,meesho_complete_dataset_20250902_215240.json
MEESHO_1000387,Sangria Casual Dress - T-Shirts,Men Clothing,T-Shirts,Sangria,1313,814,38,4.3,151,Limited Stock,Seller_418,https://images.meesho.com/images/products/1000387/1_512.jpg,https://www.meesho.com/product/1000387,High quality casual dress from Sangria. Perfect for daily wear.,3,"S,M,L,XL",Cotton Blend,True,15 days,9 days,2025-08-05T21:52:40.182771,category/men-clothing,meesho_complete_dataset_20250902_215240.json
MEESHO_1000388,Global Desi Bedsheet Set - Home Decor,Home & Kitchen,Home Decor,Global Desi,1537,1230,20,4.1,676,Limited Stock,Seller_644,https://images.meesho.com/images/products/1000388/1_512.jpg,https://www.meesho.com/product/1000388,High quality bedsheet set from Global Desi. Perfect for daily wear.,5,"S,M,L,XL",Cotton Blend,True,No return,10 days,2025-08-05T21:52:40.182778,category/home-&-kitchen,meesho_complete_dataset_20250902_215240.json
MEESHO_1000389,Soch Running Shoes - Baby Clothing,Kids Clothing,Baby Clothing,Soch,1807,885,51,3.1,983,In Stock,Seller_132,https://images.meesho.com/images/products/1000389/1_512.jpg,https://www.meesho.com/product/1000389,High quality running shoes from Soch. Perfect for daily wear.,6,"28,30,32,34",Cotton Blend,False,No return,9 days,2025-09-01T21:52:40.182783,category/kids-clothing,meesho_complete_dataset_20250902_215240.json
MEESHO_1000390,DressBerry Wall Clock - Jeans,Men Clothing,Jeans,DressBerry,405,227,44,4.7,395,In Stock,Seller_513,https://images.meesho.com/images/products/1000390/1_512.jpg,https://www.meesho.com/product/1000390,High quality wall clock from DressBerry. Perfect for daily wear.,5,Free Size,Polyester,True,7 days,4 days,2025-08-29T21:52:40.182789,category/men-clothing,meesho_complete_dataset_20250902_215240.json
MEESHO_1000391,Libas Wall Clock - Automotive,Automotive,Automotive,Libas,1120,739,34,4.8,4139,Out of Stock,Seller_561,https://images.meesho.com/images/products/1000391/1_512.jpg,https://www.meesho.com/product/1000391,High quality wall clock from Libas. Perfect for daily wear.,4,"S,M,L,XL",Cotton,False,7 days,8 days,2025-08-20T21:52:40.182795,category/automotive,meesho_complete_dataset_20250902_215240.json
MEESHO_1000392,DressBerry Denim Jeans - School Uniforms,Kids Clothing,School Uniforms,DressBerry,2425,776,68,3.1,4163,In Stock,Seller_604,https://images.meesho.com/images/products/1000392/1_512.jpg,https://www.meesho.com/product/1000392,High quality denim jeans from DressBerry. Perfect for daily wear.,3,"S,M,L,XL",Polyester,False,15 days,5 days,2025-08-10T21:52:40.182801,category/kids-clothing,meesho_complete_dataset_20250902_215240.json
MEESHO_1000393,Mast & Harbour Formal Shirt - Sunglasses,Accessories,Sunglasses,Mast & Harbour,1323,556,58,3.2,4647,Limited Stock,Seller_358,https://images.meesho.com/images/products/1000393/1_512.jpg,https://www.meesho.com/product/1000393,High quality formal shirt from Mast & Harbour. Perfect for daily wear.,5,"28,30,32,34",Cotton Blend,True,No return,4 days,2025-08-10T21:52:40.182806,category/accessories,meesho_complete_dataset_20250902_215240.json
MEESHO_1000394,Varanga Kitchen Set - Chargers,Electronics,Chargers,Varanga,495,446,10,4.7,3308,Limited Stock,Seller_857,https://images.meesho.com/images/products/1000394/1_512.jpg,https://www.meesho.com/product/1000394,High quality kitchen set from Varanga. Perfect for daily wear.,8,Free Size,Cotton,True,15 days,4 days,2025-08-15T21:52:40.182812,category/electronics,meesho_complete_dataset_20250902_215240.json
MEESHO_1000395,Soch Handbag - Chargers,Electronics,Chargers,Soch,630,517,18,4.6,4086,In Stock,Seller_349,https://images.meesho.com/images/products/1000395/1_512.jpg,https://www.meesho.com/product/1000395,High quality handbag from Soch. Perfect for daily wear.,1,Free Size,Silk,True,7 days,8 days,2025-08-04T21:52:40.182818,category/electronics,meesho_complete_dataset_20250902_215240.json
MEESHO_1000396,Global Desi Denim Jeans - Makeup,Beauty & Health,Makeup,Global Desi,318,162,49,4.3,595,In Stock,Seller_144,https://images.meesho.com/images/products/1000396/1_512.jpg,https://www.meesho.com/product/1000396,High quality denim jeans from Global Desi. Perfect for daily wear.,3,One Size,Cotton Blend,False,No return,4 days,2025-08-03T21:52:40.182823,category/beauty-&-health,meesho_complete_dataset_20250902_215240.json
MEESHO_1000397,Libas Jewelry Set - Boys Clothing,Kids Clothing,Boys Clothing,Libas,1170,1053,10,3.5,707,Limited Stock,Seller_440,https://images.meesho.com/images/products/1000397/1_512.jpg,https://www.meesho.com/product/1000397,High quality jewelry set from Libas. Perfect for daily wear.,8,"S,M,L,XL",Cotton,True,No return,10 days,2025-08-20T21:52:40.182829,category/kids-clothing,meesho_complete_dataset_20250902_215240.json
MEESHO_1000398,Soch Printed Saree - Hair Care,Beauty & Health,Hair Care,Soch,895,537,40,3.0,3512,In Stock,Seller_848,https://images.meesho.com/images/products/1000398/1_512.jpg,https://www.meesho.com/product/1000398,High quality printed saree from Soch. Perfect for daily wear.,8,"28,30,32,34",Polyester,False,15 days,8 days,2025-08-24T21:52:40.182835,category/beauty-&-health,meesho_complete_dataset_20250902_215240.json
MEESHO_1000399,Sangria Kitchen Set - Personal Care,Beauty & Health,Personal Care,Sangria,1248,649,48,4.0,2159,Out of Stock,Seller_706,https://images.meesho.com/images/products/1000399/1_512.jpg,https://www.meesho.com/product/1000399,High quality kitchen set from Sangria. Perfect for daily wear.,1,"S,M,L,XL",Silk,True,7 days,6 days,2025-08-22T21:52:40.182841,category/beauty-&-health,meesho_complete_dataset_20250902_215240.json
MEESHO_1000400,Anouk Hair Oil - Watches,Accessories,Watches,Anouk,774,519,33,3.5,3479,In Stock,Seller_911,https://images.meesho.com/images/products/1000400/1_512.jpg,https://www.meesho.com/product/1000400,High quality hair oil from Anouk. Perfect for daily wear.,5,Free Size,Silk,True,7 days,10 days,2025-08-08T21:52:40.182846,category/accessories,meesho_complete_dataset_20250902_215240.json
MEESHO_1000401,Aks Printed Saree - Sunglasses,Accessories,Sunglasses,Aks,812,650,20,3.9,3574,Limited Stock,Seller_709,https://images.meesho.com/images/products/1000401/1_512.jpg,https://www.meesho.com/product/1000401,High quality printed saree from Aks. Perfect for daily wear.,8,One Size,Rayon,True,15 days,3 days,2025-08-31T21:52:40.182852,category/accessories,meesho_complete_dataset_20250902_215240.json
MEESHO_1000402,Vishudh Kitchen Set - Handbags,Bags & Footwear,Handbags,Vishudh,2119,1081,49,3.8,1824,Limited Stock,Seller_382,https://images.meesho.com/images/products/1000402/1_512.jpg,https://www.meesho.com/product/1000402,High quality kitchen set from Vishudh. Perfect for daily wear.,5,"S,M,L,XL",Cotton,True,No return,6 days,2025-09-01T21:52:40.182860,category/bags-&-footwear,meesho_complete_dataset_20250902_215240.json
MEESHO_1000403,Vishudh Bedsheet Set - Sarees,Women Clothing,Sarees,Vishudh,965,656,32,3.9,434,In Stock,Seller_251,https://images.meesho.com/images/products/1000403/1_512.jpg,https://www.meesho.com/product/1000403,High quality bedsheet set from Vishudh. Perfect for daily wear.,8,"28,30,32,34",Cotton Blend,False,No return,6 days,2025-09-01T21:52:40.182866,category/women-clothing,meesho_complete_dataset_20250902_215240.json
MEESHO_1000404,Manthan Mobile Cover - Boys Clothing,Kids Clothing,Boys Clothing,Manthan,1991,1493,25,3.0,1435,Out of Stock,Seller_490,https://images.meesho.com/images/products/1000404/1_512.jpg,https://www.meesho.com/product/1000404,High quality mobile cover from Manthan. Perfect for daily wear.,3,One Size,Rayon,False,15 days,6 days,2025-08-19T21:52:40.182871,category/kids-clothing,meesho_complete_dataset_20250902_215240.json
MEESHO_1000405,Mast & Harbour Mobile Cover - Sunglasses,Accessories,Sunglasses,Mast & Harbour,1109,510,54,4.1,4826,In Stock,Seller_549,https://images.meesho.com/images/products/1000405/1_512.jpg,https://www.meesho.com/product/1000405,High quality mobile cover from Mast & Harbour. Perfect for daily wear.,6,Free Size,Cotton Blend,False,15 days,3 days,2025-08-03T21:52:40.182877,category/accessories,meesho_complete_dataset_20250902_215240.json
MEESHO_1000406,MIMOSA Kids T-Shirt - Baby Clothing,Kids Clothing,Baby Clothing,MIMOSA,2858,1372,52,4.1,322,Out of Stock,Seller_619,https://images.meesho.com/images/products/1000406/1_512.jpg,https://www.meesho.com/product/1000406,High quality kids t-shirt from MIMOSA. Perfect for daily wear.,4,Free Size,Polyester,True,15 days,4 days,2025-08-17T21:52:40.182883,category/kids-clothing,meesho_complete_dataset_20250902_215240.json
MEESHO_1000407,MIMOSA Jewelry Set - Sandals,Bags & Footwear,Sandals,MIMOSA,2515,2213,12,3.9,182,In Stock,Seller_548,https://images.meesho.com/images/products/1000407/1_512.jpg,https://www.meesho.com/product/1000407,High quality jewelry set from MIMOSA. Perfect for daily wear.,1,Free Size,Cotton,True,No return,8 days,2025-08-18T21:52:40.182890,category/bags-&-footwear,meesho_complete_dataset_20250902_215240.json
MEESHO_1000408,MIMOSA Bedsheet Set - Casual Wear,Men Clothing,Casual Wear,MIMOSA,2893,1215,58,3.7,3340,In Stock,Seller_361,https://images.meesho.com/images/products/1000408/1_512.jpg,https://www.meesho.com/product/1000408,High quality bedsheet set from MIMOSA. Perfect for daily wear.,5,"28,30,32,34",Cotton,False,15 days,4 days,2025-08-09T21:52:40.182896,category/men-clothing,meesho_complete_dataset_20250902_215240.json
MEESHO_1000409,Vishudh Printed Saree - Sports & Fitness,Sports & Fitness,Sports & Fitness,Vishudh,2891,2573,11,3.8,1898,Out of Stock,Seller_711,https://images.meesho.com/images/products/1000409/1_512.jpg,https://www.meesho.com/product/1000409,High quality printed saree from Vishudh. Perfect for daily wear.,1,"S,M,L,XL",Rayon,False,7 days,6 days,2025-08-29T21:52:40.182901,category/sports-&-fitness,meesho_complete_dataset_20250902_215240.json
MEESHO_1000410,Roadster Ethnic Suit - Cleaning,Home & Kitchen,Cleaning,Roadster,476,186,61,4.5,1873,Out of Stock,Seller_652,https://images.meesho.com/images/products/1000410/1_512.jpg,https://www.meesho.com/product/1000410,High quality ethnic suit from Roadster. Perfect for daily wear.,4,"28,30,32,34",Cotton,True,7 days,8 days,2025-08-18T21:52:40.182907,category/home-&-kitchen,meesho_complete_dataset_20250902_215240.json
MEESHO_1000411,Manthan Jewelry Set - Shoes,Bags & Footwear,Shoes,Manthan,509,188,63,4.2,1020,Out of Stock,Seller_910,https://images.meesho.com/images/products/1000411/1_512.jpg,https://www.meesho.com/product/1000411,High quality jewelry set from Manthan. Perfect for daily wear.,6,Free Size,Rayon,True,No return,5 days,2025-08-17T21:52:40.182913,category/bags-&-footwear,meesho_complete_dataset_20250902_215240.json
MEESHO_1000412,Janasya Kids T-Shirt - Toys & Games,Toys & Games,Toys & Games,Janasya,426,226,47,4.3,674,Out of Stock,Seller_691,https://images.meesho.com/images/products/1000412/1_512.jpg,https://www.meesho.com/product/1000412,High quality kids t-shirt from Janasya. Perfect for daily wear.,5,One Size,Cotton Blend,False,7 days,8 days,2025-08-04T21:52:40.182919,category/toys-&-games,meesho_complete_dataset_20250902_215240.json
MEESHO_1000413,SASSAFRAS Casual Dress - Wallets,Bags & Footwear,Wallets,SASSAFRAS,1002,501,50,3.8,2872,In Stock,Seller_855,https://images.meesho.com/images/products/1000413/1_512.jpg,https://www.meesho.com/product/1000413,High quality casual dress from SASSAFRAS. Perfect for daily wear.,5,"S,M,L,XL",Rayon,False,15 days,3 days,2025-08-05T21:52:40.182925,category/bags-&-footwear,meesho_complete_dataset_20250902_215240.json
MEESHO_1000414,Aks Printed Saree - Ethnic Wear,Women Clothing,Ethnic Wear,Aks,2884,1125,61,3.6,815,Limited Stock,Seller_541,https://images.meesho.com/images/products/1000414/1_512.jpg,https://www.meesho.com/product/1000414,High quality printed saree from Aks. Perfect for daily wear.,3,"S,M,L,XL",Cotton,True,7 days,3 days,2025-08-03T21:52:40.182930,category/women-clothing,meesho_complete_dataset_20250902_215240.json
MEESHO_1000415,HERE&NOW Casual Dress - Books,Books,Books,HERE&NOW,1361,1116,18,4.4,3820,Out of Stock,Seller_496,https://images.meesho.com/images/products/1000415/1_512.jpg,https://www.meesho.com/product/1000415,High quality casual dress from HERE&NOW. Perfect for daily wear.,5,"28,30,32,34",Rayon,False,15 days,9 days,2025-08-10T21:52:40.182936,category/books,meesho_complete_dataset_20250902_215240.json
MEESHO_1000416,Mast & Harbour Handbag - Sarees,Women Clothing,Sarees,Mast & Harbour,1465,1143,22,4.6,1513,Out of Stock,Seller_105,https://images.meesho.com/images/products/1000416/1_512.jpg,https://www.meesho.com/product/1000416,High quality handbag from Mast & Harbour. Perfect for daily wear.,2,"28,30,32,34",Polyester,True,7 days,4 days,2025-08-21T21:52:40.182942,category/women-clothing,meesho_complete_dataset_20250902_215240.json
MEESHO_1000417,MIMOSA Ethnic Suit - Boys Clothing,Kids Clothing,Boys Clothing,MIMOSA,2908,1599,45,3.4,4921,Out of Stock,Seller_470,https://images.meesho.com/images/products/1000417/1_512.jpg,https://www.meesho.com/product/1000417,High quality ethnic suit from MIMOSA. Perfect for daily wear.,4,Free Size,Silk,False,No return,6 days,2025-08-11T21:52:40.182948,category/kids-clothing,meesho_complete_dataset_20250902_215240.json
MEESHO_1000418,HERE&NOW Ethnic Suit - Dresses,Women Clothing,Dresses,HERE&NOW,2083,833,60,3.7,2704,Limited Stock,Seller_319,https://images.meesho.com/images/products/1000418/1_512.jpg,https://www.meesho.com/product/1000418,High quality ethnic suit from HERE&NOW. Perfect for daily wear.,3,"28,30,32,34",Silk,False,7 days,5 days,2025-08-18T21:52:40.182955,category/women-clothing,meesho_complete_dataset_20250902_215240.json
MEESHO_1000419,Aks Bedsheet Set - Storage,Home & Kitchen,Storage,Aks,1232,752,39,3.2,4411,Limited Stock,Seller_911,https://images.meesho.com/images/products/1000419/1_512.jpg,https://www.meesho.com/product/1000419,High quality bedsheet set from Aks. Perfect for daily wear.,6,"S,M,L,XL",Cotton,False,No return,6 days,2025-08-05T21:52:40.182961,category/home-&-kitchen,meesho_complete_dataset_20250902_215240.json
MEESHO_1000420,Soch Mobile Cover - Watches,Accessories,Watches,Soch,2734,1312,52,3.9,4758,Out of Stock,Seller_451,https://images.meesho.com/images/products/1000420/1_512.jpg,https://www.meesho.com/product/1000420,High quality mobile cover from Soch. Perfect for daily wear.,3,"S,M,L,XL",Silk,False,No return,5 days,2025-08-24T21:52:40.182967,category/accessories,meesho_complete_dataset_20250902_215240.json
MEESHO_1000421,Anouk Ethnic Suit - Ethnic Wear,Women Clothing,Ethnic Wear,Anouk,2911,2038,30,3.5,4850,Limited Stock,Seller_189,https://images.meesho.com/images/products/1000421/1_512.jpg,https://www.meesho.com/product/1000421,High quality ethnic suit from Anouk. Perfect for daily wear.,8,Free Size,Rayon,True,No return,10 days,2025-08-10T21:52:40.182972,category/women-clothing,meesho_complete_dataset_20250902_215240.json
MEESHO_1000422,Sangria Casual Dress - Jewelry,Accessories,Jewelry,Sangria,1276,600,53,4.2,3564,Out of Stock,Seller_186,https://images.meesho.com/images/products/1000422/1_512.jpg,https://www.meesho.com/product/1000422,High quality casual dress from Sangria. Perfect for daily wear.,2,Free Size,Cotton Blend,True,7 days,7 days,2025-08-09T21:52:40.182978,category/accessories,meesho_complete_dataset_20250902_215240.json
MEESHO_1000423,Mast & Harbour Running Shoes - Storage,Home & Kitchen,Storage,Mast & Harbour,1284,1156,10,4.3,119,Out of Stock,Seller_521,https://images.meesho.com/images/products/1000423/1_512.jpg,https://www.meesho.com/product/1000423,High quality running shoes from Mast & Harbour. Perfect for daily wear.,5,"S,M,L,XL",Silk,True,15 days,7 days,2025-08-12T21:52:40.182984,category/home-&-kitchen,meesho_complete_dataset_20250902_215240.json
MEESHO_1000424,Libas Denim Jeans - Toys & Games,Toys & Games,Toys & Games,Libas,2433,1679,31,4.5,4770,Out of Stock,Seller_223,https://images.meesho.com/images/products/1000424/1_512.jpg,https://www.meesho.com/product/1000424,High quality denim jeans from Libas. Perfect for daily wear.,8,One Size,Rayon,False,No return,6 days,2025-08-06T21:52:40.182992,category/toys-&-games,meesho_complete_dataset_20250902_215240.json
MEESHO_1000425,Manthan Jewelry Set - Personal Care,Beauty & Health,Personal Care,Manthan,1255,502,60,3.1,2399,Out of Stock,Seller_971,https://images.meesho.com/images/products/1000425/1_512.jpg,https://www.meesho.com/product/1000425,High quality jewelry set from Manthan. Perfect for daily wear.,5,"28,30,32,34",Cotton,True,7 days,9 days,2025-08-22T21:52:40.182999,category/beauty-&-health,meesho_complete_dataset_20250902_215240.json
MEESHO_1000426,Janasya Kids T-Shirt - Books,Books,Books,Janasya,1703,1465,14,3.4,912,Out of Stock,Seller_99,https://images.meesho.com/images/products/1000426/1_512.jpg,https://www.meesho.com/product/1000426,High quality kids t-shirt from Janasya. Perfect for daily wear.,2,One Size,Cotton,False,No return,8 days,2025-08-22T21:52:40.183004,category/books,meesho_complete_dataset_20250902_215240.json
MEESHO_1000427,GoSriKi Jewelry Set - Baby Clothing,Kids Clothing,Baby Clothing,GoSriKi,2910,2270,22,3.2,4190,In Stock,Seller_755,https://images.meesho.com/images/products/1000427/1_512.jpg,https://www.meesho.com/product/1000427,High quality jewelry set from GoSriKi. Perfect for daily wear.,2,Free Size,Silk,False,7 days,3 days,2025-08-12T21:52:40.183010,category/kids-clothing,meesho_complete_dataset_20250902_215240.json
MEESHO_1000428,MIMOSA Cotton Kurti - Automotive,Automotive,Automotive,MIMOSA,2053,1355,34,4.3,2464,In Stock,Seller_773,https://images.meesho.com/images/products/1000428/1_512.jpg,https://www.meesho.com/product/1000428,High quality cotton kurti from MIMOSA. Perfect for daily wear.,5,Free Size,Silk,False,15 days,5 days,2025-08-03T21:52:40.183018,category/automotive,meesho_complete_dataset_20250902_215240.json
MEESHO_1000429,MIMOSA Formal Shirt - Jewelry,Accessories,Jewelry,MIMOSA,1923,1019,47,4.2,2345,Limited Stock,Seller_819,https://images.meesho.com/images/products/1000429/1_512.jpg,https://www.meesho.com/product/1000429,High quality formal shirt from MIMOSA. Perfect for daily wear.,4,Free Size,Polyester,True,15 days,10 days,2025-08-24T21:52:40.183023,category/accessories,meesho_complete_dataset_20250902_215240.json
MEESHO_1000430,Varanga Kids T-Shirt - Gadgets,Electronics,Gadgets,Varanga,575,472,18,4.3,341,In Stock,Seller_779,https://images.meesho.com/images/products/1000430/1_512.jpg,https://www.meesho.com/product/1000430,High quality kids t-shirt from Varanga. Perfect for daily wear.,5,One Size,Silk,False,7 days,6 days,2025-08-13T21:52:40.183029,category/electronics,meesho_complete_dataset_20250902_215240.json
MEESHO_1000431,MIMOSA Ethnic Suit - Sports & Fitness,Sports & Fitness,Sports & Fitness,MIMOSA,2823,1214,57,3.2,2036,Out of Stock,Seller_29,https://images.meesho.com/images/products/1000431/1_512.jpg,https://www.meesho.com/product/1000431,High quality ethnic suit from MIMOSA. Perfect for daily wear.,6,"S,M,L,XL",Silk,True,7 days,8 days,2025-08-25T21:52:40.183035,category/sports-&-fitness,meesho_complete_dataset_20250902_215240.json
MEESHO_1000432,SASSAFRAS Face Cream - Toys & Games,Toys & Games,Toys & Games,SASSAFRAS,1146,584,49,4.3,4198,Limited Stock,Seller_515,https://images.meesho.com/images/products/1000432/1_512.jpg,https://www.meesho.com/product/1000432,High quality face cream from SASSAFRAS. Perfect for daily wear.,6,Free Size,Polyester,False,No return,6 days,2025-08-20T21:52:40.183041,category/toys-&-games,meesho_complete_dataset_20250902_215240.json
MEESHO_1000433,Libas Kitchen Set - Bedding,Home & Kitchen,Bedding,Libas,1249,724,42,3.7,2726,Out of Stock,Seller_728,https://images.meesho.com/images/products/1000433/1_512.jpg,https://www.meesho.com/product/1000433,High quality kitchen set from Libas. Perfect for daily wear.,6,"S,M,L,XL",Polyester,False,7 days,4 days,2025-08-07T21:52:40.183046,category/home-&-kitchen,meesho_complete_dataset_20250902_215240.json
MEESHO_1000434,DressBerry Jewelry Set - Headphones,Electronics,Headphones,DressBerry,1631,603,63,4.3,1331,Out of Stock,Seller_246,https://images.meesho.com/images/products/1000434/1_512.jpg,https://www.meesho.com/product/1000434,High quality jewelry set from DressBerry. Perfect for daily wear.,7,Free Size,Cotton,False,7 days,5 days,2025-08-20T21:52:40.183052,category/electronics,meesho_complete_dataset_20250902_215240.json
MEESHO_1000435,Aks Handbag - Girls Clothing,Kids Clothing,Girls Clothing,Aks,2334,1190,49,4.1,1187,Limited Stock,Seller_655,https://images.meesho.com/images/products/1000435/1_512.jpg,https://www.meesho.com/product/1000435,High quality handbag from Aks. Perfect for daily wear.,1,"28,30,32,34",Cotton Blend,True,7 days,8 days,2025-08-15T21:52:40.183058,category/kids-clothing,meesho_complete_dataset_20250902_215240.json
MEESHO_1000436,Janasya Denim Jeans - Health Supplements,Beauty & Health,Health Supplements,Janasya,2602,1483,43,4.3,1325,Limited Stock,Seller_871,https://images.meesho.com/images/products/1000436/1_512.jpg,https://www.meesho.com/product/1000436,High quality denim jeans from Janasya. Perfect for daily wear.,4,Free Size,Rayon,False,15 days,6 days,2025-09-02T21:52:40.183064,category/beauty-&-health,meesho_complete_dataset_20250902_215240.json
MEESHO_1000437,Vishudh Bedsheet Set - T-Shirts,Men Clothing,T-Shirts,Vishudh,1260,655,48,4.1,371,Out of Stock,Seller_166,https://images.meesho.com/images/products/1000437/1_512.jpg,https://www.meesho.com/product/1000437,High quality bedsheet set from Vishudh. Perfect for daily wear.,6,Free Size,Cotton Blend,True,No return,4 days,2025-08-14T21:52:40.183069,category/men-clothing,meesho_complete_dataset_20250902_215240.json
MEESHO_1000438,Vishudh Ethnic Suit - Toys & Games,Toys & Games,Toys & Games,Vishudh,929,530,43,4.4,3589,Limited Stock,Seller_103,https://images.meesho.com/images/products/1000438/1_512.jpg,https://www.meesho.com/product/1000438,High quality ethnic suit from Vishudh. Perfect for daily wear.,1,"S,M,L,XL",Silk,False,7 days,7 days,2025-08-22T21:52:40.183075,category/toys-&-games,meesho_complete_dataset_20250902_215240.json
MEESHO_1000439,Soch Hair Oil - Automotive,Automotive,Automotive,Soch,2919,1576,46,3.4,2768,Out of Stock,Seller_919,https://images.meesho.com/images/products/1000439/1_512.jpg,https://www.meesho.com/product/1000439,High quality hair oil from Soch. Perfect for daily wear.,5,One Size,Polyester,True,No return,3 days,2025-09-02T21:52:40.183080,category/automotive,meesho_complete_dataset_20250902_215240.json
MEESHO_1000440,Indya Handbag - Kitchen Appliances,Home & Kitchen,Kitchen Appliances,Indya,1352,1190,12,4.4,2518,Out of Stock,Seller_351,https://images.meesho.com/images/products/1000440/1_512.jpg,https://www.meesho.com/product/1000440,High quality handbag from Indya. Perfect for daily wear.,7,"S,M,L,XL",Polyester,False,15 days,3 days,2025-08-12T21:52:40.183086,category/home-&-kitchen,meesho_complete_dataset_20250902_215240.json
MEESHO_1000441,Vishudh Printed Saree - Headphones,Electronics,Headphones,Vishudh,1462,453,69,3.7,4515,Out of Stock,Seller_734,https://images.meesho.com/images/products/1000441/1_512.jpg,https://www.meesho.com/product/1000441,High quality printed saree from Vishudh. Perfect for daily wear.,3,"S,M,L,XL",Silk,False,15 days,9 days,2025-08-27T21:52:40.183093,category/electronics,meesho_complete_dataset_20250902_215240.json
MEESHO_1000442,Janasya Handbag - Automotive,Automotive,Automotive,Janasya,1904,685,64,4.2,4265,In Stock,Seller_264,https://images.meesho.com/images/products/1000442/1_512.jpg,https://www.meesho.com/product/1000442,High quality handbag from Janasya. Perfect for daily wear.,1,Free Size,Silk,False,15 days,4 days,2025-08-31T21:52:40.183099,category/automotive,meesho_complete_dataset_20250902_215240.json
MEESHO_1000443,Sangria Wall Clock - Toys & Games,Toys & Games,Toys & Games,Sangria,1027,493,52,4.1,711,Limited Stock,Seller_492,https://images.meesho.com/images/products/1000443/1_512.jpg,https://www.meesho.com/product/1000443,High quality wall clock from Sangria. Perfect for daily wear.,6,Free Size,Cotton,True,No return,3 days,2025-08-03T21:52:40.183105,category/toys-&-games,meesho_complete_dataset_20250902_215240.json
MEESHO_1000444,Libas Hair Oil - Toys & Games,Toys & Games,Toys & Games,Libas,882,353,60,3.3,3901,Out of Stock,Seller_975,https://images.meesho.com/images/products/1000444/1_512.jpg,https://www.meesho.com/product/1000444,High quality hair oil from Libas. Perfect for daily wear.,8,"28,30,32,34",Cotton,True,7 days,3 days,2025-08-27T21:52:40.183111,category/toys-&-games,meesho_complete_dataset_20250902_215240.json
MEESHO_1000445,Vishudh Kids T-Shirt - Backpacks,Bags & Footwear,Backpacks,Vishudh,1020,398,61,4.0,343,In Stock,Seller_161,https://images.meesho.com/images/products/1000445/1_512.jpg,https://www.meesho.com/product/1000445,High quality kids t-shirt from Vishudh. Perfect for daily wear.,1,One Size,Cotton,False,15 days,8 days,2025-08-17T21:52:40.183117,category/bags-&-footwear,meesho_complete_dataset_20250902_215240.json
MEESHO_1000446,Vishudh Mobile Cover - Toys & Games,Toys & Games,Toys & Games,Vishudh,2987,1016,66,3.2,547,Limited Stock,Seller_375,https://images.meesho.com/images/products/1000446/1_512.jpg,https://www.meesho.com/product/1000446,High quality mobile cover from Vishudh. Perfect for daily wear.,7,One Size,Rayon,False,7 days,3 days,2025-08-06T21:52:40.183123,category/toys-&-games,meesho_complete_dataset_20250902_215240.json
MEESHO_1000447,Soch Printed Saree - Sunglasses,Accessories,Sunglasses,Soch,535,449,16,3.6,4064,Limited Stock,Seller_127,https://images.meesho.com/images/products/1000447/1_512.jpg,https://www.meesho.com/product/1000447,High quality printed saree from Soch. Perfect for daily wear.,2,"S,M,L,XL",Silk,False,No return,7 days,2025-08-09T21:52:40.183128,category/accessories,meesho_complete_dataset_20250902_215240.json
MEESHO_1000448,Anouk Hair Oil - Automotive,Automotive,Automotive,Anouk,2614,2170,17,3.5,4774,Out of Stock,Seller_476,https://images.meesho.com/images/products/1000448/1_512.jpg,https://www.meesho.com/product/1000448,High quality hair oil from Anouk. Perfect for daily wear.,1,Free Size,Cotton Blend,True,7 days,5 days,2025-08-17T21:52:40.183134,category/automotive,meesho_complete_dataset_20250902_215240.json
MEESHO_1000449,Soch Running Shoes - Skincare,Beauty & Health,Skincare,Soch,680,218,68,4.4,3729,In Stock,Seller_966,https://images.meesho.com/images/products/1000449/1_512.jpg,https://www.meesho.com/product/1000449,High quality running shoes from Soch. Perfect for daily wear.,1,"S,M,L,XL",Polyester,False,15 days,7 days,2025-08-26T21:52:40.183141,category/beauty-&-health,meesho_complete_dataset_20250902_215240.json
MEESHO_1000450,Janasya Casual Dress - Sports & Fitness,Sports & Fitness,Sports & Fitness,Janasya,993,814,18,4.1,1534,Limited Stock,Seller_645,https://images.meesho.com/images/products/1000450/1_512.jpg,https://www.meesho.com/product/1000450,High quality casual dress from Janasya. Perfect for daily wear.,1,"28,30,32,34",Cotton Blend,True,7 days,10 days,2025-08-10T21:52:40.183147,category/sports-&-fitness,meesho_complete_dataset_20250902_215240.json
MEESHO_1000451,Roadster Ethnic Suit - Hair Accessories,Accessories,Hair Accessories,Roadster,2298,735,68,3.6,195,In Stock,Seller_113,https://images.meesho.com/images/products/1000451/1_512.jpg,https://www.meesho.com/product/1000451,High quality ethnic suit from Roadster. Perfect for daily wear.,5,One Size,Silk,True,7 days,5 days,2025-08-24T21:52:40.183153,category/accessories,meesho_complete_dataset_20250902_215240.json
MEESHO_1000452,Janasya Denim Jeans - Books,Books,Books,Janasya,2812,872,69,3.1,3609,Limited Stock,Seller_405,https://images.meesho.com/images/products/1000452/1_512.jpg,https://www.meesho.com/product/1000452,High quality denim jeans from Janasya. Perfect for daily wear.,7,"S,M,L,XL",Cotton Blend,False,No return,4 days,2025-08-19T21:52:40.183159,category/books,meesho_complete_dataset_20250902_215240.json
MEESHO_1000453,Libas Formal Shirt - Automotive,Automotive,Automotive,Libas,2449,1420,42,4.8,3283,In Stock,Seller_455,https://images.meesho.com/images/products/1000453/1_512.jpg,https://www.meesho.com/product/1000453,High quality formal shirt from Libas. Perfect for daily wear.,6,"S,M,L,XL",Rayon,False,7 days,4 days,2025-08-31T21:52:40.183165,category/automotive,meesho_complete_dataset_20250902_215240.json
MEESHO_1000454,MIMOSA Kids T-Shirt - Hair Care,Beauty & Health,Hair Care,MIMOSA,1265,430,66,3.4,325,Out of Stock,Seller_846,https://images.meesho.com/images/products/1000454/1_512.jpg,https://www.meesho.com/product/1000454,High quality kids t-shirt from MIMOSA. Perfect for daily wear.,6,"28,30,32,34",Cotton,True,15 days,8 days,2025-08-18T21:52:40.183171,category/beauty-&-health,meesho_complete_dataset_20250902_215240.json
MEESHO_1000455,Vishudh Running Shoes - Headphones,Electronics,Headphones,Vishudh,2010,724,64,3.7,4736,Out of Stock,Seller_493,https://images.meesho.com/images/products/1000455/1_512.jpg,https://www.meesho.com/product/1000455,High quality running shoes from Vishudh. Perfect for daily wear.,6,"28,30,32,34",Polyester,False,15 days,3 days,2025-08-07T21:52:40.183176,category/electronics,meesho_complete_dataset_20250902_215240.json
MEESHO_1000456,HERE&NOW Formal Shirt - Sarees,Women Clothing,Sarees,HERE&NOW,170,73,57,4.2,2716,In Stock,Seller_135,https://images.meesho.com/images/products/1000456/1_512.jpg,https://www.meesho.com/product/1000456,High quality formal shirt from HERE&NOW. Perfect for daily wear.,4,One Size,Rayon,False,7 days,10 days,2025-08-04T21:52:40.183182,category/women-clothing,meesho_complete_dataset_20250902_215240.json
MEESHO_1000457,Soch Face Cream - Books,Books,Books,Soch,424,250,41,4.5,3316,In Stock,Seller_951,https://images.meesho.com/images/products/1000457/1_512.jpg,https://www.meesho.com/product/1000457,High quality face cream from Soch. Perfect for daily wear.,5,"28,30,32,34",Rayon,True,15 days,6 days,2025-09-02T21:52:40.183188,category/books,meesho_complete_dataset_20250902_215240.json
MEESHO_1000458,Anouk Hair Oil - Casual Wear,Men Clothing,Casual Wear,Anouk,2939,1058,64,4.6,376,Limited Stock,Seller_474,https://images.meesho.com/images/products/1000458/1_512.jpg,https://www.meesho.com/product/1000458,High quality hair oil from Anouk. Perfect for daily wear.,2,One Size,Cotton Blend,False,15 days,3 days,2025-08-26T21:52:40.183194,category/men-clothing,meesho_complete_dataset_20250902_215240.json
MEESHO_1000459,Anouk Casual Dress - Girls Clothing,Kids Clothing,Girls Clothing,Anouk,1096,756,31,3.5,3588,Out of Stock,Seller_441,https://images.meesho.com/images/products/1000459/1_512.jpg,https://www.meesho.com/product/1000459,High quality casual dress from Anouk. Perfect for daily wear.,5,"S,M,L,XL",Cotton Blend,False,7 days,10 days,2025-09-02T21:52:40.183200,category/kids-clothing,meesho_complete_dataset_20250902_215240.json
MEESHO_1000460,HERE&NOW Formal Shirt - Boys Clothing,Kids Clothing,Boys Clothing,HERE&NOW,821,263,68,3.2,4359,Limited Stock,Seller_198,https://images.meesho.com/images/products/1000460/1_512.jpg,https://www.meesho.com/product/1000460,High quality formal shirt from HERE&NOW. Perfect for daily wear.,4,"S,M,L,XL",Rayon,False,15 days,7 days,2025-08-07T21:52:40.183206,category/kids-clothing,meesho_complete_dataset_20250902_215240.json
MEESHO_1000461,Indya Bedsheet Set - Shirts,Men Clothing,Shirts,Indya,192,104,46,3.3,707,In Stock,Seller_185,https://images.meesho.com/images/products/1000461/1_512.jpg,https://www.meesho.com/product/1000461,High quality bedsheet set from Indya. Perfect for daily wear.,3,Free Size,Cotton,False,7 days,3 days,2025-08-05T21:52:40.183212,category/men-clothing,meesho_complete_dataset_20250902_215240.json
MEESHO_1000462,Anouk Cotton Kurti - Ethnic Wear,Men Clothing,Ethnic Wear,Anouk,930,790,15,3.9,3292,Out of Stock,Seller_813,https://images.meesho.com/images/products/1000462/1_512.jpg,https://www.meesho.com/product/1000462,High quality cotton kurti from Anouk. Perfect for daily wear.,6,Free Size,Polyester,True,No return,3 days,2025-08-22T21:52:40.183217,category/men-clothing,meesho_complete_dataset_20250902_215240.json
MEESHO_1000463,HERE&NOW Face Cream - Books,Books,Books,HERE&NOW,2598,831,68,4.5,1337,In Stock,Seller_188,https://images.meesho.com/images/products/1000463/1_512.jpg,https://www.meesho.com/product/1000463,High quality face cream from HERE&NOW. Perfect for daily wear.,1,One Size,Polyester,True,7 days,7 days,2025-08-16T21:52:40.183223,category/books,meesho_complete_dataset_20250902_215240.json
MEESHO_1000464,Roadster Formal Shirt - Books,Books,Books,Roadster,2399,1511,37,3.1,2746,Limited Stock,Seller_918,https://images.meesho.com/images/products/1000464/1_512.jpg,https://www.meesho.com/product/1000464,High quality formal shirt from Roadster. Perfect for daily wear.,2,"S,M,L,XL",Cotton Blend,True,7 days,10 days,2025-09-01T21:52:40.183229,category/books,meesho_complete_dataset_20250902_215240.json
MEESHO_1000465,Janasya Kids T-Shirt - Home Decor,Home & Kitchen,Home Decor,Janasya,529,360,32,4.7,4644,Out of Stock,Seller_287,https://images.meesho.com/images/products/1000465/1_512.jpg,https://www.meesho.com/product/1000465,High quality kids t-shirt from Janasya. Perfect for daily wear.,7,One Size,Cotton Blend,True,No return,10 days,2025-08-04T21:52:40.183235,category/home-&-kitchen,meesho_complete_dataset_20250902_215240.json
MEESHO_1000466,MIMOSA Mobile Cover - Automotive,Automotive,Automotive,MIMOSA,1065,958,10,4.3,4041,Limited Stock,Seller_42,https://images.meesho.com/images/products/1000466/1_512.jpg,https://www.meesho.com/product/1000466,High quality mobile cover from MIMOSA. Perfect for daily wear.,1,"28,30,32,34",Cotton Blend,False,7 days,7 days,2025-08-25T21:52:40.183241,category/automotive,meesho_complete_dataset_20250902_215240.json
MEESHO_1000467,DressBerry Denim Jeans - Watches,Accessories,Watches,DressBerry,1418,1092,23,3.9,2372,Limited Stock,Seller_589,https://images.meesho.com/images/products/1000467/1_512.jpg,https://www.meesho.com/product/1000467,High quality denim jeans from DressBerry. Perfect for daily wear.,1,Free Size,Cotton Blend,True,No return,4 days,2025-08-17T21:52:40.183246,category/accessories,meesho_complete_dataset_20250902_215240.json
MEESHO_1000468,DressBerry Denim Jeans - Hair Accessories,Accessories,Hair Accessories,DressBerry,2218,710,68,4.1,1717,In Stock,Seller_163,https://images.meesho.com/images/products/1000468/1_512.jpg,https://www.meesho.com/product/1000468,High quality denim jeans from DressBerry. Perfect for daily wear.,6,"28,30,32,34",Cotton Blend,False,No return,3 days,2025-08-05T21:52:40.183252,category/accessories,meesho_complete_dataset_20250902_215240.json
MEESHO_1000469,Mast & Harbour Face Cream - Books,Books,Books,Mast & Harbour,169,84,50,4.5,149,Out of Stock,Seller_728,https://images.meesho.com/images/products/1000469/1_512.jpg,https://www.meesho.com/product/1000469,High quality face cream from Mast & Harbour. Perfect for daily wear.,7,One Size,Cotton Blend,False,15 days,5 days,2025-08-19T21:52:40.183258,category/books,meesho_complete_dataset_20250902_215240.json
MEESHO_1000470,Indya Cotton Kurti - Kitchen Appliances,Home & Kitchen,Kitchen Appliances,Indya,99,60,39,4.3,1719,Out of Stock,Seller_77,https://images.meesho.com/images/products/1000470/1_512.jpg,https://www.meesho.com/product/1000470,High quality cotton kurti from Indya. Perfect for daily wear.,2,"28,30,32,34",Polyester,False,No return,4 days,2025-08-17T21:52:40.183263,category/home-&-kitchen,meesho_complete_dataset_20250902_215240.json
MEESHO_1000471,Janasya Ethnic Suit - Home Decor,Home & Kitchen,Home Decor,Janasya,1808,687,62,3.1,1406,Limited Stock,Seller_734,https://images.meesho.com/images/products/1000471/1_512.jpg,https://www.meesho.com/product/1000471,High quality ethnic suit from Janasya. Perfect for daily wear.,7,One Size,Cotton Blend,True,No return,6 days,2025-08-24T21:52:40.183270,category/home-&-kitchen,meesho_complete_dataset_20250902_215240.json
MEESHO_1000472,Varanga Jewelry Set - Toys & Games,Toys & Games,Toys & Games,Varanga,2650,2279,14,4.7,276,Limited Stock,Seller_598,https://images.meesho.com/images/products/1000472/1_512.jpg,https://www.meesho.com/product/1000472,High quality jewelry set from Varanga. Perfect for daily wear.,8,Free Size,Cotton Blend,False,7 days,3 days,2025-08-10T21:52:40.183276,category/toys-&-games,meesho_complete_dataset_20250902_215240.json
MEESHO_1000473,Libas Bedsheet Set - Sports & Fitness,Sports & Fitness,Sports & Fitness,Libas,294,106,64,3.0,1126,Limited Stock,Seller_516,https://images.meesho.com/images/products/1000473/1_512.jpg,https://www.meesho.com/product/1000473,High quality bedsheet set from Libas. Perfect for daily wear.,2,"28,30,32,34",Rayon,False,7 days,9 days,2025-08-11T21:52:40.183281,category/sports-&-fitness,meesho_complete_dataset_20250902_215240.json
MEESHO_1000474,MIMOSA Face Cream - Shirts,Men Clothing,Shirts,MIMOSA,1420,824,42,3.5,443,Out of Stock,Seller_905,https://images.meesho.com/images/products/1000474/1_512.jpg,https://www.meesho.com/product/1000474,High quality face cream from MIMOSA. Perfect for daily wear.,8,Free Size,Polyester,True,7 days,8 days,2025-08-07T21:52:40.183287,category/men-clothing,meesho_complete_dataset_20250902_215240.json
MEESHO_1000475,Libas Running Shoes - Cleaning,Home & Kitchen,Cleaning,Libas,2017,1472,27,4.7,252,Out of Stock,Seller_116,https://images.meesho.com/images/products/1000475/1_512.jpg,https://www.meesho.com/product/1000475,High quality running shoes from Libas. Perfect for daily wear.,6,"28,30,32,34",Polyester,True,No return,4 days,2025-08-14T21:52:40.183293,category/home-&-kitchen,meesho_complete_dataset_20250902_215240.json
MEESHO_1000476,Roadster Denim Jeans - Health Supplements,Beauty & Health,Health Supplements,Roadster,452,393,13,4.8,2420,Out of Stock,Seller_690,https://images.meesho.com/images/products/1000476/1_512.jpg,https://www.meesho.com/product/1000476,High quality denim jeans from Roadster. Perfect for daily wear.,3,Free Size,Silk,True,No return,5 days,2025-08-26T21:52:40.183298,category/beauty-&-health,meesho_complete_dataset_20250902_215240.json
MEESHO_1000477,Janasya Wall Clock - Toys & Games,Toys & Games,Toys & Games,Janasya,1619,1247,23,3.8,4746,Out of Stock,Seller_926,https://images.meesho.com/images/products/1000477/1_512.jpg,https://www.meesho.com/product/1000477,High quality wall clock from Janasya. Perfect for daily wear.,4,"S,M,L,XL",Polyester,False,No return,4 days,2025-08-17T21:52:40.183304,category/toys-&-games,meesho_complete_dataset_20250902_215240.json
MEESHO_1000478,Roadster Kitchen Set - Toys & Games,Toys & Games,Toys & Games,Roadster,2474,1633,34,4.8,873,Out of Stock,Seller_430,https://images.meesho.com/images/products/1000478/1_512.jpg,https://www.meesho.com/product/1000478,High quality kitchen set from Roadster. Perfect for daily wear.,2,"S,M,L,XL",Cotton,False,No return,6 days,2025-08-31T21:52:40.183309,category/toys-&-games,meesho_complete_dataset_20250902_215240.json
MEESHO_1000479,HERE&NOW Running Shoes - Mobile Accessories,Electronics,Mobile Accessories,HERE&NOW,282,226,20,4.5,1390,Out of Stock,Seller_989,https://images.meesho.com/images/products/1000479/1_512.jpg,https://www.meesho.com/product/1000479,High quality running shoes from HERE&NOW. Perfect for daily wear.,3,"S,M,L,XL",Cotton,True,7 days,4 days,2025-09-01T21:52:40.183315,category/electronics,meesho_complete_dataset_20250902_215240.json
MEESHO_1000480,Janasya Cotton Kurti - Sports & Fitness,Sports & Fitness,Sports & Fitness,Janasya,543,440,19,3.8,868,Out of Stock,Seller_61,https://images.meesho.com/images/products/1000480/1_512.jpg,https://www.meesho.com/product/1000480,High quality cotton kurti from Janasya. Perfect for daily wear.,8,One Size,Cotton Blend,False,7 days,7 days,2025-08-19T21:52:40.183322,category/sports-&-fitness,meesho_complete_dataset_20250902_215240.json
MEESHO_1000481,DressBerry Hair Oil - Wallets,Bags & Footwear,Wallets,DressBerry,2043,1716,16,3.9,609,Limited Stock,Seller_665,https://images.meesho.com/images/products/1000481/1_512.jpg,https://www.meesho.com/product/1000481,High quality hair oil from DressBerry. Perfect for daily wear.,6,One Size,Cotton,False,7 days,6 days,2025-08-25T21:52:40.183327,category/bags-&-footwear,meesho_complete_dataset_20250902_215240.json
MEESHO_1000482,Global Desi Printed Saree - Books,Books,Books,Global Desi,2041,1143,44,3.1,3052,Limited Stock,Seller_458,https://images.meesho.com/images/products/1000482/1_512.jpg,https://www.meesho.com/product/1000482,High quality printed saree from Global Desi. Perfect for daily wear.,1,One Size,Rayon,False,7 days,4 days,2025-08-31T21:52:40.183333,category/books,meesho_complete_dataset_20250902_215240.json
MEESHO_1000483,Janasya Jewelry Set - Books,Books,Books,Janasya,2489,2066,17,4.8,3004,In Stock,Seller_90,https://images.meesho.com/images/products/1000483/1_512.jpg,https://www.meesho.com/product/1000483,High quality jewelry set from Janasya. Perfect for daily wear.,3,"S,M,L,XL",Polyester,True,No return,3 days,2025-08-13T21:52:40.183339,category/books,meesho_complete_dataset_20250902_215240.json
MEESHO_1000484,Roadster Mobile Cover - Books,Books,Books,Roadster,1960,1470,25,4.1,2794,Out of Stock,Seller_356,https://images.meesho.com/images/products/1000484/1_512.jpg,https://www.meesho.com/product/1000484,High quality mobile cover from Roadster. Perfect for daily wear.,4,One Size,Rayon,False,No return,10 days,2025-08-03T21:52:40.183345,category/books,meesho_complete_dataset_20250902_215240.json
MEESHO_1000485,DressBerry Ethnic Suit - Toys & Games,Toys & Games,Toys & Games,DressBerry,2271,1090,52,3.4,4656,Out of Stock,Seller_430,https://images.meesho.com/images/products/1000485/1_512.jpg,https://www.meesho.com/product/1000485,High quality ethnic suit from DressBerry. Perfect for daily wear.,8,One Size,Rayon,False,7 days,8 days,2025-08-04T21:52:40.183351,category/toys-&-games,meesho_complete_dataset_20250902_215240.json
MEESHO_1000486,GoSriKi Cotton Kurti - Jeans,Men Clothing,Jeans,GoSriKi,1285,758,41,4.0,1007,In Stock,Seller_232,https://images.meesho.com/images/products/1000486/1_512.jpg,https://www.meesho.com/product/1000486,High quality cotton kurti from GoSriKi. Perfect for daily wear.,8,"S,M,L,XL",Cotton,True,7 days,6 days,2025-08-09T21:52:40.183357,category/men-clothing,meesho_complete_dataset_20250902_215240.json
MEESHO_1000487,MIMOSA Bedsheet Set - Bedding,Home & Kitchen,Bedding,MIMOSA,107,90,16,3.3,1264,Out of Stock,Seller_816,https://images.meesho.com/images/products/1000487/1_512.jpg,https://www.meesho.com/product/1000487,High quality bedsheet set from MIMOSA. Perfect for daily wear.,3,"S,M,L,XL",Silk,False,No return,7 days,2025-08-04T21:52:40.183363,category/home-&-kitchen,meesho_complete_dataset_20250902_215240.json
MEESHO_1000488,Libas Hair Oil - Skincare,Beauty & Health,Skincare,Libas,2554,2018,21,3.6,4761,In Stock,Seller_694,https://images.meesho.com/images/products/1000488/1_512.jpg,https://www.meesho.com/product/1000488,High quality hair oil from Libas. Perfect for daily wear.,5,One Size,Cotton Blend,True,15 days,5 days,2025-08-04T21:52:40.183369,category/beauty-&-health,meesho_complete_dataset_20250902_215240.json
MEESHO_1000489,Vishudh Bedsheet Set - Sports & Fitness,Sports & Fitness,Sports & Fitness,Vishudh,859,576,33,4.2,983,Limited Stock,Seller_551,https://images.meesho.com/images/products/1000489/1_512.jpg,https://www.meesho.com/product/1000489,High quality bedsheet set from Vishudh. Perfect for daily wear.,2,Free Size,Cotton Blend,True,15 days,4 days,2025-08-04T21:52:40.183374,category/sports-&-fitness,meesho_complete_dataset_20250902_215240.json
MEESHO_1000490,Aks Denim Jeans - Jeans,Men Clothing,Jeans,Aks,2095,985,53,4.6,2461,Out of Stock,Seller_954,https://images.meesho.com/images/products/1000490/1_512.jpg,https://www.meesho.com/product/1000490,High quality denim jeans from Aks. Perfect for daily wear.,1,"28,30,32,34",Silk,True,7 days,9 days,2025-08-30T21:52:40.183382,category/men-clothing,meesho_complete_dataset_20250902_215240.json
MEESHO_1000491,Soch Face Cream - Sports & Fitness,Sports & Fitness,Sports & Fitness,Soch,908,599,34,4.3,522,In Stock,Seller_163,https://images.meesho.com/images/products/1000491/1_512.jpg,https://www.meesho.com/product/1000491,High quality face cream from Soch. Perfect for daily wear.,4,"28,30,32,34",Polyester,False,No return,5 days,2025-08-21T21:52:40.183387,category/sports-&-fitness,meesho_complete_dataset_20250902_215240.json
MEESHO_1000492,Aks Formal Shirt - Books,Books,Books,Aks,1931,1004,48,3.5,2187,In Stock,Seller_726,https://images.meesho.com/images/products/1000492/1_512.jpg,https://www.meesho.com/product/1000492,High quality formal shirt from Aks. Perfect for daily wear.,5,"S,M,L,XL",Cotton Blend,True,7 days,7 days,2025-09-02T21:52:40.183394,category/books,meesho_complete_dataset_20250902_215240.json
MEESHO_1000493,MIMOSA Cotton Kurti - Hair Accessories,Accessories,Hair Accessories,MIMOSA,1955,1056,46,4.8,3708,Out of Stock,Seller_380,https://images.meesho.com/images/products/1000493/1_512.jpg,https://www.meesho.com/product/1000493,High quality cotton kurti from MIMOSA. Perfect for daily wear.,5,One Size,Polyester,True,15 days,3 days,2025-08-15T21:52:40.183400,category/accessories,meesho_complete_dataset_20250902_215240.json
MEESHO_1000494,Anouk Cotton Kurti - Sunglasses,Accessories,Sunglasses,Anouk,2614,2091,20,4.2,2997,Out of Stock,Seller_447,https://images.meesho.com/images/products/1000494/1_512.jpg,https://www.meesho.com/product/1000494,High quality cotton kurti from Anouk. Perfect for daily wear.,8,Free Size,Cotton Blend,False,15 days,8 days,2025-08-20T21:52:40.183406,category/accessories,meesho_complete_dataset_20250902_215240.json
MEESHO_1000495,Roadster Mobile Cover - Chargers,Electronics,Chargers,Roadster,1518,516,66,3.6,791,Limited Stock,Seller_123,https://images.meesho.com/images/products/1000495/1_512.jpg,https://www.meesho.com/product/1000495,High quality mobile cover from Roadster. Perfect for daily wear.,4,Free Size,Rayon,False,15 days,7 days,2025-09-02T21:52:40.183411,category/electronics,meesho_complete_dataset_20250902_215240.json
MEESHO_1000496,Libas Ethnic Suit - School Uniforms,Kids Clothing,School Uniforms,Libas,2582,1291,50,3.6,1812,Out of Stock,Seller_445,https://images.meesho.com/images/products/1000496/1_512.jpg,https://www.meesho.com/product/1000496,High quality ethnic suit from Libas. Perfect for daily wear.,1,"28,30,32,34",Polyester,False,No return,5 days,2025-08-26T21:52:40.183417,category/kids-clothing,meesho_complete_dataset_20250902_215240.json
MEESHO_1000497,DressBerry Printed Saree - Personal Care,Beauty & Health,Personal Care,DressBerry,1831,586,68,4.0,3601,In Stock,Seller_143,https://images.meesho.com/images/products/1000497/1_512.jpg,https://www.meesho.com/product/1000497,High quality printed saree from DressBerry. Perfect for daily wear.,4,"S,M,L,XL",Silk,True,15 days,4 days,2025-08-12T21:52:40.183424,category/beauty-&-health,meesho_complete_dataset_20250902_215240.json
MEESHO_1000498,SASSAFRAS Casual Dress - Toys & Games,Toys & Games,Toys & Games,SASSAFRAS,1342,604,55,4.2,1676,In Stock,Seller_29,https://images.meesho.com/images/products/1000498/1_512.jpg,https://www.meesho.com/product/1000498,High quality casual dress from SASSAFRAS. Perfect for daily wear.,7,"S,M,L,XL",Cotton Blend,False,7 days,7 days,2025-09-01T21:52:40.183429,category/toys-&-games,meesho_complete_dataset_20250902_215240.json
MEESHO_1000499,HERE&NOW Kitchen Set - Sunglasses,Accessories,Sunglasses,HERE&NOW,896,806,10,4.7,3596,Out of Stock,Seller_655,https://images.meesho.com/images/products/1000499/1_512.jpg,https://www.meesho.com/product/1000499,High quality kitchen set from HERE&NOW. Perfect for daily wear.,2,Free Size,Cotton,True,No return,7 days,2025-08-31T21:52:40.183435,category/accessories,meesho_complete_dataset_20250902_215240.json
MEESHO_1000500,MIMOSA Mobile Cover - Baby Clothing,Kids Clothing,Baby Clothing,MIMOSA,1689,878,48,3.3,3557,In Stock,Seller_284,https://images.meesho.com/images/products/1000500/1_512.jpg,https://www.meesho.com/product/1000500,High quality mobile cover from MIMOSA. Perfect for daily wear.,3,"28,30,32,34",Silk,True,15 days,8 days,2025-08-27T21:52:40.183441,category/kids-clothing,meesho_complete_dataset_20250902_215240.json
MEESHO_1000501,MIMOSA Printed Saree - Toys & Games,Toys & Games,Toys & Games,MIMOSA,673,565,16,4.1,3958,Limited Stock,Seller_461,https://images.meesho.com/images/products/1000501/1_512.jpg,https://www.meesho.com/product/1000501,High quality printed saree from MIMOSA. Perfect for daily wear.,6,One Size,Polyester,True,7 days,7 days,2025-08-11T21:52:40.183446,category/toys-&-games,meesho_complete_dataset_20250902_215240.json
MEESHO_1000502,MIMOSA Handbag - Sunglasses,Accessories,Sunglasses,MIMOSA,1393,683,51,3.3,1705,Out of Stock,Seller_11,https://images.meesho.com/images/products/1000502/1_512.jpg,https://www.meesho.com/product/1000502,High quality handbag from MIMOSA. Perfect for daily wear.,4,One Size,Rayon,False,15 days,9 days,2025-08-06T21:52:40.183452,category/accessories,meesho_complete_dataset_20250902_215240.json
MEESHO_1000503,DressBerry Mobile Cover - Baby Clothing,Kids Clothing,Baby Clothing,DressBerry,1565,892,43,4.8,1357,Limited Stock,Seller_103,https://images.meesho.com/images/products/1000503/1_512.jpg,https://www.meesho.com/product/1000503,High quality mobile cover from DressBerry. Perfect for daily wear.,6,Free Size,Silk,False,7 days,5 days,2025-08-10T21:52:40.183458,category/kids-clothing,meesho_complete_dataset_20250902_215240.json
MEESHO_1000504,Anouk Bedsheet Set - Shirts,Men Clothing,Shirts,Anouk,1970,1576,20,4.1,4538,Out of Stock,Seller_814,https://images.meesho.com/images/products/1000504/1_512.jpg,https://www.meesho.com/product/1000504,High quality bedsheet set from Anouk. Perfect for daily wear.,8,"28,30,32,34",Cotton,True,15 days,4 days,2025-08-09T21:52:40.183464,category/men-clothing,meesho_complete_dataset_20250902_215240.json
MEESHO_1000505,Mast & Harbour Kids T-Shirt - Ethnic Wear,Women Clothing,Ethnic Wear,Mast & Harbour,505,162,68,4.4,4573,Out of Stock,Seller_695,https://images.meesho.com/images/products/1000505/1_512.jpg,https://www.meesho.com/product/1000505,High quality kids t-shirt from Mast & Harbour. Perfect for daily wear.,7,One Size,Polyester,True,No return,5 days,2025-09-01T21:52:40.183470,category/women-clothing,meesho_complete_dataset_20250902_215240.json
MEESHO_1000506,MIMOSA Handbag - Books,Books,Books,MIMOSA,555,294,47,3.1,4488,In Stock,Seller_891,https://images.meesho.com/images/products/1000506/1_512.jpg,https://www.meesho.com/product/1000506,High quality handbag from MIMOSA. Perfect for daily wear.,1,"S,M,L,XL",Rayon,False,No return,3 days,2025-08-03T21:52:40.183475,category/books,meesho_complete_dataset_20250902_215240.json
MEESHO_1000507,Global Desi Cotton Kurti - Automotive,Automotive,Automotive,Global Desi,2523,2145,15,4.1,1769,Out of Stock,Seller_731,https://images.meesho.com/images/products/1000507/1_512.jpg,https://www.meesho.com/product/1000507,High quality cotton kurti from Global Desi. Perfect for daily wear.,3,"S,M,L,XL",Silk,False,7 days,10 days,2025-08-15T21:52:40.183481,category/automotive,meesho_complete_dataset_20250902_215240.json
MEESHO_1000508,Manthan Kitchen Set - Sports & Fitness,Sports & Fitness,Sports & Fitness,Manthan,663,325,51,4.7,1978,Out of Stock,Seller_837,https://images.meesho.com/images/products/1000508/1_512.jpg,https://www.meesho.com/product/1000508,High quality kitchen set from Manthan. Perfect for daily wear.,3,"28,30,32,34",Silk,True,15 days,6 days,2025-08-31T21:52:40.183487,category/sports-&-fitness,meesho_complete_dataset_20250902_215240.json
MEESHO_1000509,Vishudh Denim Jeans - Hair Accessories,Accessories,Hair Accessories,Vishudh,169,81,52,3.1,631,Out of Stock,Seller_372,https://images.meesho.com/images/products/1000509/1_512.jpg,https://www.meesho.com/product/1000509,High quality denim jeans from Vishudh. Perfect for daily wear.,5,One Size,Cotton Blend,True,No return,4 days,2025-08-18T21:52:40.183493,category/accessories,meesho_complete_dataset_20250902_215240.json
MEESHO_1000510,Anouk Cotton Kurti - Automotive,Automotive,Automotive,Anouk,254,150,41,4.1,3700,Out of Stock,Seller_953,https://images.meesho.com/images/products/1000510/1_512.jpg,https://www.meesho.com/product/1000510,High quality cotton kurti from Anouk. Perfect for daily wear.,4,"28,30,32,34",Silk,True,No return,8 days,2025-08-20T21:52:40.183499,category/automotive,meesho_complete_dataset_20250902_215240.json
MEESHO_1000511,HERE&NOW Printed Saree - Ethnic Wear,Women Clothing,Ethnic Wear,HERE&NOW,367,176,52,3.2,1519,In Stock,Seller_897,https://images.meesho.com/images/products/1000511/1_512.jpg,https://www.meesho.com/product/1000511,High quality printed saree from HERE&NOW. Perfect for daily wear.,1,"S,M,L,XL",Cotton,True,15 days,7 days,2025-08-14T21:52:40.183519,category/women-clothing,meesho_complete_dataset_20250902_215240.json
MEESHO_1000512,Manthan Wall Clock - Gadgets,Electronics,Gadgets,Manthan,1211,606,50,3.2,181,Limited Stock,Seller_585,https://images.meesho.com/images/products/1000512/1_512.jpg,https://www.meesho.com/product/1000512,High quality wall clock from Manthan. Perfect for daily wear.,8,"28,30,32,34",Silk,False,15 days,7 days,2025-08-26T21:52:40.183525,category/electronics,meesho_complete_dataset_20250902_215240.json
MEESHO_1000513,MIMOSA Running Shoes - Toys & Games,Toys & Games,Toys & Games,MIMOSA,240,79,67,3.9,3842,In Stock,Seller_135,https://images.meesho.com/images/products/1000513/1_512.jpg,https://www.meesho.com/product/1000513,High quality running shoes from MIMOSA. Perfect for daily wear.,5,One Size,Cotton,True,No return,9 days,2025-08-18T21:52:40.183532,category/toys-&-games,meesho_complete_dataset_20250902_215240.json
MEESHO_1000514,Anouk Bedsheet Set - Sports & Fitness,Sports & Fitness,Sports & Fitness,Anouk,405,178,56,4.2,3997,Limited Stock,Seller_346,https://images.meesho.com/images/products/1000514/1_512.jpg,https://www.meesho.com/product/1000514,High quality bedsheet set from Anouk. Perfect for daily wear.,2,Free Size,Silk,False,15 days,10 days,2025-08-09T21:52:40.183538,category/sports-&-fitness,meesho_complete_dataset_20250902_215240.json
MEESHO_1000515,SASSAFRAS Cotton Kurti - Books,Books,Books,SASSAFRAS,2016,1230,39,4.0,349,Out of Stock,Seller_442,https://images.meesho.com/images/products/1000515/1_512.jpg,https://www.meesho.com/product/1000515,High quality cotton kurti from SASSAFRAS. Perfect for daily wear.,2,"28,30,32,34",Rayon,True,15 days,9 days,2025-08-14T21:52:40.183543,category/books,meesho_complete_dataset_20250902_215240.json
MEESHO_1000516,Indya Casual Dress - Sunglasses,Accessories,Sunglasses,Indya,962,510,47,3.3,3072,Limited Stock,Seller_153,https://images.meesho.com/images/products/1000516/1_512.jpg,https://www.meesho.com/product/1000516,High quality casual dress from Indya. Perfect for daily wear.,5,"S,M,L,XL",Silk,True,7 days,5 days,2025-08-17T21:52:40.183549,category/accessories,meesho_complete_dataset_20250902_215240.json
MEESHO_1000517,Sangria Face Cream - Automotive,Automotive,Automotive,Sangria,2196,1581,28,3.5,3818,In Stock,Seller_68,https://images.meesho.com/images/products/1000517/1_512.jpg,https://www.meesho.com/product/1000517,High quality face cream from Sangria. Perfect for daily wear.,5,"28,30,32,34",Silk,False,15 days,9 days,2025-08-17T21:52:40.183555,category/automotive,meesho_complete_dataset_20250902_215240.json
MEESHO_1000518,Sangria Formal Shirt - Automotive,Automotive,Automotive,Sangria,1471,1000,32,3.8,3063,Out of Stock,Seller_456,https://images.meesho.com/images/products/1000518/1_512.jpg,https://www.meesho.com/product/1000518,High quality formal shirt from Sangria. Perfect for daily wear.,4,"28,30,32,34",Polyester,True,7 days,4 days,2025-08-28T21:52:40.183561,category/automotive,meesho_complete_dataset_20250902_215240.json
MEESHO_1000519,Manthan Running Shoes - Sports & Fitness,Sports & Fitness,Sports & Fitness,Manthan,910,482,47,4.0,2901,In Stock,Seller_353,https://images.meesho.com/images/products/1000519/1_512.jpg,https://www.meesho.com/product/1000519,High quality running shoes from Manthan. Perfect for daily wear.,8,"28,30,32,34",Rayon,False,No return,4 days,2025-08-24T21:52:40.183567,category/sports-&-fitness,meesho_complete_dataset_20250902_215240.json
MEESHO_1000520,Vishudh Kitchen Set - Boys Clothing,Kids Clothing,Boys Clothing,Vishudh,603,404,33,4.1,4168,In Stock,Seller_980,https://images.meesho.com/images/products/1000520/1_512.jpg,https://www.meesho.com/product/1000520,High quality kitchen set from Vishudh. Perfect for daily wear.,8,Free Size,Cotton,False,7 days,5 days,2025-08-04T21:52:40.183573,category/kids-clothing,meesho_complete_dataset_20250902_215240.json
MEESHO_1000521,Janasya Kitchen Set - Sports & Fitness,Sports & Fitness,Sports & Fitness,Janasya,376,218,42,4.1,899,Out of Stock,Seller_334,https://images.meesho.com/images/products/1000521/1_512.jpg,https://www.meesho.com/product/1000521,High quality kitchen set from Janasya. Perfect for daily wear.,3,"S,M,L,XL",Cotton,False,No return,5 days,2025-08-14T21:52:40.183579,category/sports-&-fitness,meesho_complete_dataset_20250902_215240.json
MEESHO_1000522,Janasya Bedsheet Set - Sports & Fitness,Sports & Fitness,Sports & Fitness,Janasya,1955,606,69,3.9,4956,In Stock,Seller_513,https://images.meesho.com/images/products/1000522/1_512.jpg,https://www.meesho.com/product/1000522,High quality bedsheet set from Janasya. Perfect for daily wear.,1,"S,M,L,XL",Cotton,False,15 days,8 days,2025-08-03T21:52:40.183585,category/sports-&-fitness,meesho_complete_dataset_20250902_215240.json
MEESHO_1000523,Varanga Bedsheet Set - Books,Books,Books,Varanga,2066,1839,11,3.8,1832,Limited Stock,Seller_523,https://images.meesho.com/images/products/1000523/1_512.jpg,https://www.meesho.com/product/1000523,High quality bedsheet set from Varanga. Perfect for daily wear.,2,One Size,Silk,True,No return,7 days,2025-08-24T21:52:40.183591,category/books,meesho_complete_dataset_20250902_215240.json
MEESHO_1000524,SASSAFRAS Face Cream - Hair Accessories,Accessories,Hair Accessories,SASSAFRAS,2841,966,66,3.8,1756,Out of Stock,Seller_553,https://images.meesho.com/images/products/1000524/1_512.jpg,https://www.meesho.com/product/1000524,High quality face cream from SASSAFRAS. Perfect for daily wear.,8,One Size,Cotton Blend,False,15 days,10 days,2025-08-17T21:52:40.183597,category/accessories,meesho_complete_dataset_20250902_215240.json
MEESHO_1000525,Libas Handbag - Health Supplements,Beauty & Health,Health Supplements,Libas,938,741,21,4.2,3483,Limited Stock,Seller_335,https://images.meesho.com/images/products/1000525/1_512.jpg,https://www.meesho.com/product/1000525,High quality handbag from Libas. Perfect for daily wear.,2,One Size,Cotton Blend,False,No return,10 days,2025-08-12T21:52:40.183603,category/beauty-&-health,meesho_complete_dataset_20250902_215240.json
MEESHO_1000526,HERE&NOW Kitchen Set - Gadgets,Electronics,Gadgets,HERE&NOW,321,157,51,3.2,3787,In Stock,Seller_519,https://images.meesho.com/images/products/1000526/1_512.jpg,https://www.meesho.com/product/1000526,High quality kitchen set from HERE&NOW. Perfect for daily wear.,8,One Size,Cotton Blend,True,7 days,6 days,2025-08-08T21:52:40.183608,category/electronics,meesho_complete_dataset_20250902_215240.json
MEESHO_1000527,Sangria Mobile Cover - Shoes,Bags & Footwear,Shoes,Sangria,2530,1771,30,3.1,4144,In Stock,Seller_380,https://images.meesho.com/images/products/1000527/1_512.jpg,https://www.meesho.com/product/1000527,High quality mobile cover from Sangria. Perfect for daily wear.,8,"S,M,L,XL",Cotton,True,15 days,4 days,2025-08-03T21:52:40.183615,category/bags-&-footwear,meesho_complete_dataset_20250902_215240.json
MEESHO_1000528,Mast & Harbour Running Shoes - School Uniforms,Kids Clothing,School Uniforms,Mast & Harbour,665,559,16,3.1,3096,In Stock,Seller_676,https://images.meesho.com/images/products/1000528/1_512.jpg,https://www.meesho.com/product/1000528,High quality running shoes from Mast & Harbour. Perfect for daily wear.,1,Free Size,Cotton Blend,True,7 days,4 days,2025-08-05T21:52:40.183621,category/kids-clothing,meesho_complete_dataset_20250902_215240.json
MEESHO_1000529,Soch Denim Jeans - Mobile Accessories,Electronics,Mobile Accessories,Soch,745,372,50,3.2,3091,In Stock,Seller_199,https://images.meesho.com/images/products/1000529/1_512.jpg,https://www.meesho.com/product/1000529,High quality denim jeans from Soch. Perfect for daily wear.,4,"28,30,32,34",Rayon,False,7 days,5 days,2025-08-05T21:52:40.183627,category/electronics,meesho_complete_dataset_20250902_215240.json
MEESHO_1000530,Sangria Wall Clock - Shirts,Men Clothing,Shirts,Sangria,2300,1173,49,3.4,410,Out of Stock,Seller_61,https://images.meesho.com/images/products/1000530/1_512.jpg,https://www.meesho.com/product/1000530,High quality wall clock from Sangria. Perfect for daily wear.,5,One Size,Rayon,False,15 days,3 days,2025-08-31T21:52:40.183633,category/men-clothing,meesho_complete_dataset_20250902_215240.json
MEESHO_1000531,Anouk Ethnic Suit - Wallets,Bags & Footwear,Wallets,Anouk,1136,625,45,4.0,680,In Stock,Seller_600,https://images.meesho.com/images/products/1000531/1_512.jpg,https://www.meesho.com/product/1000531,High quality ethnic suit from Anouk. Perfect for daily wear.,4,Free Size,Cotton,False,7 days,3 days,2025-08-14T21:52:40.183639,category/bags-&-footwear,meesho_complete_dataset_20250902_215240.json
MEESHO_1000532,Sangria Face Cream - Wallets,Bags & Footwear,Wallets,Sangria,1822,1421,22,4.8,3715,In Stock,Seller_18,https://images.meesho.com/images/products/1000532/1_512.jpg,https://www.meesho.com/product/1000532,High quality face cream from Sangria. Perfect for daily wear.,5,Free Size,Cotton Blend,False,7 days,8 days,2025-08-31T21:52:40.183645,category/bags-&-footwear,meesho_complete_dataset_20250902_215240.json
MEESHO_1000533,GoSriKi Kitchen Set - Health Supplements,Beauty & Health,Health Supplements,GoSriKi,2136,1431,33,3.9,4518,In Stock,Seller_933,https://images.meesho.com/images/products/1000533/1_512.jpg,https://www.meesho.com/product/1000533,High quality kitchen set from GoSriKi. Perfect for daily wear.,3,"28,30,32,34",Polyester,True,No return,9 days,2025-09-01T21:52:40.183651,category/beauty-&-health,meesho_complete_dataset_20250902_215240.json
MEESHO_1000534,Global Desi Printed Saree - Bedding,Home & Kitchen,Bedding,Global Desi,1005,794,21,3.3,3972,In Stock,Seller_385,https://images.meesho.com/images/products/1000534/1_512.jpg,https://www.meesho.com/product/1000534,High quality printed saree from Global Desi. Perfect for daily wear.,5,"S,M,L,XL",Cotton,False,No return,4 days,2025-08-18T21:52:40.183657,category/home-&-kitchen,meesho_complete_dataset_20250902_215240.json
MEESHO_1000535,HERE&NOW Denim Jeans - Mobile Accessories,Electronics,Mobile Accessories,HERE&NOW,214,81,62,3.9,50,Out of Stock,Seller_63,https://images.meesho.com/images/products/1000535/1_512.jpg,https://www.meesho.com/product/1000535,High quality denim jeans from HERE&NOW. Perfect for daily wear.,1,One Size,Cotton Blend,True,7 days,10 days,2025-08-29T21:52:40.183664,category/electronics,meesho_complete_dataset_20250902_215240.json
MEESHO_1000536,Varanga Ethnic Suit - Cleaning,Home & Kitchen,Cleaning,Varanga,700,546,22,3.5,2391,In Stock,Seller_61,https://images.meesho.com/images/products/1000536/1_512.jpg,https://www.meesho.com/product/1000536,High quality ethnic suit from Varanga. Perfect for daily wear.,5,"28,30,32,34",Rayon,False,15 days,5 days,2025-08-23T21:52:40.183670,category/home-&-kitchen,meesho_complete_dataset_20250902_215240.json
MEESHO_1000537,Indya Printed Saree - Boys Clothing,Kids Clothing,Boys Clothing,Indya,865,701,19,3.2,2817,Limited Stock,Seller_785,https://images.meesho.com/images/products/1000537/1_512.jpg,https://www.meesho.com/product/1000537,High quality printed saree from Indya. Perfect for daily wear.,4,"S,M,L,XL",Cotton,False,7 days,8 days,2025-08-11T21:52:40.183676,category/kids-clothing,meesho_complete_dataset_20250902_215240.json
MEESHO_1000538,Global Desi Printed Saree - Personal Care,Beauty & Health,Personal Care,Global Desi,2562,1717,33,3.7,3848,In Stock,Seller_709,https://images.meesho.com/images/products/1000538/1_512.jpg,https://www.meesho.com/product/1000538,High quality printed saree from Global Desi. Perfect for daily wear.,5,One Size,Cotton Blend,False,No return,7 days,2025-08-19T21:52:40.183682,category/beauty-&-health,meesho_complete_dataset_20250902_215240.json
MEESHO_1000539,GoSriKi Kids T-Shirt - Toys & Games,Toys & Games,Toys & Games,GoSriKi,255,217,15,4.4,3100,In Stock,Seller_22,https://images.meesho.com/images/products/1000539/1_512.jpg,https://www.meesho.com/product/1000539,High quality kids t-shirt from GoSriKi. Perfect for daily wear.,8,Free Size,Cotton,True,15 days,9 days,2025-08-13T21:52:40.183688,category/toys-&-games,meesho_complete_dataset_20250902_215240.json
MEESHO_1000540,MIMOSA Printed Saree - Bedding,Home & Kitchen,Bedding,MIMOSA,1105,541,51,4.0,1073,In Stock,Seller_506,https://images.meesho.com/images/products/1000540/1_512.jpg,https://www.meesho.com/product/1000540,High quality printed saree from MIMOSA. Perfect for daily wear.,3,"S,M,L,XL",Cotton,False,15 days,10 days,2025-08-08T21:52:40.183694,category/home-&-kitchen,meesho_complete_dataset_20250902_215240.json
MEESHO_1000541,Aks Formal Shirt - Kitchen Appliances,Home & Kitchen,Kitchen Appliances,Aks,1969,1359,31,4.2,2717,Limited Stock,Seller_104,https://images.meesho.com/images/products/1000541/1_512.jpg,https://www.meesho.com/product/1000541,High quality formal shirt from Aks. Perfect for daily wear.,6,One Size,Silk,False,7 days,8 days,2025-08-20T21:52:40.183700,category/home-&-kitchen,meesho_complete_dataset_20250902_215240.json
MEESHO_1000542,HERE&NOW Handbag - Baby Clothing,Kids Clothing,Baby Clothing,HERE&NOW,633,500,21,4.8,4584,Out of Stock,Seller_543,https://images.meesho.com/images/products/1000542/1_512.jpg,https://www.meesho.com/product/1000542,High quality handbag from HERE&NOW. Perfect for daily wear.,5,"28,30,32,34",Polyester,True,7 days,3 days,2025-08-25T21:52:40.183706,category/kids-clothing,meesho_complete_dataset_20250902_215240.json
MEESHO_1000543,DressBerry Kitchen Set - Boys Clothing,Kids Clothing,Boys Clothing,DressBerry,1358,598,56,3.6,1177,Out of Stock,Seller_903,https://images.meesho.com/images/products/1000543/1_512.jpg,https://www.meesho.com/product/1000543,High quality kitchen set from DressBerry. Perfect for daily wear.,1,One Size,Cotton Blend,True,No return,5 days,2025-08-19T21:52:40.183712,category/kids-clothing,meesho_complete_dataset_20250902_215240.json
MEESHO_1000544,Libas Ethnic Suit - Shoes,Bags & Footwear,Shoes,Libas,2606,1694,35,3.4,2322,Limited Stock,Seller_635,https://images.meesho.com/images/products/1000544/1_512.jpg,https://www.meesho.com/product/1000544,High quality ethnic suit from Libas. Perfect for daily wear.,4,Free Size,Rayon,False,No return,9 days,2025-08-28T21:52:40.183717,category/bags-&-footwear,meesho_complete_dataset_20250902_215240.json
MEESHO_1000545,HERE&NOW Casual Dress - Watches,Accessories,Watches,HERE&NOW,195,146,25,3.4,666,Limited Stock,Seller_10,https://images.meesho.com/images/products/1000545/1_512.jpg,https://www.meesho.com/product/1000545,High quality casual dress from HERE&NOW. Perfect for daily wear.,7,"S,M,L,XL",Cotton,True,7 days,9 days,2025-09-01T21:52:40.183723,category/accessories,meesho_complete_dataset_20250902_215240.json
MEESHO_1000546,Global Desi Casual Dress - Dresses,Women Clothing,Dresses,Global Desi,1775,710,60,3.4,3960,In Stock,Seller_992,https://images.meesho.com/images/products/1000546/1_512.jpg,https://www.meesho.com/product/1000546,High quality casual dress from Global Desi. Perfect for daily wear.,3,One Size,Cotton Blend,True,7 days,7 days,2025-08-06T21:52:40.183729,category/women-clothing,meesho_complete_dataset_20250902_215240.json
MEESHO_1000547,Vishudh Mobile Cover - Gadgets,Electronics,Gadgets,Vishudh,219,162,26,3.4,2509,Limited Stock,Seller_228,https://images.meesho.com/images/products/1000547/1_512.jpg,https://www.meesho.com/product/1000547,High quality mobile cover from Vishudh. Perfect for daily wear.,2,"28,30,32,34",Cotton,False,No return,4 days,2025-08-19T21:52:40.183735,category/electronics,meesho_complete_dataset_20250902_215240.json
MEESHO_1000548,Sangria Denim Jeans - Tops,Women Clothing,Tops,Sangria,690,607,12,3.1,2958,Out of Stock,Seller_396,https://images.meesho.com/images/products/1000548/1_512.jpg,https://www.meesho.com/product/1000548,High quality denim jeans from Sangria. Perfect for daily wear.,5,One Size,Cotton Blend,False,15 days,4 days,2025-08-27T21:52:40.183741,category/women-clothing,meesho_complete_dataset_20250902_215240.json
MEESHO_1000549,Anouk Printed Saree - Skincare,Beauty & Health,Skincare,Anouk,1231,886,28,4.7,888,Out of Stock,Seller_233,https://images.meesho.com/images/products/1000549/1_512.jpg,https://www.meesho.com/product/1000549,High quality printed saree from Anouk. Perfect for daily wear.,4,"S,M,L,XL",Cotton Blend,True,No return,7 days,2025-08-08T21:52:40.183747,category/beauty-&-health,meesho_complete_dataset_20250902_215240.json
MEESHO_1000550,Roadster Hair Oil - Kitchen Appliances,Home & Kitchen,Kitchen Appliances,Roadster,1396,768,45,4.5,1907,In Stock,Seller_885,https://images.meesho.com/images/products/1000550/1_512.jpg,https://www.meesho.com/product/1000550,High quality hair oil from Roadster. Perfect for daily wear.,8,One Size,Rayon,False,15 days,5 days,2025-08-27T21:52:40.183753,category/home-&-kitchen,meesho_complete_dataset_20250902_215240.json
MEESHO_1000551,Sangria Jewelry Set - Toys & Games,Toys & Games,Toys & Games,Sangria,980,480,51,3.6,3436,In Stock,Seller_784,https://images.meesho.com/images/products/1000551/1_512.jpg,https://www.meesho.com/product/1000551,High quality jewelry set from Sangria. Perfect for daily wear.,7,"S,M,L,XL",Rayon,False,No return,9 days,2025-08-11T21:52:40.183759,category/toys-&-games,meesho_complete_dataset_20250902_215240.json
MEESHO_1000552,GoSriKi Denim Jeans - Casual Wear,Men Clothing,Casual Wear,GoSriKi,2138,1561,27,4.1,4938,Limited Stock,Seller_122,https://images.meesho.com/images/products/1000552/1_512.jpg,https://www.meesho.com/product/1000552,High quality denim jeans from GoSriKi. Perfect for daily wear.,5,"28,30,32,34",Rayon,False,No return,9 days,2025-08-15T21:52:40.183766,category/men-clothing,meesho_complete_dataset_20250902_215240.json
MEESHO_1000553,Vishudh Cotton Kurti - School Uniforms,Kids Clothing,School Uniforms,Vishudh,2568,2157,16,4.4,277,Limited Stock,Seller_411,https://images.meesho.com/images/products/1000553/1_512.jpg,https://www.meesho.com/product/1000553,High quality cotton kurti from Vishudh. Perfect for daily wear.,6,One Size,Silk,False,7 days,9 days,2025-08-10T21:52:40.183772,category/kids-clothing,meesho_complete_dataset_20250902_215240.json
MEESHO_1000554,Global Desi Denim Jeans - Headphones,Electronics,Headphones,Global Desi,2348,1221,48,4.5,4651,In Stock,Seller_901,https://images.meesho.com/images/products/1000554/1_512.jpg,https://www.meesho.com/product/1000554,High quality denim jeans from Global Desi. Perfect for daily wear.,1,"S,M,L,XL",Rayon,False,7 days,4 days,2025-08-22T21:52:40.183778,category/electronics,meesho_complete_dataset_20250902_215240.json
MEESHO_1000555,Soch Wall Clock - Health Supplements,Beauty & Health,Health Supplements,Soch,1551,869,44,4.7,2946,In Stock,Seller_872,https://images.meesho.com/images/products/1000555/1_512.jpg,https://www.meesho.com/product/1000555,High quality wall clock from Soch. Perfect for daily wear.,3,One Size,Cotton Blend,True,7 days,8 days,2025-08-20T21:52:40.183784,category/beauty-&-health,meesho_complete_dataset_20250902_215240.json
MEESHO_1000556,SASSAFRAS Hair Oil - Sunglasses,Accessories,Sunglasses,SASSAFRAS,1933,1662,14,3.0,4058,Limited Stock,Seller_802,https://images.meesho.com/images/products/1000556/1_512.jpg,https://www.meesho.com/product/1000556,High quality hair oil from SASSAFRAS. Perfect for daily wear.,4,"28,30,32,34",Cotton,True,15 days,5 days,2025-08-05T21:52:40.183792,category/accessories,meesho_complete_dataset_20250902_215240.json
MEESHO_1000557,Manthan Casual Dress - Casual Wear,Men Clothing,Casual Wear,Manthan,2193,702,68,4.2,2962,Out of Stock,Seller_107,https://images.meesho.com/images/products/1000557/1_512.jpg,https://www.meesho.com/product/1000557,High quality casual dress from Manthan. Perfect for daily wear.,3,Free Size,Cotton,True,7 days,9 days,2025-08-09T21:52:40.183798,category/men-clothing,meesho_complete_dataset_20250902_215240.json
MEESHO_1000558,Roadster Handbag - Sports & Fitness,Sports & Fitness,Sports & Fitness,Roadster,1486,1144,23,4.5,4987,Out of Stock,Seller_992,https://images.meesho.com/images/products/1000558/1_512.jpg,https://www.meesho.com/product/1000558,High quality handbag from Roadster. Perfect for daily wear.,6,Free Size,Rayon,False,7 days,6 days,2025-08-27T21:52:40.183804,category/sports-&-fitness,meesho_complete_dataset_20250902_215240.json
MEESHO_1000559,Vishudh Jewelry Set - Books,Books,Books,Vishudh,1566,1284,18,3.9,2377,In Stock,Seller_8,https://images.meesho.com/images/products/1000559/1_512.jpg,https://www.meesho.com/product/1000559,High quality jewelry set from Vishudh. Perfect for daily wear.,8,"28,30,32,34",Rayon,False,No return,8 days,2025-09-01T21:52:40.183810,category/books,meesho_complete_dataset_20250902_215240.json
MEESHO_1000560,Vishudh Denim Jeans - Books,Books,Books,Vishudh,2313,1503,35,3.9,3701,In Stock,Seller_347,https://images.meesho.com/images/products/1000560/1_512.jpg,https://www.meesho.com/product/1000560,High quality denim jeans from Vishudh. Perfect for daily wear.,5,"28,30,32,34",Cotton Blend,False,7 days,3 days,2025-08-17T21:52:40.183816,category/books,meesho_complete_dataset_20250902_215240.json
MEESHO_1000561,Anouk Kids T-Shirt - Toys & Games,Toys & Games,Toys & Games,Anouk,2513,1407,44,4.1,366,Out of Stock,Seller_356,https://images.meesho.com/images/products/1000561/1_512.jpg,https://www.meesho.com/product/1000561,High quality kids t-shirt from Anouk. Perfect for daily wear.,6,Free Size,Silk,True,15 days,10 days,2025-08-03T21:52:40.183822,category/toys-&-games,meesho_complete_dataset_20250902_215240.json
MEESHO_1000562,GoSriKi Formal Shirt - Casual Wear,Men Clothing,Casual Wear,GoSriKi,885,549,38,3.3,4137,Limited Stock,Seller_649,https://images.meesho.com/images/products/1000562/1_512.jpg,https://www.meesho.com/product/1000562,High quality formal shirt from GoSriKi. Perfect for daily wear.,6,"S,M,L,XL",Silk,True,15 days,8 days,2025-08-17T21:52:40.183828,category/men-clothing,meesho_complete_dataset_20250902_215240.json
MEESHO_1000563,SASSAFRAS Formal Shirt - Automotive,Automotive,Automotive,SASSAFRAS,1365,642,53,4.8,2001,Out of Stock,Seller_971,https://images.meesho.com/images/products/1000563/1_512.jpg,https://www.meesho.com/product/1000563,High quality formal shirt from SASSAFRAS. Perfect for daily wear.,4,"S,M,L,XL",Silk,False,7 days,6 days,2025-08-13T21:52:40.183834,category/automotive,meesho_complete_dataset_20250902_215240.json
MEESHO_1000564,GoSriKi Formal Shirt - Girls Clothing,Kids Clothing,Girls Clothing,GoSriKi,2080,1456,30,4.4,1321,In Stock,Seller_165,https://images.meesho.com/images/products/1000564/1_512.jpg,https://www.meesho.com/product/1000564,High quality formal shirt from GoSriKi. Perfect for daily wear.,5,One Size,Polyester,False,7 days,3 days,2025-09-02T21:52:40.183840,category/kids-clothing,meesho_complete_dataset_20250902_215240.json
MEESHO_1000565,Janasya Hair Oil - Automotive,Automotive,Automotive,Janasya,2526,1541,39,4.0,806,In Stock,Seller_589,https://images.meesho.com/images/products/1000565/1_512.jpg,https://www.meesho.com/product/1000565,High quality hair oil from Janasya. Perfect for daily wear.,4,"28,30,32,34",Polyester,False,No return,4 days,2025-08-10T21:52:40.183845,category/automotive,meesho_complete_dataset_20250902_215240.json
MEESHO_1000566,Vishudh Jewelry Set - Hair Accessories,Accessories,Hair Accessories,Vishudh,2491,2068,17,4.7,4998,Out of Stock,Seller_499,https://images.meesho.com/images/products/1000566/1_512.jpg,https://www.meesho.com/product/1000566,High quality jewelry set from Vishudh. Perfect for daily wear.,4,One Size,Rayon,False,No return,4 days,2025-08-20T21:52:40.183851,category/accessories,meesho_complete_dataset_20250902_215240.json
MEESHO_1000567,Indya Mobile Cover - Headphones,Electronics,Headphones,Indya,2445,1980,19,3.8,174,Limited Stock,Seller_728,https://images.meesho.com/images/products/1000567/1_512.jpg,https://www.meesho.com/product/1000567,High quality mobile cover from Indya. Perfect for daily wear.,4,Free Size,Silk,True,No return,8 days,2025-08-23T21:52:40.183857,category/electronics,meesho_complete_dataset_20250902_215240.json
MEESHO_1000568,Varanga Bedsheet Set - T-Shirts,Men Clothing,T-Shirts,Varanga,2921,1139,61,3.4,4654,Out of Stock,Seller_562,https://images.meesho.com/images/products/1000568/1_512.jpg,https://www.meesho.com/product/1000568,High quality bedsheet set from Varanga. Perfect for daily wear.,3,"28,30,32,34",Cotton,False,7 days,6 days,2025-08-24T21:52:40.183863,category/men-clothing,meesho_complete_dataset_20250902_215240.json
MEESHO_1000569,SASSAFRAS Casual Dress - Sarees,Women Clothing,Sarees,SASSAFRAS,1989,1631,18,4.0,1106,In Stock,Seller_157,https://images.meesho.com/images/products/1000569/1_512.jpg,https://www.meesho.com/product/1000569,High quality casual dress from SASSAFRAS. Perfect for daily wear.,2,"28,30,32,34",Rayon,False,No return,10 days,2025-08-15T21:52:40.183869,category/women-clothing,meesho_complete_dataset_20250902_215240.json
MEESHO_1000570,HERE&NOW Hair Oil - Cleaning,Home & Kitchen,Cleaning,HERE&NOW,756,567,25,3.1,4270,Out of Stock,Seller_422,https://images.meesho.com/images/products/1000570/1_512.jpg,https://www.meesho.com/product/1000570,High quality hair oil from HERE&NOW. Perfect for daily wear.,3,One Size,Rayon,False,7 days,7 days,2025-08-21T21:52:40.183876,category/home-&-kitchen,meesho_complete_dataset_20250902_215240.json
MEESHO_1000571,Libas Handbag - Hair Care,Beauty & Health,Hair Care,Libas,2080,1352,35,3.5,2523,Limited Stock,Seller_113,https://images.meesho.com/images/products/1000571/1_512.jpg,https://www.meesho.com/product/1000571,High quality handbag from Libas. Perfect for daily wear.,7,One Size,Rayon,False,7 days,10 days,2025-08-06T21:52:40.183882,category/beauty-&-health,meesho_complete_dataset_20250902_215240.json
MEESHO_1000572,Janasya Printed Saree - Kitchen Appliances,Home & Kitchen,Kitchen Appliances,Janasya,2390,2032,15,3.1,3283,In Stock,Seller_820,https://images.meesho.com/images/products/1000572/1_512.jpg,https://www.meesho.com/product/1000572,High quality printed saree from Janasya. Perfect for daily wear.,7,"S,M,L,XL",Cotton,False,No return,10 days,2025-08-22T21:52:40.183888,category/home-&-kitchen,meesho_complete_dataset_20250902_215240.json
MEESHO_1000573,Mast & Harbour Denim Jeans - Sports & Fitness,Sports & Fitness,Sports & Fitness,Mast & Harbour,749,584,22,4.5,1025,In Stock,Seller_738,https://images.meesho.com/images/products/1000573/1_512.jpg,https://www.meesho.com/product/1000573,High quality denim jeans from Mast & Harbour. Perfect for daily wear.,3,"S,M,L,XL",Cotton,True,No return,9 days,2025-09-01T21:52:40.183894,category/sports-&-fitness,meesho_complete_dataset_20250902_215240.json
MEESHO_1000574,HERE&NOW Jewelry Set - Makeup,Beauty & Health,Makeup,HERE&NOW,1733,1560,10,3.2,997,Limited Stock,Seller_304,https://images.meesho.com/images/products/1000574/1_512.jpg,https://www.meesho.com/product/1000574,High quality jewelry set from HERE&NOW. Perfect for daily wear.,4,Free Size,Rayon,True,No return,3 days,2025-08-21T21:52:40.183900,category/beauty-&-health,meesho_complete_dataset_20250902_215240.json
MEESHO_1000575,GoSriKi Hair Oil - Sandals,Bags & Footwear,Sandals,GoSriKi,1326,994,25,3.9,4238,In Stock,Seller_166,https://images.meesho.com/images/products/1000575/1_512.jpg,https://www.meesho.com/product/1000575,High quality hair oil from GoSriKi. Perfect for daily wear.,5,"S,M,L,XL",Silk,False,15 days,4 days,2025-08-31T21:52:40.183906,category/bags-&-footwear,meesho_complete_dataset_20250902_215240.json
MEESHO_1000576,Indya Handbag - Girls Clothing,Kids Clothing,Girls Clothing,Indya,1080,907,16,3.8,4741,In Stock,Seller_47,https://images.meesho.com/images/products/1000576/1_512.jpg,https://www.meesho.com/product/1000576,High quality handbag from Indya. Perfect for daily wear.,2,"S,M,L,XL",Cotton,True,15 days,10 days,2025-08-30T21:52:40.183912,category/kids-clothing,meesho_complete_dataset_20250902_215240.json
MEESHO_1000577,Mast & Harbour Running Shoes - Jewelry,Accessories,Jewelry,Mast & Harbour,1187,736,38,3.0,524,In Stock,Seller_33,https://images.meesho.com/images/products/1000577/1_512.jpg,https://www.meesho.com/product/1000577,High quality running shoes from Mast & Harbour. Perfect for daily wear.,7,"S,M,L,XL",Cotton,True,No return,10 days,2025-08-27T21:52:40.183919,category/accessories,meesho_complete_dataset_20250902_215240.json
MEESHO_1000578,Indya Ethnic Suit - Backpacks,Bags & Footwear,Backpacks,Indya,2149,688,68,4.7,1293,In Stock,Seller_334,https://images.meesho.com/images/products/1000578/1_512.jpg,https://www.meesho.com/product/1000578,High quality ethnic suit from Indya. Perfect for daily wear.,5,"S,M,L,XL",Cotton Blend,False,15 days,7 days,2025-08-16T21:52:40.183926,category/bags-&-footwear,meesho_complete_dataset_20250902_215240.json
MEESHO_1000579,Mast & Harbour Kids T-Shirt - Watches,Accessories,Watches,Mast & Harbour,1002,621,38,4.3,4203,In Stock,Seller_880,https://images.meesho.com/images/products/1000579/1_512.jpg,https://www.meesho.com/product/1000579,High quality kids t-shirt from Mast & Harbour. Perfect for daily wear.,5,"28,30,32,34",Cotton Blend,True,7 days,7 days,2025-08-14T21:52:40.183932,category/accessories,meesho_complete_dataset_20250902_215240.json
MEESHO_1000580,Global Desi Hair Oil - Sports & Fitness,Sports & Fitness,Sports & Fitness,Global Desi,1356,841,38,3.4,2543,Limited Stock,Seller_950,https://images.meesho.com/images/products/1000580/1_512.jpg,https://www.meesho.com/product/1000580,High quality hair oil from Global Desi. Perfect for daily wear.,8,Free Size,Polyester,False,No return,4 days,2025-08-11T21:52:40.183938,category/sports-&-fitness,meesho_complete_dataset_20250902_215240.json
MEESHO_1000581,Varanga Ethnic Suit - Home Decor,Home & Kitchen,Home Decor,Varanga,2457,811,67,3.6,4584,Limited Stock,Seller_249,https://images.meesho.com/images/products/1000581/1_512.jpg,https://www.meesho.com/product/1000581,High quality ethnic suit from Varanga. Perfect for daily wear.,2,One Size,Polyester,False,15 days,7 days,2025-08-05T21:52:40.183944,category/home-&-kitchen,meesho_complete_dataset_20250902_215240.json
MEESHO_1000582,Vishudh Handbag - Hair Care,Beauty & Health,Hair Care,Vishudh,2369,1990,16,4.2,4486,In Stock,Seller_52,https://images.meesho.com/images/products/1000582/1_512.jpg,https://www.meesho.com/product/1000582,High quality handbag from Vishudh. Perfect for daily wear.,6,"28,30,32,34",Cotton Blend,True,15 days,9 days,2025-08-28T21:52:40.183950,category/beauty-&-health,meesho_complete_dataset_20250902_215240.json
MEESHO_1000583,HERE&NOW Handbag - Sports & Fitness,Sports & Fitness,Sports & Fitness,HERE&NOW,1067,555,48,4.0,4792,Out of Stock,Seller_303,https://images.meesho.com/images/products/1000583/1_512.jpg,https://www.meesho.com/product/1000583,High quality handbag from HERE&NOW. Perfect for daily wear.,4,One Size,Cotton Blend,True,15 days,9 days,2025-08-09T21:52:40.183956,category/sports-&-fitness,meesho_complete_dataset_20250902_215240.json
MEESHO_1000584,Varanga Kids T-Shirt - Boys Clothing,Kids Clothing,Boys Clothing,Varanga,929,437,53,4.7,1769,Out of Stock,Seller_710,https://images.meesho.com/images/products/1000584/1_512.jpg,https://www.meesho.com/product/1000584,High quality kids t-shirt from Varanga. Perfect for daily wear.,2,Free Size,Rayon,False,15 days,10 days,2025-08-14T21:52:40.183962,category/kids-clothing,meesho_complete_dataset_20250902_215240.json
MEESHO_1000585,GoSriKi Printed Saree - School Uniforms,Kids Clothing,School Uniforms,GoSriKi,1387,1096,21,3.3,1894,In Stock,Seller_305,https://images.meesho.com/images/products/1000585/1_512.jpg,https://www.meesho.com/product/1000585,High quality printed saree from GoSriKi. Perfect for daily wear.,5,"S,M,L,XL",Rayon,False,7 days,6 days,2025-08-04T21:52:40.183968,category/kids-clothing,meesho_complete_dataset_20250902_215240.json
MEESHO_1000586,Mast & Harbour Casual Dress - Hair Accessories,Accessories,Hair Accessories,Mast & Harbour,733,645,12,4.1,3466,Limited Stock,Seller_541,https://images.meesho.com/images/products/1000586/1_512.jpg,https://www.meesho.com/product/1000586,High quality casual dress from Mast & Harbour. Perfect for daily wear.,8,Free Size,Cotton,True,7 days,10 days,2025-08-17T21:52:40.183974,category/accessories,meesho_complete_dataset_20250902_215240.json
MEESHO_1000587,SASSAFRAS Wall Clock - Backpacks,Bags & Footwear,Backpacks,SASSAFRAS,292,204,30,3.2,729,Limited Stock,Seller_461,https://images.meesho.com/images/products/1000587/1_512.jpg,https://www.meesho.com/product/1000587,High quality wall clock from SASSAFRAS. Perfect for daily wear.,7,"S,M,L,XL",Rayon,True,15 days,10 days,2025-08-06T21:52:40.183980,category/bags-&-footwear,meesho_complete_dataset_20250902_215240.json
MEESHO_1000588,DressBerry Hair Oil - Headphones,Electronics,Headphones,DressBerry,1946,1596,18,4.4,2975,Out of Stock,Seller_373,https://images.meesho.com/images/products/1000588/1_512.jpg,https://www.meesho.com/product/1000588,High quality hair oil from DressBerry. Perfect for daily wear.,5,One Size,Cotton Blend,True,No return,9 days,2025-08-29T21:52:40.183986,category/electronics,meesho_complete_dataset_20250902_215240.json
MEESHO_1000589,HERE&NOW Mobile Cover - Suits,Women Clothing,Suits,HERE&NOW,1100,781,29,4.8,476,Out of Stock,Seller_787,https://images.meesho.com/images/products/1000589/1_512.jpg,https://www.meesho.com/product/1000589,High quality mobile cover from HERE&NOW. Perfect for daily wear.,5,"28,30,32,34",Silk,True,7 days,6 days,2025-08-04T21:52:40.183992,category/women-clothing,meesho_complete_dataset_20250902_215240.json
MEESHO_1000590,Soch Kids T-Shirt - Chargers,Electronics,Chargers,Soch,723,513,29,3.4,1719,Limited Stock,Seller_54,https://images.meesho.com/images/products/1000590/1_512.jpg,https://www.meesho.com/product/1000590,High quality kids t-shirt from Soch. Perfect for daily wear.,5,One Size,Rayon,False,7 days,10 days,2025-08-07T21:52:40.183998,category/electronics,meesho_complete_dataset_20250902_215240.json
MEESHO_1000591,GoSriKi Handbag - Toys & Games,Toys & Games,Toys & Games,GoSriKi,910,419,54,3.9,1498,Limited Stock,Seller_804,https://images.meesho.com/images/products/1000591/1_512.jpg,https://www.meesho.com/product/1000591,High quality handbag from GoSriKi. Perfect for daily wear.,6,"S,M,L,XL",Polyester,False,7 days,7 days,2025-08-09T21:52:40.184004,category/toys-&-games,meesho_complete_dataset_20250902_215240.json
MEESHO_1000592,Sangria Kitchen Set - Chargers,Electronics,Chargers,Sangria,2173,1108,49,4.1,827,In Stock,Seller_294,https://images.meesho.com/images/products/1000592/1_512.jpg,https://www.meesho.com/product/1000592,High quality kitchen set from Sangria. Perfect for daily wear.,6,"S,M,L,XL",Polyester,True,No return,5 days,2025-08-24T21:52:40.184009,category/electronics,meesho_complete_dataset_20250902_215240.json
MEESHO_1000593,Global Desi Printed Saree - Automotive,Automotive,Automotive,Global Desi,937,618,34,4.6,4614,Out of Stock,Seller_637,https://images.meesho.com/images/products/1000593/1_512.jpg,https://www.meesho.com/product/1000593,High quality printed saree from Global Desi. Perfect for daily wear.,4,"28,30,32,34",Cotton Blend,True,No return,4 days,2025-08-11T21:52:40.184015,category/automotive,meesho_complete_dataset_20250902_215240.json
MEESHO_1000594,Mast & Harbour Mobile Cover - Sports & Fitness,Sports & Fitness,Sports & Fitness,Mast & Harbour,2324,1813,22,4.1,1094,Limited Stock,Seller_736,https://images.meesho.com/images/products/1000594/1_512.jpg,https://www.meesho.com/product/1000594,High quality mobile cover from Mast & Harbour. Perfect for daily wear.,5,"S,M,L,XL",Cotton,True,15 days,7 days,2025-08-18T21:52:40.184022,category/sports-&-fitness,meesho_complete_dataset_20250902_215240.json
MEESHO_1000595,Sangria Wall Clock - Chargers,Electronics,Chargers,Sangria,1596,926,42,3.9,714,Out of Stock,Seller_679,https://images.meesho.com/images/products/1000595/1_512.jpg,https://www.meesho.com/product/1000595,High quality wall clock from Sangria. Perfect for daily wear.,3,One Size,Rayon,True,7 days,9 days,2025-08-16T21:52:40.184028,category/electronics,meesho_complete_dataset_20250902_215240.json
MEESHO_1000596,Manthan Bedsheet Set - Tops,Women Clothing,Tops,Manthan,304,112,63,4.6,4148,In Stock,Seller_846,https://images.meesho.com/images/products/1000596/1_512.jpg,https://www.meesho.com/product/1000596,High quality bedsheet set from Manthan. Perfect for daily wear.,3,"S,M,L,XL",Cotton Blend,False,15 days,5 days,2025-08-12T21:52:40.184034,category/women-clothing,meesho_complete_dataset_20250902_215240.json
MEESHO_1000597,Varanga Handbag - Books,Books,Books,Varanga,2722,1633,40,4.1,2295,In Stock,Seller_87,https://images.meesho.com/images/products/1000597/1_512.jpg,https://www.meesho.com/product/1000597,High quality handbag from Varanga. Perfect for daily wear.,7,Free Size,Cotton,False,15 days,7 days,2025-08-26T21:52:40.184039,category/books,meesho_complete_dataset_20250902_215240.json
MEESHO_1000598,MIMOSA Handbag - Sports & Fitness,Sports & Fitness,Sports & Fitness,MIMOSA,2259,1514,33,3.4,679,Out of Stock,Seller_256,https://images.meesho.com/images/products/1000598/1_512.jpg,https://www.meesho.com/product/1000598,High quality handbag from MIMOSA. Perfect for daily wear.,7,"S,M,L,XL",Silk,True,15 days,7 days,2025-08-18T21:52:40.184045,category/sports-&-fitness,meesho_complete_dataset_20250902_215240.json
MEESHO_1000599,Roadster Running Shoes - Hair Accessories,Accessories,Hair Accessories,Roadster,1446,1041,28,3.0,1478,Out of Stock,Seller_363,https://images.meesho.com/images/products/1000599/1_512.jpg,https://www.meesho.com/product/1000599,High quality running shoes from Roadster. Perfect for daily wear.,5,"28,30,32,34",Polyester,False,No return,3 days,2025-08-22T21:52:40.184052,category/accessories,meesho_complete_dataset_20250902_215240.json
MEESHO_1000600,Global Desi Ethnic Suit - Jewelry,Accessories,Jewelry,Global Desi,1221,769,37,3.9,2924,Out of Stock,Seller_922,https://images.meesho.com/images/products/1000600/1_512.jpg,https://www.meesho.com/product/1000600,High quality ethnic suit from Global Desi. Perfect for daily wear.,2,One Size,Cotton Blend,True,7 days,7 days,2025-08-13T21:52:40.184058,category/accessories,meesho_complete_dataset_20250902_215240.json
MEESHO_1000601,MIMOSA Handbag - Automotive,Automotive,Automotive,MIMOSA,1123,853,24,3.9,3181,In Stock,Seller_99,https://images.meesho.com/images/products/1000601/1_512.jpg,https://www.meesho.com/product/1000601,High quality handbag from MIMOSA. Perfect for daily wear.,7,"S,M,L,XL",Polyester,True,15 days,10 days,2025-08-26T21:52:40.184064,category/automotive,meesho_complete_dataset_20250902_215240.json
MEESHO_1000602,SASSAFRAS Jewelry Set - Suits,Women Clothing,Suits,SASSAFRAS,534,411,23,3.7,2520,Limited Stock,Seller_752,https://images.meesho.com/images/products/1000602/1_512.jpg,https://www.meesho.com/product/1000602,High quality jewelry set from SASSAFRAS. Perfect for daily wear.,6,"S,M,L,XL",Cotton Blend,False,No return,8 days,2025-08-05T21:52:40.184070,category/women-clothing,meesho_complete_dataset_20250902_215240.json
MEESHO_1000603,Anouk Wall Clock - Skincare,Beauty & Health,Skincare,Anouk,1251,663,47,4.3,4514,In Stock,Seller_301,https://images.meesho.com/images/products/1000603/1_512.jpg,https://www.meesho.com/product/1000603,High quality wall clock from Anouk. Perfect for daily wear.,8,One Size,Silk,False,7 days,7 days,2025-08-31T21:52:40.184076,category/beauty-&-health,meesho_complete_dataset_20250902_215240.json
MEESHO_1000604,Indya Kids T-Shirt - Gadgets,Electronics,Gadgets,Indya,2297,1769,23,3.4,2258,Out of Stock,Seller_354,https://images.meesho.com/images/products/1000604/1_512.jpg,https://www.meesho.com/product/1000604,High quality kids t-shirt from Indya. Perfect for daily wear.,5,Free Size,Rayon,False,7 days,4 days,2025-08-28T21:52:40.184082,category/electronics,meesho_complete_dataset_20250902_215240.json
MEESHO_1000605,Mast & Harbour Mobile Cover - Kurtas,Women Clothing,Kurtas,Mast & Harbour,1411,875,38,3.8,4160,In Stock,Seller_653,https://images.meesho.com/images/products/1000605/1_512.jpg,https://www.meesho.com/product/1000605,High quality mobile cover from Mast & Harbour. Perfect for daily wear.,2,"28,30,32,34",Polyester,False,15 days,8 days,2025-08-25T21:52:40.184087,category/women-clothing,meesho_complete_dataset_20250902_215240.json
MEESHO_1000606,SASSAFRAS Printed Saree - Dresses,Women Clothing,Dresses,SASSAFRAS,1733,1005,42,4.5,1714,Limited Stock,Seller_591,https://images.meesho.com/images/products/1000606/1_512.jpg,https://www.meesho.com/product/1000606,High quality printed saree from SASSAFRAS. Perfect for daily wear.,6,Free Size,Cotton,True,No return,5 days,2025-08-06T21:52:40.184093,category/women-clothing,meesho_complete_dataset_20250902_215240.json
MEESHO_1000607,Sangria Kids T-Shirt - Automotive,Automotive,Automotive,Sangria,2236,738,67,3.3,287,In Stock,Seller_272,https://images.meesho.com/images/products/1000607/1_512.jpg,https://www.meesho.com/product/1000607,High quality kids t-shirt from Sangria. Perfect for daily wear.,4,One Size,Silk,True,7 days,10 days,2025-08-22T21:52:40.184099,category/automotive,meesho_complete_dataset_20250902_215240.json
MEESHO_1000608,Roadster Kids T-Shirt - Automotive,Automotive,Automotive,Roadster,1008,635,37,4.2,3676,In Stock,Seller_503,https://images.meesho.com/images/products/1000608/1_512.jpg,https://www.meesho.com/product/1000608,High quality kids t-shirt from Roadster. Perfect for daily wear.,4,"28,30,32,34",Silk,True,7 days,4 days,2025-08-28T21:52:40.184105,category/automotive,meesho_complete_dataset_20250902_215240.json
MEESHO_1000609,MIMOSA Bedsheet Set - Makeup,Beauty & Health,Makeup,MIMOSA,899,575,36,3.3,2550,Out of Stock,Seller_279,https://images.meesho.com/images/products/1000609/1_512.jpg,https://www.meesho.com/product/1000609,High quality bedsheet set from MIMOSA. Perfect for daily wear.,5,One Size,Cotton Blend,True,7 days,4 days,2025-08-26T21:52:40.184111,category/beauty-&-health,meesho_complete_dataset_20250902_215240.json
MEESHO_1000610,Janasya Denim Jeans - Wallets,Bags & Footwear,Wallets,Janasya,1050,819,22,3.0,2943,In Stock,Seller_635,https://images.meesho.com/images/products/1000610/1_512.jpg,https://www.meesho.com/product/1000610,High quality denim jeans from Janasya. Perfect for daily wear.,6,"S,M,L,XL",Rayon,False,7 days,6 days,2025-08-13T21:52:40.184116,category/bags-&-footwear,meesho_complete_dataset_20250902_215240.json
MEESHO_1000611,MIMOSA Bedsheet Set - Sports & Fitness,Sports & Fitness,Sports & Fitness,MIMOSA,1629,961,41,3.0,1369,Limited Stock,Seller_241,https://images.meesho.com/images/products/1000611/1_512.jpg,https://www.meesho.com/product/1000611,High quality bedsheet set from MIMOSA. Perfect for daily wear.,3,"S,M,L,XL",Cotton Blend,True,15 days,9 days,2025-08-14T21:52:40.184122,category/sports-&-fitness,meesho_complete_dataset_20250902_215240.json
MEESHO_1000612,Indya Cotton Kurti - Girls Clothing,Kids Clothing,Girls Clothing,Indya,1856,1355,27,3.1,1943,Limited Stock,Seller_630,https://images.meesho.com/images/products/1000612/1_512.jpg,https://www.meesho.com/product/1000612,High quality cotton kurti from Indya. Perfect for daily wear.,1,One Size,Silk,True,7 days,5 days,2025-08-26T21:52:40.184128,category/kids-clothing,meesho_complete_dataset_20250902_215240.json
MEESHO_1000613,Anouk Handbag - Books,Books,Books,Anouk,2850,1368,52,3.8,901,Limited Stock,Seller_578,https://images.meesho.com/images/products/1000613/1_512.jpg,https://www.meesho.com/product/1000613,High quality handbag from Anouk. Perfect for daily wear.,4,"28,30,32,34",Silk,True,15 days,3 days,2025-08-27T21:52:40.184134,category/books,meesho_complete_dataset_20250902_215240.json
MEESHO_1000614,Anouk Ethnic Suit - Kurtas,Men Clothing,Kurtas,Anouk,1013,800,21,3.4,4969,Out of Stock,Seller_148,https://images.meesho.com/images/products/1000614/1_512.jpg,https://www.meesho.com/product/1000614,High quality ethnic suit from Anouk. Perfect for daily wear.,1,"28,30,32,34",Silk,False,7 days,7 days,2025-08-20T21:52:40.184140,category/men-clothing,meesho_complete_dataset_20250902_215240.json
MEESHO_1000615,Manthan Kitchen Set - Sunglasses,Accessories,Sunglasses,Manthan,1122,830,26,3.6,2597,In Stock,Seller_77,https://images.meesho.com/images/products/1000615/1_512.jpg,https://www.meesho.com/product/1000615,High quality kitchen set from Manthan. Perfect for daily wear.,6,Free Size,Silk,True,No return,5 days,2025-08-11T21:52:40.184146,category/accessories,meesho_complete_dataset_20250902_215240.json
MEESHO_1000616,Roadster Kitchen Set - Books,Books,Books,Roadster,2790,1256,55,3.4,2020,Limited Stock,Seller_901,https://images.meesho.com/images/products/1000616/1_512.jpg,https://www.meesho.com/product/1000616,High quality kitchen set from Roadster. Perfect for daily wear.,5,"S,M,L,XL",Silk,True,7 days,4 days,2025-08-16T21:52:40.184151,category/books,meesho_complete_dataset_20250902_215240.json
MEESHO_1000617,Varanga Denim Jeans - Personal Care,Beauty & Health,Personal Care,Varanga,674,391,42,4.5,2050,Limited Stock,Seller_594,https://images.meesho.com/images/products/1000617/1_512.jpg,https://www.meesho.com/product/1000617,High quality denim jeans from Varanga. Perfect for daily wear.,1,"28,30,32,34",Polyester,True,No return,8 days,2025-08-29T21:52:40.184157,category/beauty-&-health,meesho_complete_dataset_20250902_215240.json
MEESHO_1000618,Sangria Kids T-Shirt - Kurtas,Women Clothing,Kurtas,Sangria,2824,1440,49,4.8,2007,Limited Stock,Seller_910,https://images.meesho.com/images/products/1000618/1_512.jpg,https://www.meesho.com/product/1000618,High quality kids t-shirt from Sangria. Perfect for daily wear.,3,One Size,Cotton,True,No return,8 days,2025-08-05T21:52:40.184163,category/women-clothing,meesho_complete_dataset_20250902_215240.json
MEESHO_1000619,Mast & Harbour Face Cream - Automotive,Automotive,Automotive,Mast & Harbour,813,577,29,4.8,3348,Limited Stock,Seller_761,https://images.meesho.com/images/products/1000619/1_512.jpg,https://www.meesho.com/product/1000619,High quality face cream from Mast & Harbour. Perfect for daily wear.,5,"S,M,L,XL",Polyester,True,7 days,9 days,2025-08-24T21:52:40.184169,category/automotive,meesho_complete_dataset_20250902_215240.json
MEESHO_1000620,GoSriKi Hair Oil - Automotive,Automotive,Automotive,GoSriKi,2899,1247,57,3.4,908,Out of Stock,Seller_660,https://images.meesho.com/images/products/1000620/1_512.jpg,https://www.meesho.com/product/1000620,High quality hair oil from GoSriKi. Perfect for daily wear.,2,"28,30,32,34",Rayon,False,7 days,8 days,2025-08-09T21:52:40.184178,category/automotive,meesho_complete_dataset_20250902_215240.json
MEESHO_1000621,GoSriKi Printed Saree - Sandals,Bags & Footwear,Sandals,GoSriKi,2454,1718,30,3.8,88,In Stock,Seller_805,https://images.meesho.com/images/products/1000621/1_512.jpg,https://www.meesho.com/product/1000621,High quality printed saree from GoSriKi. Perfect for daily wear.,7,"S,M,L,XL",Silk,False,No return,6 days,2025-08-14T21:52:40.184185,category/bags-&-footwear,meesho_complete_dataset_20250902_215240.json
MEESHO_1000622,Janasya Printed Saree - Books,Books,Books,Janasya,2874,948,67,4.0,1909,Limited Stock,Seller_356,https://images.meesho.com/images/products/1000622/1_512.jpg,https://www.meesho.com/product/1000622,High quality printed saree from Janasya. Perfect for daily wear.,1,One Size,Cotton Blend,False,7 days,3 days,2025-08-19T21:52:40.184190,category/books,meesho_complete_dataset_20250902_215240.json
MEESHO_1000623,Global Desi Face Cream - Automotive,Automotive,Automotive,Global Desi,476,328,31,3.8,1936,Limited Stock,Seller_795,https://images.meesho.com/images/products/1000623/1_512.jpg,https://www.meesho.com/product/1000623,High quality face cream from Global Desi. Perfect for daily wear.,7,Free Size,Cotton Blend,True,15 days,8 days,2025-08-20T21:52:40.184196,category/automotive,meesho_complete_dataset_20250902_215240.json
MEESHO_1000624,GoSriKi Kitchen Set - Sports & Fitness,Sports & Fitness,Sports & Fitness,GoSriKi,1807,1193,34,3.2,2590,Limited Stock,Seller_261,https://images.meesho.com/images/products/1000624/1_512.jpg,https://www.meesho.com/product/1000624,High quality kitchen set from GoSriKi. Perfect for daily wear.,1,"S,M,L,XL",Cotton,False,No return,9 days,2025-08-23T21:52:40.184202,category/sports-&-fitness,meesho_complete_dataset_20250902_215240.json
MEESHO_1000625,Varanga Wall Clock - Jewelry,Accessories,Jewelry,Varanga,2383,1501,37,4.7,2735,Out of Stock,Seller_765,https://images.meesho.com/images/products/1000625/1_512.jpg,https://www.meesho.com/product/1000625,High quality wall clock from Varanga. Perfect for daily wear.,6,"28,30,32,34",Cotton,True,No return,6 days,2025-09-02T21:52:40.184208,category/accessories,meesho_complete_dataset_20250902_215240.json
MEESHO_1000626,GoSriKi Running Shoes - Personal Care,Beauty & Health,Personal Care,GoSriKi,613,435,29,4.6,1813,In Stock,Seller_70,https://images.meesho.com/images/products/1000626/1_512.jpg,https://www.meesho.com/product/1000626,High quality running shoes from GoSriKi. Perfect for daily wear.,3,"S,M,L,XL",Polyester,True,No return,4 days,2025-08-08T21:52:40.184214,category/beauty-&-health,meesho_complete_dataset_20250902_215240.json
MEESHO_1000627,HERE&NOW Hair Oil - Toys & Games,Toys & Games,Toys & Games,HERE&NOW,1861,1470,21,4.6,3111,Out of Stock,Seller_393,https://images.meesho.com/images/products/1000627/1_512.jpg,https://www.meesho.com/product/1000627,High quality hair oil from HERE&NOW. Perfect for daily wear.,1,"28,30,32,34",Polyester,False,15 days,5 days,2025-08-21T21:52:40.184220,category/toys-&-games,meesho_complete_dataset_20250902_215240.json
MEESHO_1000628,HERE&NOW Wall Clock - Mobile Accessories,Electronics,Mobile Accessories,HERE&NOW,2339,1286,45,4.3,206,Out of Stock,Seller_134,https://images.meesho.com/images/products/1000628/1_512.jpg,https://www.meesho.com/product/1000628,High quality wall clock from HERE&NOW. Perfect for daily wear.,3,"S,M,L,XL",Silk,True,7 days,9 days,2025-08-17T21:52:40.184226,category/electronics,meesho_complete_dataset_20250902_215240.json
MEESHO_1000629,HERE&NOW Handbag - Toys & Games,Toys & Games,Toys & Games,HERE&NOW,1878,1502,20,3.7,3656,Out of Stock,Seller_224,https://images.meesho.com/images/products/1000629/1_512.jpg,https://www.meesho.com/product/1000629,High quality handbag from HERE&NOW. Perfect for daily wear.,2,"S,M,L,XL",Cotton,False,7 days,9 days,2025-08-12T21:52:40.184231,category/toys-&-games,meesho_complete_dataset_20250902_215240.json
MEESHO_1000630,HERE&NOW Face Cream - Chargers,Electronics,Chargers,HERE&NOW,1945,1148,41,4.5,3868,Limited Stock,Seller_169,https://images.meesho.com/images/products/1000630/1_512.jpg,https://www.meesho.com/product/1000630,High quality face cream from HERE&NOW. Perfect for daily wear.,2,"28,30,32,34",Polyester,False,15 days,7 days,2025-08-14T21:52:40.184237,category/electronics,meesho_complete_dataset_20250902_215240.json
MEESHO_1000631,MIMOSA Kids T-Shirt - Books,Books,Books,MIMOSA,2067,868,58,4.2,4054,Limited Stock,Seller_60,https://images.meesho.com/images/products/1000631/1_512.jpg,https://www.meesho.com/product/1000631,High quality kids t-shirt from MIMOSA. Perfect for daily wear.,3,One Size,Silk,False,7 days,10 days,2025-09-01T21:52:40.184243,category/books,meesho_complete_dataset_20250902_215240.json
MEESHO_1000632,HERE&NOW Kids T-Shirt - Ethnic Wear,Men Clothing,Ethnic Wear,HERE&NOW,927,630,32,4.1,3534,Limited Stock,Seller_843,https://images.meesho.com/images/products/1000632/1_512.jpg,https://www.meesho.com/product/1000632,High quality kids t-shirt from HERE&NOW. Perfect for daily wear.,7,One Size,Cotton Blend,False,No return,4 days,2025-08-08T21:52:40.184249,category/men-clothing,meesho_complete_dataset_20250902_215240.json
MEESHO_1000633,Varanga Formal Shirt - Health Supplements,Beauty & Health,Health Supplements,Varanga,1596,990,38,3.7,2677,Limited Stock,Seller_565,https://images.meesho.com/images/products/1000633/1_512.jpg,https://www.meesho.com/product/1000633,High quality formal shirt from Varanga. Perfect for daily wear.,2,Free Size,Polyester,False,15 days,4 days,2025-08-26T21:52:40.184255,category/beauty-&-health,meesho_complete_dataset_20250902_215240.json
MEESHO_1000634,Varanga Ethnic Suit - Baby Clothing,Kids Clothing,Baby Clothing,Varanga,1627,553,66,3.7,589,In Stock,Seller_592,https://images.meesho.com/images/products/1000634/1_512.jpg,https://www.meesho.com/product/1000634,High quality ethnic suit from Varanga. Perfect for daily wear.,1,"S,M,L,XL",Cotton,False,15 days,3 days,2025-08-16T21:52:40.184261,category/kids-clothing,meesho_complete_dataset_20250902_215240.json
MEESHO_1000635,DressBerry Denim Jeans - Kurtas,Men Clothing,Kurtas,DressBerry,994,557,44,4.4,4663,In Stock,Seller_476,https://images.meesho.com/images/products/1000635/1_512.jpg,https://www.meesho.com/product/1000635,High quality denim jeans from DressBerry. Perfect for daily wear.,2,One Size,Rayon,True,No return,6 days,2025-08-21T21:52:40.184266,category/men-clothing,meesho_complete_dataset_20250902_215240.json
MEESHO_1000636,Anouk Running Shoes - Hair Care,Beauty & Health,Hair Care,Anouk,2354,1436,39,4.0,914,Out of Stock,Seller_340,https://images.meesho.com/images/products/1000636/1_512.jpg,https://www.meesho.com/product/1000636,High quality running shoes from Anouk. Perfect for daily wear.,2,"S,M,L,XL",Cotton Blend,False,7 days,4 days,2025-08-19T21:52:40.184272,category/beauty-&-health,meesho_complete_dataset_20250902_215240.json
MEESHO_1000637,MIMOSA Formal Shirt - Books,Books,Books,MIMOSA,1037,487,53,3.0,1394,In Stock,Seller_502,https://images.meesho.com/images/products/1000637/1_512.jpg,https://www.meesho.com/product/1000637,High quality formal shirt from MIMOSA. Perfect for daily wear.,2,"S,M,L,XL",Polyester,True,No return,3 days,2025-08-07T21:52:40.184278,category/books,meesho_complete_dataset_20250902_215240.json
MEESHO_1000638,Manthan Handbag - Kurtas,Men Clothing,Kurtas,Manthan,2802,1429,49,3.6,1640,In Stock,Seller_445,https://images.meesho.com/images/products/1000638/1_512.jpg,https://www.meesho.com/product/1000638,High quality handbag from Manthan. Perfect for daily wear.,4,"S,M,L,XL",Silk,False,15 days,4 days,2025-08-26T21:52:40.184284,category/men-clothing,meesho_complete_dataset_20250902_215240.json
MEESHO_1000639,Libas Cotton Kurti - Cleaning,Home & Kitchen,Cleaning,Libas,1056,634,40,3.3,4978,Out of Stock,Seller_165,https://images.meesho.com/images/products/1000639/1_512.jpg,https://www.meesho.com/product/1000639,High quality cotton kurti from Libas. Perfect for daily wear.,2,"28,30,32,34",Rayon,False,No return,5 days,2025-08-03T21:52:40.184290,category/home-&-kitchen,meesho_complete_dataset_20250902_215240.json
MEESHO_1000640,Vishudh Ethnic Suit - Ethnic Wear,Women Clothing,Ethnic Wear,Vishudh,399,303,24,4.0,2420,In Stock,Seller_792,https://images.meesho.com/images/products/1000640/1_512.jpg,https://www.meesho.com/product/1000640,High quality ethnic suit from Vishudh. Perfect for daily wear.,1,"28,30,32,34",Cotton,False,15 days,7 days,2025-08-28T21:52:40.184296,category/women-clothing,meesho_complete_dataset_20250902_215240.json
MEESHO_1000641,MIMOSA Jewelry Set - Casual Wear,Men Clothing,Casual Wear,MIMOSA,1350,634,53,4.3,2077,Limited Stock,Seller_606,https://images.meesho.com/images/products/1000641/1_512.jpg,https://www.meesho.com/product/1000641,High quality jewelry set from MIMOSA. Perfect for daily wear.,8,"28,30,32,34",Cotton Blend,False,15 days,3 days,2025-09-02T21:52:40.184303,category/men-clothing,meesho_complete_dataset_20250902_215240.json
MEESHO_1000642,HERE&NOW Running Shoes - Handbags,Bags & Footwear,Handbags,HERE&NOW,2611,1749,33,3.1,3150,In Stock,Seller_973,https://images.meesho.com/images/products/1000642/1_512.jpg,https://www.meesho.com/product/1000642,High quality running shoes from HERE&NOW. Perfect for daily wear.,2,Free Size,Cotton,True,15 days,8 days,2025-09-01T21:52:40.184310,category/bags-&-footwear,meesho_complete_dataset_20250902_215240.json
MEESHO_1000643,Vishudh Cotton Kurti - Shoes,Bags & Footwear,Shoes,Vishudh,1332,1092,18,3.3,2203,In Stock,Seller_884,https://images.meesho.com/images/products/1000643/1_512.jpg,https://www.meesho.com/product/1000643,High quality cotton kurti from Vishudh. Perfect for daily wear.,6,"S,M,L,XL",Silk,False,15 days,9 days,2025-08-11T21:52:40.184315,category/bags-&-footwear,meesho_complete_dataset_20250902_215240.json
MEESHO_1000644,Indya Hair Oil - Jewelry,Accessories,Jewelry,Indya,1799,1403,22,3.6,3838,Out of Stock,Seller_558,https://images.meesho.com/images/products/1000644/1_512.jpg,https://www.meesho.com/product/1000644,High quality hair oil from Indya. Perfect for daily wear.,6,Free Size,Cotton Blend,True,7 days,4 days,2025-08-18T21:52:40.184322,category/accessories,meesho_complete_dataset_20250902_215240.json
MEESHO_1000645,Varanga Wall Clock - Home Decor,Home & Kitchen,Home Decor,Varanga,530,355,33,3.3,4842,Limited Stock,Seller_360,https://images.meesho.com/images/products/1000645/1_512.jpg,https://www.meesho.com/product/1000645,High quality wall clock from Varanga. Perfect for daily wear.,5,Free Size,Rayon,False,7 days,6 days,2025-08-10T21:52:40.184327,category/home-&-kitchen,meesho_complete_dataset_20250902_215240.json
MEESHO_1000646,Libas Bedsheet Set - Sarees,Women Clothing,Sarees,Libas,1062,393,63,4.1,1575,In Stock,Seller_332,https://images.meesho.com/images/products/1000646/1_512.jpg,https://www.meesho.com/product/1000646,High quality bedsheet set from Libas. Perfect for daily wear.,2,Free Size,Polyester,False,7 days,8 days,2025-08-30T21:52:40.184333,category/women-clothing,meesho_complete_dataset_20250902_215240.json
MEESHO_1000647,Anouk Handbag - Toys & Games,Toys & Games,Toys & Games,Anouk,1861,1619,13,3.9,4813,Out of Stock,Seller_599,https://images.meesho.com/images/products/1000647/1_512.jpg,https://www.meesho.com/product/1000647,High quality handbag from Anouk. Perfect for daily wear.,4,"S,M,L,XL",Rayon,False,15 days,4 days,2025-08-22T21:52:40.184339,category/toys-&-games,meesho_complete_dataset_20250902_215240.json
MEESHO_1000648,MIMOSA Running Shoes - Handbags,Bags & Footwear,Handbags,MIMOSA,528,232,56,3.0,4639,Limited Stock,Seller_687,https://images.meesho.com/images/products/1000648/1_512.jpg,https://www.meesho.com/product/1000648,High quality running shoes from MIMOSA. Perfect for daily wear.,4,Free Size,Polyester,False,7 days,6 days,2025-08-25T21:52:40.184345,category/bags-&-footwear,meesho_complete_dataset_20250902_215240.json
MEESHO_1000649,DressBerry Jewelry Set - Wallets,Bags & Footwear,Wallets,DressBerry,2440,903,63,4.3,521,Out of Stock,Seller_522,https://images.meesho.com/images/products/1000649/1_512.jpg,https://www.meesho.com/product/1000649,High quality jewelry set from DressBerry. Perfect for daily wear.,7,Free Size,Cotton,False,15 days,7 days,2025-08-07T21:52:40.184351,category/bags-&-footwear,meesho_complete_dataset_20250902_215240.json
MEESHO_1000650,Sangria Mobile Cover - Shirts,Men Clothing,Shirts,Sangria,1973,1717,13,3.6,2535,Limited Stock,Seller_142,https://images.meesho.com/images/products/1000650/1_512.jpg,https://www.meesho.com/product/1000650,High quality mobile cover from Sangria. Perfect for daily wear.,6,"S,M,L,XL",Rayon,True,15 days,9 days,2025-08-03T21:52:40.184357,category/men-clothing,meesho_complete_dataset_20250902_215240.json
MEESHO_1000651,Janasya Face Cream - Skincare,Beauty & Health,Skincare,Janasya,2176,1610,26,4.2,142,In Stock,Seller_831,https://images.meesho.com/images/products/1000651/1_512.jpg,https://www.meesho.com/product/1000651,High quality face cream from Janasya. Perfect for daily wear.,8,"S,M,L,XL",Polyester,False,15 days,6 days,2025-08-22T21:52:40.184363,category/beauty-&-health,meesho_complete_dataset_20250902_215240.json
MEESHO_1000652,Mast & Harbour Denim Jeans - School Uniforms,Kids Clothing,School Uniforms,Mast & Harbour,1240,719,42,4.3,441,Limited Stock,Seller_603,https://images.meesho.com/images/products/1000652/1_512.jpg,https://www.meesho.com/product/1000652,High quality denim jeans from Mast & Harbour. Perfect for daily wear.,1,"28,30,32,34",Silk,True,7 days,4 days,2025-08-20T21:52:40.184369,category/kids-clothing,meesho_complete_dataset_20250902_215240.json
MEESHO_1000653,Vishudh Cotton Kurti - Handbags,Bags & Footwear,Handbags,Vishudh,1164,372,68,3.9,2644,In Stock,Seller_456,https://images.meesho.com/images/products/1000653/1_512.jpg,https://www.meesho.com/product/1000653,High quality cotton kurti from Vishudh. Perfect for daily wear.,4,"S,M,L,XL",Cotton Blend,False,15 days,10 days,2025-08-09T21:52:40.184374,category/bags-&-footwear,meesho_complete_dataset_20250902_215240.json
MEESHO_1000654,Manthan Denim Jeans - Home Decor,Home & Kitchen,Home Decor,Manthan,2075,1141,45,3.4,2725,Out of Stock,Seller_302,https://images.meesho.com/images/products/1000654/1_512.jpg,https://www.meesho.com/product/1000654,High quality denim jeans from Manthan. Perfect for daily wear.,7,"S,M,L,XL",Polyester,False,No return,9 days,2025-08-05T21:52:40.184380,category/home-&-kitchen,meesho_complete_dataset_20250902_215240.json
MEESHO_1000655,MIMOSA Printed Saree - Baby Clothing,Kids Clothing,Baby Clothing,MIMOSA,1455,524,64,4.1,1241,Limited Stock,Seller_420,https://images.meesho.com/images/products/1000655/1_512.jpg,https://www.meesho.com/product/1000655,High quality printed saree from MIMOSA. Perfect for daily wear.,8,Free Size,Polyester,False,15 days,3 days,2025-08-10T21:52:40.184386,category/kids-clothing,meesho_complete_dataset_20250902_215240.json
MEESHO_1000656,Roadster Bedsheet Set - Backpacks,Bags & Footwear,Backpacks,Roadster,1679,907,46,4.7,4855,In Stock,Seller_987,https://images.meesho.com/images/products/1000656/1_512.jpg,https://www.meesho.com/product/1000656,High quality bedsheet set from Roadster. Perfect for daily wear.,2,"S,M,L,XL",Cotton Blend,False,15 days,3 days,2025-08-17T21:52:40.184392,category/bags-&-footwear,meesho_complete_dataset_20250902_215240.json
MEESHO_1000657,SASSAFRAS Bedsheet Set - Books,Books,Books,SASSAFRAS,1935,1625,16,4.1,4027,Limited Stock,Seller_468,https://images.meesho.com/images/products/1000657/1_512.jpg,https://www.meesho.com/product/1000657,High quality bedsheet set from SASSAFRAS. Perfect for daily wear.,4,"28,30,32,34",Silk,True,No return,10 days,2025-08-21T21:52:40.184398,category/books,meesho_complete_dataset_20250902_215240.json
MEESHO_1000658,Soch Casual Dress - Tops,Women Clothing,Tops,Soch,2075,1660,20,4.2,3105,Limited Stock,Seller_726,https://images.meesho.com/images/products/1000658/1_512.jpg,https://www.meesho.com/product/1000658,High quality casual dress from Soch. Perfect for daily wear.,6,"28,30,32,34",Silk,False,7 days,9 days,2025-08-16T21:52:40.184403,category/women-clothing,meesho_complete_dataset_20250902_215240.json
MEESHO_1000659,DressBerry Handbag - Watches,Accessories,Watches,DressBerry,1077,829,23,4.0,1404,Out of Stock,Seller_895,https://images.meesho.com/images/products/1000659/1_512.jpg,https://www.meesho.com/product/1000659,High quality handbag from DressBerry. Perfect for daily wear.,7,Free Size,Polyester,False,15 days,5 days,2025-08-22T21:52:40.184409,category/accessories,meesho_complete_dataset_20250902_215240.json
MEESHO_1000660,GoSriKi Denim Jeans - Toys & Games,Toys & Games,Toys & Games,GoSriKi,2102,1661,21,4.4,1718,In Stock,Seller_149,https://images.meesho.com/images/products/1000660/1_512.jpg,https://www.meesho.com/product/1000660,High quality denim jeans from GoSriKi. Perfect for daily wear.,5,Free Size,Cotton,True,No return,6 days,2025-08-15T21:52:40.184415,category/toys-&-games,meesho_complete_dataset_20250902_215240.json
MEESHO_1000661,Libas Formal Shirt - Books,Books,Books,Libas,1038,685,34,3.5,1367,Limited Stock,Seller_214,https://images.meesho.com/images/products/1000661/1_512.jpg,https://www.meesho.com/product/1000661,High quality formal shirt from Libas. Perfect for daily wear.,7,"28,30,32,34",Cotton,False,15 days,9 days,2025-08-05T21:52:40.184421,category/books,meesho_complete_dataset_20250902_215240.json
MEESHO_1000662,Manthan Running Shoes - Headphones,Electronics,Headphones,Manthan,263,213,19,3.3,3769,Out of Stock,Seller_879,https://images.meesho.com/images/products/1000662/1_512.jpg,https://www.meesho.com/product/1000662,High quality running shoes from Manthan. Perfect for daily wear.,5,"28,30,32,34",Cotton Blend,True,No return,7 days,2025-08-19T21:52:40.184427,category/electronics,meesho_complete_dataset_20250902_215240.json
MEESHO_1000663,Manthan Ethnic Suit - Books,Books,Books,Manthan,2137,962,55,4.0,878,Out of Stock,Seller_717,https://images.meesho.com/images/products/1000663/1_512.jpg,https://www.meesho.com/product/1000663,High quality ethnic suit from Manthan. Perfect for daily wear.,4,"S,M,L,XL",Cotton Blend,False,No return,3 days,2025-08-03T21:52:40.184434,category/books,meesho_complete_dataset_20250902_215240.json
MEESHO_1000664,Vishudh Ethnic Suit - Automotive,Automotive,Automotive,Vishudh,462,236,49,4.1,4520,In Stock,Seller_510,https://images.meesho.com/images/products/1000664/1_512.jpg,https://www.meesho.com/product/1000664,High quality ethnic suit from Vishudh. Perfect for daily wear.,3,"S,M,L,XL",Cotton,False,No return,8 days,2025-08-16T21:52:40.184440,category/automotive,meesho_complete_dataset_20250902_215240.json
MEESHO_1000665,Global Desi Cotton Kurti - Boys Clothing,Kids Clothing,Boys Clothing,Global Desi,2529,961,62,3.4,957,Limited Stock,Seller_756,https://images.meesho.com/images/products/1000665/1_512.jpg,https://www.meesho.com/product/1000665,High quality cotton kurti from Global Desi. Perfect for daily wear.,4,"28,30,32,34",Polyester,False,7 days,4 days,2025-08-29T21:52:40.184446,category/kids-clothing,meesho_complete_dataset_20250902_215240.json
MEESHO_1000666,Janasya Denim Jeans - Dresses,Women Clothing,Dresses,Janasya,1140,787,31,4.4,3447,Out of Stock,Seller_716,https://images.meesho.com/images/products/1000666/1_512.jpg,https://www.meesho.com/product/1000666,High quality denim jeans from Janasya. Perfect for daily wear.,6,Free Size,Cotton,True,15 days,6 days,2025-08-20T21:52:40.184452,category/women-clothing,meesho_complete_dataset_20250902_215240.json
MEESHO_1000667,Sangria Printed Saree - Hair Accessories,Accessories,Hair Accessories,Sangria,569,239,58,4.5,4319,In Stock,Seller_210,https://images.meesho.com/images/products/1000667/1_512.jpg,https://www.meesho.com/product/1000667,High quality printed saree from Sangria. Perfect for daily wear.,1,One Size,Cotton Blend,True,No return,7 days,2025-08-28T21:52:40.184458,category/accessories,meesho_complete_dataset_20250902_215240.json
MEESHO_1000668,SASSAFRAS Handbag - Automotive,Automotive,Automotive,SASSAFRAS,1182,910,23,4.1,168,In Stock,Seller_225,https://images.meesho.com/images/products/1000668/1_512.jpg,https://www.meesho.com/product/1000668,High quality handbag from SASSAFRAS. Perfect for daily wear.,5,"28,30,32,34",Cotton,False,No return,6 days,2025-08-27T21:52:40.184464,category/automotive,meesho_complete_dataset_20250902_215240.json
MEESHO_1000669,Manthan Bedsheet Set - Toys & Games,Toys & Games,Toys & Games,Manthan,1970,985,50,3.2,4235,Out of Stock,Seller_258,https://images.meesho.com/images/products/1000669/1_512.jpg,https://www.meesho.com/product/1000669,High quality bedsheet set from Manthan. Perfect for daily wear.,5,"28,30,32,34",Silk,False,7 days,7 days,2025-08-04T21:52:40.184470,category/toys-&-games,meesho_complete_dataset_20250902_215240.json
MEESHO_1000670,Mast & Harbour Formal Shirt - Tops,Women Clothing,Tops,Mast & Harbour,1249,937,25,4.7,2626,In Stock,Seller_714,https://images.meesho.com/images/products/1000670/1_512.jpg,https://www.meesho.com/product/1000670,High quality formal shirt from Mast & Harbour. Perfect for daily wear.,2,"S,M,L,XL",Cotton,True,No return,8 days,2025-08-03T21:52:40.184476,category/women-clothing,meesho_complete_dataset_20250902_215240.json
MEESHO_1000671,SASSAFRAS Running Shoes - Gadgets,Electronics,Gadgets,SASSAFRAS,2297,1838,20,4.6,1088,Out of Stock,Seller_541,https://images.meesho.com/images/products/1000671/1_512.jpg,https://www.meesho.com/product/1000671,High quality running shoes from SASSAFRAS. Perfect for daily wear.,4,"28,30,32,34",Cotton Blend,True,No return,7 days,2025-08-21T21:52:40.184482,category/electronics,meesho_complete_dataset_20250902_215240.json
MEESHO_1000672,MIMOSA Kitchen Set - Toys & Games,Toys & Games,Toys & Games,MIMOSA,2050,1578,23,4.4,3852,Out of Stock,Seller_279,https://images.meesho.com/images/products/1000672/1_512.jpg,https://www.meesho.com/product/1000672,High quality kitchen set from MIMOSA. Perfect for daily wear.,1,Free Size,Polyester,True,15 days,5 days,2025-08-30T21:52:40.184488,category/toys-&-games,meesho_complete_dataset_20250902_215240.json
MEESHO_1000673,Soch Bedsheet Set - Books,Books,Books,Soch,2876,1783,38,3.4,2547,Out of Stock,Seller_165,https://images.meesho.com/images/products/1000673/1_512.jpg,https://www.meesho.com/product/1000673,High quality bedsheet set from Soch. Perfect for daily wear.,1,Free Size,Silk,False,No return,10 days,2025-08-12T21:52:40.184494,category/books,meesho_complete_dataset_20250902_215240.json
MEESHO_1000674,Vishudh Kitchen Set - Books,Books,Books,Vishudh,1106,409,63,3.1,3945,In Stock,Seller_288,https://images.meesho.com/images/products/1000674/1_512.jpg,https://www.meesho.com/product/1000674,High quality kitchen set from Vishudh. Perfect for daily wear.,4,Free Size,Cotton,True,No return,5 days,2025-08-31T21:52:40.184500,category/books,meesho_complete_dataset_20250902_215240.json
MEESHO_1000675,Vishudh Cotton Kurti - Toys & Games,Toys & Games,Toys & Games,Vishudh,449,319,29,4.3,1149,In Stock,Seller_236,https://images.meesho.com/images/products/1000675/1_512.jpg,https://www.meesho.com/product/1000675,High quality cotton kurti from Vishudh. Perfect for daily wear.,2,One Size,Polyester,True,15 days,3 days,2025-08-31T21:52:40.184506,category/toys-&-games,meesho_complete_dataset_20250902_215240.json
MEESHO_1000676,Libas Cotton Kurti - Wallets,Bags & Footwear,Wallets,Libas,2367,1231,48,3.0,4224,Limited Stock,Seller_635,https://images.meesho.com/images/products/1000676/1_512.jpg,https://www.meesho.com/product/1000676,High quality cotton kurti from Libas. Perfect for daily wear.,1,Free Size,Cotton,True,15 days,5 days,2025-08-03T21:52:40.184512,category/bags-&-footwear,meesho_complete_dataset_20250902_215240.json
MEESHO_1000677,GoSriKi Formal Shirt - Automotive,Automotive,Automotive,GoSriKi,1674,770,54,3.3,1068,In Stock,Seller_438,https://images.meesho.com/images/products/1000677/1_512.jpg,https://www.meesho.com/product/1000677,High quality formal shirt from GoSriKi. Perfect for daily wear.,7,Free Size,Cotton Blend,False,7 days,3 days,2025-08-20T21:52:40.184517,category/automotive,meesho_complete_dataset_20250902_215240.json
MEESHO_1000678,Manthan Kitchen Set - Jewelry,Accessories,Jewelry,Manthan,2251,1801,20,4.4,1388,Out of Stock,Seller_528,https://images.meesho.com/images/products/1000678/1_512.jpg,https://www.meesho.com/product/1000678,High quality kitchen set from Manthan. Perfect for daily wear.,6,"28,30,32,34",Polyester,True,7 days,3 days,2025-08-05T21:52:40.184523,category/accessories,meesho_complete_dataset_20250902_215240.json
MEESHO_1000679,Janasya Cotton Kurti - Hair Accessories,Accessories,Hair Accessories,Janasya,2367,734,69,4.1,1318,In Stock,Seller_604,https://images.meesho.com/images/products/1000679/1_512.jpg,https://www.meesho.com/product/1000679,High quality cotton kurti from Janasya. Perfect for daily wear.,5,One Size,Cotton Blend,False,15 days,8 days,2025-08-04T21:52:40.184529,category/accessories,meesho_complete_dataset_20250902_215240.json
MEESHO_1000680,Sangria Jewelry Set - Mobile Accessories,Electronics,Mobile Accessories,Sangria,1347,741,45,4.8,4420,In Stock,Seller_44,https://images.meesho.com/images/products/1000680/1_512.jpg,https://www.meesho.com/product/1000680,High quality jewelry set from Sangria. Perfect for daily wear.,5,Free Size,Cotton,False,15 days,6 days,2025-08-07T21:52:40.184535,category/electronics,meesho_complete_dataset_20250902_215240.json
MEESHO_1000681,HERE&NOW Ethnic Suit - Toys & Games,Toys & Games,Toys & Games,HERE&NOW,1040,822,21,4.6,2203,In Stock,Seller_280,https://images.meesho.com/images/products/1000681/1_512.jpg,https://www.meesho.com/product/1000681,High quality ethnic suit from HERE&NOW. Perfect for daily wear.,7,Free Size,Cotton,True,No return,10 days,2025-08-09T21:52:40.184541,category/toys-&-games,meesho_complete_dataset_20250902_215240.json
MEESHO_1000682,Varanga Jewelry Set - Automotive,Automotive,Automotive,Varanga,1161,906,22,3.4,2699,In Stock,Seller_605,https://images.meesho.com/images/products/1000682/1_512.jpg,https://www.meesho.com/product/1000682,High quality jewelry set from Varanga. Perfect for daily wear.,8,"28,30,32,34",Silk,True,15 days,4 days,2025-08-29T21:52:40.184547,category/automotive,meesho_complete_dataset_20250902_215240.json
MEESHO_1000683,Janasya Ethnic Suit - Casual Wear,Men Clothing,Casual Wear,Janasya,1187,855,28,3.7,3584,Limited Stock,Seller_642,https://images.meesho.com/images/products/1000683/1_512.jpg,https://www.meesho.com/product/1000683,High quality ethnic suit from Janasya. Perfect for daily wear.,6,"28,30,32,34",Silk,True,15 days,8 days,2025-08-12T21:52:40.184564,category/men-clothing,meesho_complete_dataset_20250902_215240.json
MEESHO_1000684,Soch Cotton Kurti - School Uniforms,Kids Clothing,School Uniforms,Soch,1029,319,69,3.2,1458,In Stock,Seller_831,https://images.meesho.com/images/products/1000684/1_512.jpg,https://www.meesho.com/product/1000684,High quality cotton kurti from Soch. Perfect for daily wear.,5,Free Size,Rayon,True,15 days,4 days,2025-08-05T21:52:40.184571,category/kids-clothing,meesho_complete_dataset_20250902_215240.json
MEESHO_1000685,Indya Wall Clock - Makeup,Beauty & Health,Makeup,Indya,1965,1395,29,4.1,3375,Out of Stock,Seller_520,https://images.meesho.com/images/products/1000685/1_512.jpg,https://www.meesho.com/product/1000685,High quality wall clock from Indya. Perfect for daily wear.,6,"28,30,32,34",Silk,True,No return,5 days,2025-08-25T21:52:40.184577,category/beauty-&-health,meesho_complete_dataset_20250902_215240.json
MEESHO_1000686,Indya Mobile Cover - Sports & Fitness,Sports & Fitness,Sports & Fitness,Indya,1377,468,66,4.4,2022,Limited Stock,Seller_254,https://images.meesho.com/images/products/1000686/1_512.jpg,https://www.meesho.com/product/1000686,High quality mobile cover from Indya. Perfect for daily wear.,4,"S,M,L,XL",Rayon,True,No return,8 days,2025-08-18T21:52:40.184584,category/sports-&-fitness,meesho_complete_dataset_20250902_215240.json
MEESHO_1000687,Varanga Cotton Kurti - Hair Care,Beauty & Health,Hair Care,Varanga,581,290,50,3.7,417,Limited Stock,Seller_61,https://images.meesho.com/images/products/1000687/1_512.jpg,https://www.meesho.com/product/1000687,High quality cotton kurti from Varanga. Perfect for daily wear.,4,Free Size,Polyester,True,7 days,10 days,2025-08-19T21:52:40.184591,category/beauty-&-health,meesho_complete_dataset_20250902_215240.json
MEESHO_1000688,HERE&NOW Kitchen Set - Casual Wear,Men Clothing,Casual Wear,HERE&NOW,533,192,64,3.7,4775,In Stock,Seller_407,https://images.meesho.com/images/products/1000688/1_512.jpg,https://www.meesho.com/product/1000688,High quality kitchen set from HERE&NOW. Perfect for daily wear.,1,"28,30,32,34",Cotton,True,No return,6 days,2025-08-21T21:52:40.184597,category/men-clothing,meesho_complete_dataset_20250902_215240.json
MEESHO_1000689,Soch Cotton Kurti - Sandals,Bags & Footwear,Sandals,Soch,2521,1059,58,3.3,3884,In Stock,Seller_680,https://images.meesho.com/images/products/1000689/1_512.jpg,https://www.meesho.com/product/1000689,High quality cotton kurti from Soch. Perfect for daily wear.,6,"28,30,32,34",Polyester,True,No return,9 days,2025-09-01T21:52:40.184604,category/bags-&-footwear,meesho_complete_dataset_20250902_215240.json
MEESHO_1000690,Janasya Hair Oil - Casual Wear,Men Clothing,Casual Wear,Janasya,959,518,46,4.5,4657,In Stock,Seller_453,https://images.meesho.com/images/products/1000690/1_512.jpg,https://www.meesho.com/product/1000690,High quality hair oil from Janasya. Perfect for daily wear.,3,One Size,Rayon,True,7 days,10 days,2025-08-04T21:52:40.184610,category/men-clothing,meesho_complete_dataset_20250902_215240.json
MEESHO_1000691,Aks Hair Oil - T-Shirts,Men Clothing,T-Shirts,Aks,2628,1445,45,3.2,2979,In Stock,Seller_430,https://images.meesho.com/images/products/1000691/1_512.jpg,https://www.meesho.com/product/1000691,High quality hair oil from Aks. Perfect for daily wear.,1,One Size,Cotton Blend,False,No return,9 days,2025-09-01T21:52:40.184616,category/men-clothing,meesho_complete_dataset_20250902_215240.json
MEESHO_1000692,MIMOSA Printed Saree - Sandals,Bags & Footwear,Sandals,MIMOSA,1974,1283,35,3.7,4865,Limited Stock,Seller_639,https://images.meesho.com/images/products/1000692/1_512.jpg,https://www.meesho.com/product/1000692,High quality printed saree from MIMOSA. Perfect for daily wear.,7,"S,M,L,XL",Cotton,False,7 days,10 days,2025-08-11T21:52:40.184622,category/bags-&-footwear,meesho_complete_dataset_20250902_215240.json
MEESHO_1000693,Manthan Mobile Cover - Automotive,Automotive,Automotive,Manthan,2250,1485,34,3.6,337,Out of Stock,Seller_733,https://images.meesho.com/images/products/1000693/1_512.jpg,https://www.meesho.com/product/1000693,High quality mobile cover from Manthan. Perfect for daily wear.,2,Free Size,Rayon,True,15 days,6 days,2025-08-18T21:52:40.184628,category/automotive,meesho_complete_dataset_20250902_215240.json
MEESHO_1000694,GoSriKi Kitchen Set - Books,Books,Books,GoSriKi,1480,592,60,4.6,2545,Limited Stock,Seller_178,https://images.meesho.com/images/products/1000694/1_512.jpg,https://www.meesho.com/product/1000694,High quality kitchen set from GoSriKi. Perfect for daily wear.,6,"S,M,L,XL",Rayon,False,15 days,5 days,2025-08-29T21:52:40.184633,category/books,meesho_complete_dataset_20250902_215240.json
MEESHO_1000695,GoSriKi Printed Saree - Kurtas,Women Clothing,Kurtas,GoSriKi,2565,821,68,4.2,3767,In Stock,Seller_37,https://images.meesho.com/images/products/1000695/1_512.jpg,https://www.meesho.com/product/1000695,High quality printed saree from GoSriKi. Perfect for daily wear.,3,Free Size,Rayon,False,No return,8 days,2025-08-15T21:52:40.184639,category/women-clothing,meesho_complete_dataset_20250902_215240.json
MEESHO_1000696,Janasya Handbag - Mobile Accessories,Electronics,Mobile Accessories,Janasya,1078,852,21,3.3,525,Limited Stock,Seller_28,https://images.meesho.com/images/products/1000696/1_512.jpg,https://www.meesho.com/product/1000696,High quality handbag from Janasya. Perfect for daily wear.,5,One Size,Cotton Blend,True,7 days,3 days,2025-08-26T21:52:40.184645,category/electronics,meesho_complete_dataset_20250902_215240.json
MEESHO_1000697,Mast & Harbour Formal Shirt - Chargers,Electronics,Chargers,Mast & Harbour,2388,1122,53,4.2,331,Out of Stock,Seller_372,https://images.meesho.com/images/products/1000697/1_512.jpg,https://www.meesho.com/product/1000697,High quality formal shirt from Mast & Harbour. Perfect for daily wear.,8,"28,30,32,34",Cotton Blend,True,No return,5 days,2025-08-28T21:52:40.184651,category/electronics,meesho_complete_dataset_20250902_215240.json
MEESHO_1000698,Anouk Bedsheet Set - Ethnic Wear,Men Clothing,Ethnic Wear,Anouk,2541,762,70,3.3,2773,Limited Stock,Seller_589,https://images.meesho.com/images/products/1000698/1_512.jpg,https://www.meesho.com/product/1000698,High quality bedsheet set from Anouk. Perfect for daily wear.,6,One Size,Cotton Blend,False,No return,8 days,2025-08-17T21:52:40.184657,category/men-clothing,meesho_complete_dataset_20250902_215240.json
MEESHO_1000699,Aks Kitchen Set - Sports & Fitness,Sports & Fitness,Sports & Fitness,Aks,361,209,42,3.7,3725,Limited Stock,Seller_820,https://images.meesho.com/images/products/1000699/1_512.jpg,https://www.meesho.com/product/1000699,High quality kitchen set from Aks. Perfect for daily wear.,2,"S,M,L,XL",Cotton,False,No return,10 days,2025-08-05T21:52:40.184663,category/sports-&-fitness,meesho_complete_dataset_20250902_215240.json
MEESHO_1000700,Indya Running Shoes - Kitchen Appliances,Home & Kitchen,Kitchen Appliances,Indya,1187,463,61,4.2,4216,In Stock,Seller_865,https://images.meesho.com/images/products/1000700/1_512.jpg,https://www.meesho.com/product/1000700,High quality running shoes from Indya. Perfect for daily wear.,8,Free Size,Rayon,True,No return,7 days,2025-08-30T21:52:40.184668,category/home-&-kitchen,meesho_complete_dataset_20250902_215240.json
MEESHO_1000701,Varanga Kids T-Shirt - Sports & Fitness,Sports & Fitness,Sports & Fitness,Varanga,876,499,43,3.5,561,In Stock,Seller_177,https://images.meesho.com/images/products/1000701/1_512.jpg,https://www.meesho.com/product/1000701,High quality kids t-shirt from Varanga. Perfect for daily wear.,3,Free Size,Cotton,True,7 days,5 days,2025-08-10T21:52:40.184674,category/sports-&-fitness,meesho_complete_dataset_20250902_215240.json
MEESHO_1000702,Global Desi Casual Dress - School Uniforms,Kids Clothing,School Uniforms,Global Desi,863,423,51,4.4,3303,Out of Stock,Seller_215,https://images.meesho.com/images/products/1000702/1_512.jpg,https://www.meesho.com/product/1000702,High quality casual dress from Global Desi. Perfect for daily wear.,5,"S,M,L,XL",Cotton Blend,True,15 days,8 days,2025-08-17T21:52:40.184680,category/kids-clothing,meesho_complete_dataset_20250902_215240.json
MEESHO_1000703,Aks Kids T-Shirt - Backpacks,Bags & Footwear,Backpacks,Aks,2702,2135,21,4.1,1365,In Stock,Seller_124,https://images.meesho.com/images/products/1000703/1_512.jpg,https://www.meesho.com/product/1000703,High quality kids t-shirt from Aks. Perfect for daily wear.,5,"28,30,32,34",Cotton Blend,True,15 days,5 days,2025-08-07T21:52:40.184686,category/bags-&-footwear,meesho_complete_dataset_20250902_215240.json
MEESHO_1000704,Libas Face Cream - Books,Books,Books,Libas,1103,882,20,4.7,3120,In Stock,Seller_852,https://images.meesho.com/images/products/1000704/1_512.jpg,https://www.meesho.com/product/1000704,High quality face cream from Libas. Perfect for daily wear.,7,One Size,Rayon,False,7 days,8 days,2025-08-09T21:52:40.184692,category/books,meesho_complete_dataset_20250902_215240.json
MEESHO_1000705,Roadster Casual Dress - Ethnic Wear,Women Clothing,Ethnic Wear,Roadster,2740,1863,32,4.3,2203,Limited Stock,Seller_849,https://images.meesho.com/images/products/1000705/1_512.jpg,https://www.meesho.com/product/1000705,High quality casual dress from Roadster. Perfect for daily wear.,6,"28,30,32,34",Cotton Blend,False,7 days,8 days,2025-08-17T21:52:40.184699,category/women-clothing,meesho_complete_dataset_20250902_215240.json
MEESHO_1000706,Mast & Harbour Bedsheet Set - Health Supplements,Beauty & Health,Health Supplements,Mast & Harbour,2175,1392,36,4.0,4355,In Stock,Seller_576,https://images.meesho.com/images/products/1000706/1_512.jpg,https://www.meesho.com/product/1000706,High quality bedsheet set from Mast & Harbour. Perfect for daily wear.,8,Free Size,Rayon,True,7 days,5 days,2025-08-26T21:52:40.184704,category/beauty-&-health,meesho_complete_dataset_20250902_215240.json
MEESHO_1000707,MIMOSA Handbag - Makeup,Beauty & Health,Makeup,MIMOSA,2161,1686,22,4.3,3868,Limited Stock,Seller_367,https://images.meesho.com/images/products/1000707/1_512.jpg,https://www.meesho.com/product/1000707,High quality handbag from MIMOSA. Perfect for daily wear.,4,One Size,Cotton,False,7 days,3 days,2025-08-08T21:52:40.184710,category/beauty-&-health,meesho_complete_dataset_20250902_215240.json
MEESHO_1000708,HERE&NOW Denim Jeans - Toys & Games,Toys & Games,Toys & Games,HERE&NOW,306,150,51,4.6,3493,Limited Stock,Seller_392,https://images.meesho.com/images/products/1000708/1_512.jpg,https://www.meesho.com/product/1000708,High quality denim jeans from HERE&NOW. Perfect for daily wear.,8,One Size,Rayon,False,No return,3 days,2025-08-29T21:52:40.184716,category/toys-&-games,meesho_complete_dataset_20250902_215240.json
MEESHO_1000709,Sangria Denim Jeans - Books,Books,Books,Sangria,1592,764,52,4.7,3119,In Stock,Seller_217,https://images.meesho.com/images/products/1000709/1_512.jpg,https://www.meesho.com/product/1000709,High quality denim jeans from Sangria. Perfect for daily wear.,7,One Size,Polyester,True,7 days,10 days,2025-08-31T21:52:40.184724,category/books,meesho_complete_dataset_20250902_215240.json
MEESHO_1000710,Global Desi Running Shoes - Automotive,Automotive,Automotive,Global Desi,2086,918,56,4.1,555,In Stock,Seller_482,https://images.meesho.com/images/products/1000710/1_512.jpg,https://www.meesho.com/product/1000710,High quality running shoes from Global Desi. Perfect for daily wear.,4,One Size,Rayon,True,7 days,3 days,2025-08-24T21:52:40.184730,category/automotive,meesho_complete_dataset_20250902_215240.json
MEESHO_1000711,Libas Bedsheet Set - Wallets,Bags & Footwear,Wallets,Libas,2641,1453,45,3.5,4381,Out of Stock,Seller_533,https://images.meesho.com/images/products/1000711/1_512.jpg,https://www.meesho.com/product/1000711,High quality bedsheet set from Libas. Perfect for daily wear.,7,"28,30,32,34",Rayon,False,15 days,6 days,2025-08-09T21:52:40.184736,category/bags-&-footwear,meesho_complete_dataset_20250902_215240.json
MEESHO_1000712,Manthan Mobile Cover - Sports & Fitness,Sports & Fitness,Sports & Fitness,Manthan,581,500,14,3.2,573,Out of Stock,Seller_843,https://images.meesho.com/images/products/1000712/1_512.jpg,https://www.meesho.com/product/1000712,High quality mobile cover from Manthan. Perfect for daily wear.,8,Free Size,Silk,False,No return,3 days,2025-08-31T21:52:40.184742,category/sports-&-fitness,meesho_complete_dataset_20250902_215240.json
MEESHO_1000713,MIMOSA Wall Clock - Wallets,Bags & Footwear,Wallets,MIMOSA,2393,790,67,3.4,2024,Limited Stock,Seller_139,https://images.meesho.com/images/products/1000713/1_512.jpg,https://www.meesho.com/product/1000713,High quality wall clock from MIMOSA. Perfect for daily wear.,6,Free Size,Rayon,True,15 days,6 days,2025-08-08T21:52:40.184748,category/bags-&-footwear,meesho_complete_dataset_20250902_215240.json
MEESHO_1000714,Aks Ethnic Suit - Toys & Games,Toys & Games,Toys & Games,Aks,2739,2136,22,4.0,2189,Out of Stock,Seller_803,https://images.meesho.com/images/products/1000714/1_512.jpg,https://www.meesho.com/product/1000714,High quality ethnic suit from Aks. Perfect for daily wear.,7,"28,30,32,34",Cotton,False,15 days,3 days,2025-08-30T21:52:40.184754,category/toys-&-games,meesho_complete_dataset_20250902_215240.json
MEESHO_1000715,Vishudh Denim Jeans - Health Supplements,Beauty & Health,Health Supplements,Vishudh,159,56,65,3.5,2730,Limited Stock,Seller_373,https://images.meesho.com/images/products/1000715/1_512.jpg,https://www.meesho.com/product/1000715,High quality denim jeans from Vishudh. Perfect for daily wear.,6,One Size,Rayon,True,7 days,5 days,2025-08-03T21:52:40.184761,category/beauty-&-health,meesho_complete_dataset_20250902_215240.json
MEESHO_1000716,Libas Kitchen Set - Health Supplements,Beauty & Health,Health Supplements,Libas,265,215,19,3.4,807,Out of Stock,Seller_824,https://images.meesho.com/images/products/1000716/1_512.jpg,https://www.meesho.com/product/1000716,High quality kitchen set from Libas. Perfect for daily wear.,5,Free Size,Cotton Blend,True,7 days,8 days,2025-08-18T21:52:40.184767,category/beauty-&-health,meesho_complete_dataset_20250902_215240.json
MEESHO_1000717,Sangria Hair Oil - Toys & Games,Toys & Games,Toys & Games,Sangria,2814,1126,60,3.1,873,In Stock,Seller_47,https://images.meesho.com/images/products/1000717/1_512.jpg,https://www.meesho.com/product/1000717,High quality hair oil from Sangria. Perfect for daily wear.,7,Free Size,Cotton Blend,False,No return,7 days,2025-08-04T21:52:40.184773,category/toys-&-games,meesho_complete_dataset_20250902_215240.json
MEESHO_1000718,MIMOSA Casual Dress - Boys Clothing,Kids Clothing,Boys Clothing,MIMOSA,2256,1421,37,4.6,2412,Limited Stock,Seller_595,https://images.meesho.com/images/products/1000718/1_512.jpg,https://www.meesho.com/product/1000718,High quality casual dress from MIMOSA. Perfect for daily wear.,3,One Size,Silk,False,7 days,7 days,2025-08-21T21:52:40.184779,category/kids-clothing,meesho_complete_dataset_20250902_215240.json
MEESHO_1000719,Global Desi Formal Shirt - Jeans,Men Clothing,Jeans,Global Desi,2744,1948,29,3.4,3452,In Stock,Seller_142,https://images.meesho.com/images/products/1000719/1_512.jpg,https://www.meesho.com/product/1000719,High quality formal shirt from Global Desi. Perfect for daily wear.,4,Free Size,Polyester,False,15 days,3 days,2025-08-17T21:52:40.184785,category/men-clothing,meesho_complete_dataset_20250902_215240.json
MEESHO_1000720,DressBerry Handbag - Sports & Fitness,Sports & Fitness,Sports & Fitness,DressBerry,2910,2241,23,3.1,3891,In Stock,Seller_201,https://images.meesho.com/images/products/1000720/1_512.jpg,https://www.meesho.com/product/1000720,High quality handbag from DressBerry. Perfect for daily wear.,2,One Size,Polyester,True,7 days,9 days,2025-08-07T21:52:40.184791,category/sports-&-fitness,meesho_complete_dataset_20250902_215240.json
MEESHO_1000721,Varanga Running Shoes - Wallets,Bags & Footwear,Wallets,Varanga,1621,1281,21,4.3,2512,Out of Stock,Seller_415,https://images.meesho.com/images/products/1000721/1_512.jpg,https://www.meesho.com/product/1000721,High quality running shoes from Varanga. Perfect for daily wear.,6,"28,30,32,34",Silk,True,15 days,4 days,2025-08-18T21:52:40.184797,category/bags-&-footwear,meesho_complete_dataset_20250902_215240.json
MEESHO_1000722,MIMOSA Ethnic Suit - Baby Clothing,Kids Clothing,Baby Clothing,MIMOSA,207,168,19,4.1,1471,In Stock,Seller_62,https://images.meesho.com/images/products/1000722/1_512.jpg,https://www.meesho.com/product/1000722,High quality ethnic suit from MIMOSA. Perfect for daily wear.,3,"S,M,L,XL",Cotton Blend,True,No return,6 days,2025-08-27T21:52:40.184803,category/kids-clothing,meesho_complete_dataset_20250902_215240.json
MEESHO_1000723,HERE&NOW Kitchen Set - Ethnic Wear,Men Clothing,Ethnic Wear,HERE&NOW,1041,760,27,3.6,2020,In Stock,Seller_690,https://images.meesho.com/images/products/1000723/1_512.jpg,https://www.meesho.com/product/1000723,High quality kitchen set from HERE&NOW. Perfect for daily wear.,6,Free Size,Cotton Blend,True,15 days,9 days,2025-08-17T21:52:40.184808,category/men-clothing,meesho_complete_dataset_20250902_215240.json
MEESHO_1000724,Anouk Mobile Cover - T-Shirts,Men Clothing,T-Shirts,Anouk,2932,1056,64,3.8,4521,In Stock,Seller_709,https://images.meesho.com/images/products/1000724/1_512.jpg,https://www.meesho.com/product/1000724,High quality mobile cover from Anouk. Perfect for daily wear.,3,One Size,Cotton Blend,False,No return,6 days,2025-08-09T21:52:40.184814,category/men-clothing,meesho_complete_dataset_20250902_215240.json
MEESHO_1000725,SASSAFRAS Kitchen Set - Hair Accessories,Accessories,Hair Accessories,SASSAFRAS,1298,844,35,3.1,4457,In Stock,Seller_296,https://images.meesho.com/images/products/1000725/1_512.jpg,https://www.meesho.com/product/1000725,High quality kitchen set from SASSAFRAS. Perfect for daily wear.,2,"28,30,32,34",Polyester,False,7 days,3 days,2025-08-08T21:52:40.184820,category/accessories,meesho_complete_dataset_20250902_215240.json
MEESHO_1000726,SASSAFRAS Kitchen Set - Automotive,Automotive,Automotive,SASSAFRAS,1037,726,30,3.5,2457,Limited Stock,Seller_989,https://images.meesho.com/images/products/1000726/1_512.jpg,https://www.meesho.com/product/1000726,High quality kitchen set from SASSAFRAS. Perfect for daily wear.,5,One Size,Polyester,False,7 days,5 days,2025-09-01T21:52:40.184826,category/automotive,meesho_complete_dataset_20250902_215240.json
MEESHO_1000727,MIMOSA Face Cream - Shoes,Bags & Footwear,Shoes,MIMOSA,2843,1422,50,4.0,2661,Limited Stock,Seller_131,https://images.meesho.com/images/products/1000727/1_512.jpg,https://www.meesho.com/product/1000727,High quality face cream from MIMOSA. Perfect for daily wear.,2,"28,30,32,34",Cotton,True,7 days,10 days,2025-08-17T21:52:40.184833,category/bags-&-footwear,meesho_complete_dataset_20250902_215240.json
MEESHO_1000728,Sangria Casual Dress - Dresses,Women Clothing,Dresses,Sangria,1831,1501,18,3.5,4906,Out of Stock,Seller_511,https://images.meesho.com/images/products/1000728/1_512.jpg,https://www.meesho.com/product/1000728,High quality casual dress from Sangria. Perfect for daily wear.,3,Free Size,Cotton,False,15 days,6 days,2025-08-21T21:52:40.184839,category/women-clothing,meesho_complete_dataset_20250902_215240.json
MEESHO_1000729,Global Desi Mobile Cover - Baby Clothing,Kids Clothing,Baby Clothing,Global Desi,1410,1170,17,3.1,2853,In Stock,Seller_747,https://images.meesho.com/images/products/1000729/1_512.jpg,https://www.meesho.com/product/1000729,High quality mobile cover from Global Desi. Perfect for daily wear.,2,Free Size,Polyester,False,No return,10 days,2025-08-10T21:52:40.184845,category/kids-clothing,meesho_complete_dataset_20250902_215240.json
MEESHO_1000730,SASSAFRAS Denim Jeans - Sports & Fitness,Sports & Fitness,Sports & Fitness,SASSAFRAS,396,119,70,3.9,3806,Limited Stock,Seller_979,https://images.meesho.com/images/products/1000730/1_512.jpg,https://www.meesho.com/product/1000730,High quality denim jeans from SASSAFRAS. Perfect for daily wear.,7,One Size,Cotton Blend,True,15 days,4 days,2025-08-18T21:52:40.184851,category/sports-&-fitness,meesho_complete_dataset_20250902_215240.json
MEESHO_1000731,GoSriKi Printed Saree - Hair Accessories,Accessories,Hair Accessories,GoSriKi,2958,1124,62,4.3,2939,Limited Stock,Seller_681,https://images.meesho.com/images/products/1000731/1_512.jpg,https://www.meesho.com/product/1000731,High quality printed saree from GoSriKi. Perfect for daily wear.,7,"28,30,32,34",Rayon,True,7 days,5 days,2025-08-11T21:52:40.184857,category/accessories,meesho_complete_dataset_20250902_215240.json
MEESHO_1000732,Libas Mobile Cover - Toys & Games,Toys & Games,Toys & Games,Libas,2260,2034,10,3.8,4456,Out of Stock,Seller_663,https://images.meesho.com/images/products/1000732/1_512.jpg,https://www.meesho.com/product/1000732,High quality mobile cover from Libas. Perfect for daily wear.,1,One Size,Cotton Blend,False,7 days,7 days,2025-08-16T21:52:40.184863,category/toys-&-games,meesho_complete_dataset_20250902_215240.json
MEESHO_1000733,MIMOSA Wall Clock - Jeans,Men Clothing,Jeans,MIMOSA,2548,943,63,3.6,701,Limited Stock,Seller_327,https://images.meesho.com/images/products/1000733/1_512.jpg,https://www.meesho.com/product/1000733,High quality wall clock from MIMOSA. Perfect for daily wear.,1,Free Size,Rayon,False,7 days,6 days,2025-08-17T21:52:40.184869,category/men-clothing,meesho_complete_dataset_20250902_215240.json
MEESHO_1000734,GoSriKi Face Cream - Chargers,Electronics,Chargers,GoSriKi,1080,691,36,3.2,1026,Limited Stock,Seller_666,https://images.meesho.com/images/products/1000734/1_512.jpg,https://www.meesho.com/product/1000734,High quality face cream from GoSriKi. Perfect for daily wear.,3,"S,M,L,XL",Silk,True,No return,4 days,2025-08-10T21:52:40.184875,category/electronics,meesho_complete_dataset_20250902_215240.json
MEESHO_1000735,Roadster Kids T-Shirt - Books,Books,Books,Roadster,2427,1845,24,3.2,1073,In Stock,Seller_320,https://images.meesho.com/images/products/1000735/1_512.jpg,https://www.meesho.com/product/1000735,High quality kids t-shirt from Roadster. Perfect for daily wear.,6,Free Size,Cotton,False,15 days,4 days,2025-08-17T21:52:40.184881,category/books,meesho_complete_dataset_20250902_215240.json
MEESHO_1000736,Mast & Harbour Bedsheet Set - Baby Clothing,Kids Clothing,Baby Clothing,Mast & Harbour,2921,1869,36,4.5,1482,Limited Stock,Seller_668,https://images.meesho.com/images/products/1000736/1_512.jpg,https://www.meesho.com/product/1000736,High quality bedsheet set from Mast & Harbour. Perfect for daily wear.,5,Free Size,Cotton,True,No return,6 days,2025-09-02T21:52:40.184887,category/kids-clothing,meesho_complete_dataset_20250902_215240.json
MEESHO_1000737,Mast & Harbour Face Cream - Headphones,Electronics,Headphones,Mast & Harbour,866,511,41,3.4,3755,In Stock,Seller_358,https://images.meesho.com/images/products/1000737/1_512.jpg,https://www.meesho.com/product/1000737,High quality face cream from Mast & Harbour. Perfect for daily wear.,5,"S,M,L,XL",Silk,True,No return,6 days,2025-08-03T21:52:40.184893,category/electronics,meesho_complete_dataset_20250902_215240.json
MEESHO_1000738,Soch Jewelry Set - Books,Books,Books,Soch,2006,602,70,3.4,2579,Out of Stock,Seller_36,https://images.meesho.com/images/products/1000738/1_512.jpg,https://www.meesho.com/product/1000738,High quality jewelry set from Soch. Perfect for daily wear.,3,"S,M,L,XL",Silk,True,15 days,4 days,2025-08-21T21:52:40.184899,category/books,meesho_complete_dataset_20250902_215240.json
MEESHO_1000739,HERE&NOW Cotton Kurti - Toys & Games,Toys & Games,Toys & Games,HERE&NOW,2968,1454,51,4.1,4801,Limited Stock,Seller_375,https://images.meesho.com/images/products/1000739/1_512.jpg,https://www.meesho.com/product/1000739,High quality cotton kurti from HERE&NOW. Perfect for daily wear.,3,One Size,Silk,False,7 days,4 days,2025-08-10T21:52:40.184905,category/toys-&-games,meesho_complete_dataset_20250902_215240.json
MEESHO_1000740,Mast & Harbour Kids T-Shirt - Toys & Games,Toys & Games,Toys & Games,Mast & Harbour,1795,1490,17,3.8,2063,Limited Stock,Seller_376,https://images.meesho.com/images/products/1000740/1_512.jpg,https://www.meesho.com/product/1000740,High quality kids t-shirt from Mast & Harbour. Perfect for daily wear.,3,Free Size,Polyester,True,No return,4 days,2025-08-10T21:52:40.184911,category/toys-&-games,meesho_complete_dataset_20250902_215240.json
MEESHO_1000741,Vishudh Printed Saree - Hair Accessories,Accessories,Hair Accessories,Vishudh,1841,1326,28,4.0,4069,In Stock,Seller_720,https://images.meesho.com/images/products/1000741/1_512.jpg,https://www.meesho.com/product/1000741,High quality printed saree from Vishudh. Perfect for daily wear.,2,Free Size,Silk,True,No return,9 days,2025-08-20T21:52:40.184917,category/accessories,meesho_complete_dataset_20250902_215240.json
MEESHO_1000742,Varanga Face Cream - Sports & Fitness,Sports & Fitness,Sports & Fitness,Varanga,275,118,57,3.8,3053,In Stock,Seller_572,https://images.meesho.com/images/products/1000742/1_512.jpg,https://www.meesho.com/product/1000742,High quality face cream from Varanga. Perfect for daily wear.,2,One Size,Silk,False,15 days,6 days,2025-08-15T21:52:40.184924,category/sports-&-fitness,meesho_complete_dataset_20250902_215240.json
MEESHO_1000743,GoSriKi Wall Clock - Makeup,Beauty & Health,Makeup,GoSriKi,2069,828,60,3.5,4416,Out of Stock,Seller_45,https://images.meesho.com/images/products/1000743/1_512.jpg,https://www.meesho.com/product/1000743,High quality wall clock from GoSriKi. Perfect for daily wear.,3,One Size,Silk,False,7 days,6 days,2025-08-06T21:52:40.184930,category/beauty-&-health,meesho_complete_dataset_20250902_215240.json
MEESHO_1000744,Mast & Harbour Casual Dress - Bedding,Home & Kitchen,Bedding,Mast & Harbour,309,232,25,3.7,1262,In Stock,Seller_663,https://images.meesho.com/images/products/1000744/1_512.jpg,https://www.meesho.com/product/1000744,High quality casual dress from Mast & Harbour. Perfect for daily wear.,5,"S,M,L,XL",Silk,True,15 days,9 days,2025-08-24T21:52:40.184936,category/home-&-kitchen,meesho_complete_dataset_20250902_215240.json
MEESHO_1000745,Aks Cotton Kurti - Toys & Games,Toys & Games,Toys & Games,Aks,1183,994,16,4.5,3932,Limited Stock,Seller_4,https://images.meesho.com/images/products/1000745/1_512.jpg,https://www.meesho.com/product/1000745,High quality cotton kurti from Aks. Perfect for daily wear.,6,One Size,Rayon,False,No return,5 days,2025-08-28T21:52:40.184942,category/toys-&-games,meesho_complete_dataset_20250902_215240.json
MEESHO_1000746,Mast & Harbour Printed Saree - Backpacks,Bags & Footwear,Backpacks,Mast & Harbour,260,112,57,3.9,3758,Out of Stock,Seller_568,https://images.meesho.com/images/products/1000746/1_512.jpg,https://www.meesho.com/product/1000746,High quality printed saree from Mast & Harbour. Perfect for daily wear.,7,One Size,Silk,True,15 days,3 days,2025-09-02T21:52:40.184948,category/bags-&-footwear,meesho_complete_dataset_20250902_215240.json
MEESHO_1000747,Sangria Formal Shirt - Toys & Games,Toys & Games,Toys & Games,Sangria,1953,1465,25,3.2,1330,Limited Stock,Seller_991,https://images.meesho.com/images/products/1000747/1_512.jpg,https://www.meesho.com/product/1000747,High quality formal shirt from Sangria. Perfect for daily wear.,2,"28,30,32,34",Rayon,False,No return,7 days,2025-08-31T21:52:40.184954,category/toys-&-games,meesho_complete_dataset_20250902_215240.json
MEESHO_1000748,Mast & Harbour Ethnic Suit - Toys & Games,Toys & Games,Toys & Games,Mast & Harbour,1041,874,16,3.5,1999,In Stock,Seller_157,https://images.meesho.com/images/products/1000748/1_512.jpg,https://www.meesho.com/product/1000748,High quality ethnic suit from Mast & Harbour. Perfect for daily wear.,2,One Size,Silk,False,15 days,10 days,2025-08-13T21:52:40.184961,category/toys-&-games,meesho_complete_dataset_20250902_215240.json
MEESHO_1000749,Vishudh Kitchen Set - Sunglasses,Accessories,Sunglasses,Vishudh,2140,1049,51,4.0,2575,Limited Stock,Seller_348,https://images.meesho.com/images/products/1000749/1_512.jpg,https://www.meesho.com/product/1000749,High quality kitchen set from Vishudh. Perfect for daily wear.,7,"S,M,L,XL",Cotton,True,No return,5 days,2025-08-28T21:52:40.184967,category/accessories,meesho_complete_dataset_20250902_215240.json
MEESHO_1000750,Manthan Formal Shirt - Mobile Accessories,Electronics,Mobile Accessories,Manthan,2696,1806,33,4.0,3036,Out of Stock,Seller_423,https://images.meesho.com/images/products/1000750/1_512.jpg,https://www.meesho.com/product/1000750,High quality formal shirt from Manthan. Perfect for daily wear.,6,"S,M,L,XL",Cotton,False,No return,3 days,2025-08-16T21:52:40.184973,category/electronics,meesho_complete_dataset_20250902_215240.json
MEESHO_1000751,Roadster Bedsheet Set - Automotive,Automotive,Automotive,Roadster,2276,1661,27,3.6,707,In Stock,Seller_979,https://images.meesho.com/images/products/1000751/1_512.jpg,https://www.meesho.com/product/1000751,High quality bedsheet set from Roadster. Perfect for daily wear.,4,Free Size,Silk,True,15 days,8 days,2025-08-13T21:52:40.184979,category/automotive,meesho_complete_dataset_20250902_215240.json
MEESHO_1000752,Anouk Kitchen Set - Kurtas,Women Clothing,Kurtas,Anouk,2139,1818,15,3.8,3919,Limited Stock,Seller_374,https://images.meesho.com/images/products/1000752/1_512.jpg,https://www.meesho.com/product/1000752,High quality kitchen set from Anouk. Perfect for daily wear.,7,Free Size,Rayon,False,15 days,5 days,2025-08-25T21:52:40.184986,category/women-clothing,meesho_complete_dataset_20250902_215240.json
MEESHO_1000753,Sangria Kitchen Set - Kurtas,Women Clothing,Kurtas,Sangria,2359,1746,26,3.3,1372,Limited Stock,Seller_378,https://images.meesho.com/images/products/1000753/1_512.jpg,https://www.meesho.com/product/1000753,High quality kitchen set from Sangria. Perfect for daily wear.,8,"28,30,32,34",Polyester,False,7 days,7 days,2025-08-16T21:52:40.184992,category/women-clothing,meesho_complete_dataset_20250902_215240.json
MEESHO_1000754,DressBerry Handbag - Gadgets,Electronics,Gadgets,DressBerry,2156,690,68,4.3,99,Out of Stock,Seller_666,https://images.meesho.com/images/products/1000754/1_512.jpg,https://www.meesho.com/product/1000754,High quality handbag from DressBerry. Perfect for daily wear.,6,"28,30,32,34",Polyester,True,7 days,8 days,2025-08-25T21:52:40.184998,category/electronics,meesho_complete_dataset_20250902_215240.json
MEESHO_1000755,Indya Ethnic Suit - Sports & Fitness,Sports & Fitness,Sports & Fitness,Indya,2802,1261,55,3.9,2894,In Stock,Seller_412,https://images.meesho.com/images/products/1000755/1_512.jpg,https://www.meesho.com/product/1000755,High quality ethnic suit from Indya. Perfect for daily wear.,3,"28,30,32,34",Cotton,False,7 days,10 days,2025-08-12T21:52:40.185004,category/sports-&-fitness,meesho_complete_dataset_20250902_215240.json
MEESHO_1000756,Indya Cotton Kurti - Kitchen Appliances,Home & Kitchen,Kitchen Appliances,Indya,144,118,18,3.3,160,In Stock,Seller_277,https://images.meesho.com/images/products/1000756/1_512.jpg,https://www.meesho.com/product/1000756,High quality cotton kurti from Indya. Perfect for daily wear.,2,One Size,Silk,False,7 days,8 days,2025-08-07T21:52:40.185011,category/home-&-kitchen,meesho_complete_dataset_20250902_215240.json
MEESHO_1000757,Roadster Casual Dress - Jewelry,Accessories,Jewelry,Roadster,2067,1220,41,3.3,3651,Limited Stock,Seller_481,https://images.meesho.com/images/products/1000757/1_512.jpg,https://www.meesho.com/product/1000757,High quality casual dress from Roadster. Perfect for daily wear.,6,One Size,Rayon,True,7 days,5 days,2025-08-09T21:52:40.185017,category/accessories,meesho_complete_dataset_20250902_215240.json
MEESHO_1000758,GoSriKi Ethnic Suit - Sports & Fitness,Sports & Fitness,Sports & Fitness,GoSriKi,722,578,20,4.7,4408,Out of Stock,Seller_797,https://images.meesho.com/images/products/1000758/1_512.jpg,https://www.meesho.com/product/1000758,High quality ethnic suit from GoSriKi. Perfect for daily wear.,4,Free Size,Cotton,False,15 days,6 days,2025-08-18T21:52:40.185023,category/sports-&-fitness,meesho_complete_dataset_20250902_215240.json
MEESHO_1000759,DressBerry Formal Shirt - Sports & Fitness,Sports & Fitness,Sports & Fitness,DressBerry,2734,1804,34,4.4,3507,Out of Stock,Seller_341,https://images.meesho.com/images/products/1000759/1_512.jpg,https://www.meesho.com/product/1000759,High quality formal shirt from DressBerry. Perfect for daily wear.,2,"S,M,L,XL",Polyester,True,15 days,4 days,2025-08-28T21:52:40.185029,category/sports-&-fitness,meesho_complete_dataset_20250902_215240.json
MEESHO_1000760,Janasya Casual Dress - Shirts,Men Clothing,Shirts,Janasya,924,536,42,3.0,2453,Limited Stock,Seller_240,https://images.meesho.com/images/products/1000760/1_512.jpg,https://www.meesho.com/product/1000760,High quality casual dress from Janasya. Perfect for daily wear.,5,"28,30,32,34",Polyester,True,7 days,3 days,2025-08-22T21:52:40.185035,category/men-clothing,meesho_complete_dataset_20250902_215240.json
MEESHO_1000761,Libas Face Cream - Personal Care,Beauty & Health,Personal Care,Libas,1260,832,34,4.6,573,Limited Stock,Seller_752,https://images.meesho.com/images/products/1000761/1_512.jpg,https://www.meesho.com/product/1000761,High quality face cream from Libas. Perfect for daily wear.,2,Free Size,Cotton Blend,True,No return,3 days,2025-08-08T21:52:40.185041,category/beauty-&-health,meesho_complete_dataset_20250902_215240.json
MEESHO_1000762,HERE&NOW Running Shoes - Cleaning,Home & Kitchen,Cleaning,HERE&NOW,1304,887,32,4.8,1789,Out of Stock,Seller_760,https://images.meesho.com/images/products/1000762/1_512.jpg,https://www.meesho.com/product/1000762,High quality running shoes from HERE&NOW. Perfect for daily wear.,2,One Size,Silk,True,No return,10 days,2025-08-17T21:52:40.185046,category/home-&-kitchen,meesho_complete_dataset_20250902_215240.json
MEESHO_1000763,GoSriKi Jewelry Set - Sandals,Bags & Footwear,Sandals,GoSriKi,2803,1570,44,3.3,349,Out of Stock,Seller_808,https://images.meesho.com/images/products/1000763/1_512.jpg,https://www.meesho.com/product/1000763,High quality jewelry set from GoSriKi. Perfect for daily wear.,7,"28,30,32,34",Cotton,True,No return,4 days,2025-08-07T21:52:40.185052,category/bags-&-footwear,meesho_complete_dataset_20250902_215240.json
MEESHO_1000764,Varanga Hair Oil - Suits,Women Clothing,Suits,Varanga,552,232,58,3.5,4088,In Stock,Seller_834,https://images.meesho.com/images/products/1000764/1_512.jpg,https://www.meesho.com/product/1000764,High quality hair oil from Varanga. Perfect for daily wear.,3,"S,M,L,XL",Silk,False,No return,9 days,2025-09-01T21:52:40.185058,category/women-clothing,meesho_complete_dataset_20250902_215240.json
MEESHO_1000765,Indya Printed Saree - Kurtas,Women Clothing,Kurtas,Indya,2971,2258,24,3.5,933,Out of Stock,Seller_630,https://images.meesho.com/images/products/1000765/1_512.jpg,https://www.meesho.com/product/1000765,High quality printed saree from Indya. Perfect for daily wear.,5,"S,M,L,XL",Rayon,True,No return,8 days,2025-08-18T21:52:40.185064,category/women-clothing,meesho_complete_dataset_20250902_215240.json
MEESHO_1000766,Indya Bedsheet Set - Sandals,Bags & Footwear,Sandals,Indya,1964,1493,24,3.6,1404,Out of Stock,Seller_828,https://images.meesho.com/images/products/1000766/1_512.jpg,https://www.meesho.com/product/1000766,High quality bedsheet set from Indya. Perfect for daily wear.,4,Free Size,Cotton,True,7 days,6 days,2025-08-16T21:52:40.185070,category/bags-&-footwear,meesho_complete_dataset_20250902_215240.json
MEESHO_1000767,HERE&NOW Jewelry Set - Sports & Fitness,Sports & Fitness,Sports & Fitness,HERE&NOW,2809,2079,26,3.1,2217,In Stock,Seller_498,https://images.meesho.com/images/products/1000767/1_512.jpg,https://www.meesho.com/product/1000767,High quality jewelry set from HERE&NOW. Perfect for daily wear.,6,Free Size,Silk,False,No return,5 days,2025-08-28T21:52:40.185075,category/sports-&-fitness,meesho_complete_dataset_20250902_215240.json
MEESHO_1000768,MIMOSA Handbag - Books,Books,Books,MIMOSA,2077,1724,17,4.0,4761,Out of Stock,Seller_142,https://images.meesho.com/images/products/1000768/1_512.jpg,https://www.meesho.com/product/1000768,High quality handbag from MIMOSA. Perfect for daily wear.,6,"S,M,L,XL",Cotton Blend,True,7 days,8 days,2025-08-10T21:52:40.185081,category/books,meesho_complete_dataset_20250902_215240.json
MEESHO_1000769,HERE&NOW Running Shoes - Home Decor,Home & Kitchen,Home Decor,HERE&NOW,474,341,28,3.7,4012,Limited Stock,Seller_101,https://images.meesho.com/images/products/1000769/1_512.jpg,https://www.meesho.com/product/1000769,High quality running shoes from HERE&NOW. Perfect for daily wear.,7,"28,30,32,34",Rayon,True,15 days,3 days,2025-08-09T21:52:40.185089,category/home-&-kitchen,meesho_complete_dataset_20250902_215240.json
MEESHO_1000770,Manthan Cotton Kurti - Jeans,Men Clothing,Jeans,Manthan,1715,1063,38,4.3,4731,In Stock,Seller_547,https://images.meesho.com/images/products/1000770/1_512.jpg,https://www.meesho.com/product/1000770,High quality cotton kurti from Manthan. Perfect for daily wear.,4,Free Size,Cotton,True,No return,10 days,2025-08-18T21:52:40.185095,category/men-clothing,meesho_complete_dataset_20250902_215240.json
MEESHO_1000771,Vishudh Formal Shirt - Handbags,Bags & Footwear,Handbags,Vishudh,1834,1559,15,4.2,4248,Out of Stock,Seller_977,https://images.meesho.com/images/products/1000771/1_512.jpg,https://www.meesho.com/product/1000771,High quality formal shirt from Vishudh. Perfect for daily wear.,4,"S,M,L,XL",Cotton Blend,False,15 days,5 days,2025-08-18T21:52:40.185100,category/bags-&-footwear,meesho_complete_dataset_20250902_215240.json
MEESHO_1000772,Janasya Face Cream - Wallets,Bags & Footwear,Wallets,Janasya,1461,1213,17,3.9,3116,Out of Stock,Seller_60,https://images.meesho.com/images/products/1000772/1_512.jpg,https://www.meesho.com/product/1000772,High quality face cream from Janasya. Perfect for daily wear.,7,One Size,Silk,True,15 days,5 days,2025-08-17T21:52:40.185106,category/bags-&-footwear,meesho_complete_dataset_20250902_215240.json
MEESHO_1000773,Roadster Running Shoes - Books,Books,Books,Roadster,228,201,12,4.6,480,Out of Stock,Seller_260,https://images.meesho.com/images/products/1000773/1_512.jpg,https://www.meesho.com/product/1000773,High quality running shoes from Roadster. Perfect for daily wear.,6,One Size,Cotton,False,No return,10 days,2025-08-23T21:52:40.185112,category/books,meesho_complete_dataset_20250902_215240.json
MEESHO_1000774,Anouk Kitchen Set - Sports & Fitness,Sports & Fitness,Sports & Fitness,Anouk,1936,891,54,4.7,2559,In Stock,Seller_27,https://images.meesho.com/images/products/1000774/1_512.jpg,https://www.meesho.com/product/1000774,High quality kitchen set from Anouk. Perfect for daily wear.,6,Free Size,Cotton Blend,False,7 days,8 days,2025-08-10T21:52:40.185118,category/sports-&-fitness,meesho_complete_dataset_20250902_215240.json
MEESHO_1000775,Anouk Cotton Kurti - Headphones,Electronics,Headphones,Anouk,2119,784,63,4.0,462,Out of Stock,Seller_750,https://images.meesho.com/images/products/1000775/1_512.jpg,https://www.meesho.com/product/1000775,High quality cotton kurti from Anouk. Perfect for daily wear.,7,"28,30,32,34",Silk,False,15 days,10 days,2025-08-24T21:52:40.185124,category/electronics,meesho_complete_dataset_20250902_215240.json
MEESHO_1000776,SASSAFRAS Ethnic Suit - T-Shirts,Men Clothing,T-Shirts,SASSAFRAS,1907,1583,17,4.0,1275,Out of Stock,Seller_286,https://images.meesho.com/images/products/1000776/1_512.jpg,https://www.meesho.com/product/1000776,High quality ethnic suit from SASSAFRAS. Perfect for daily wear.,2,"28,30,32,34",Rayon,True,7 days,7 days,2025-08-04T21:52:40.185130,category/men-clothing,meesho_complete_dataset_20250902_215240.json
MEESHO_1000777,MIMOSA Casual Dress - Books,Books,Books,MIMOSA,1294,1009,22,3.1,2581,In Stock,Seller_495,https://images.meesho.com/images/products/1000777/1_512.jpg,https://www.meesho.com/product/1000777,High quality casual dress from MIMOSA. Perfect for daily wear.,3,"28,30,32,34",Cotton,False,15 days,9 days,2025-08-08T21:52:40.185136,category/books,meesho_complete_dataset_20250902_215240.json
MEESHO_1000778,Sangria Denim Jeans - Wallets,Bags & Footwear,Wallets,Sangria,2171,1216,44,3.8,3189,Limited Stock,Seller_842,https://images.meesho.com/images/products/1000778/1_512.jpg,https://www.meesho.com/product/1000778,High quality denim jeans from Sangria. Perfect for daily wear.,8,One Size,Polyester,True,No return,10 days,2025-08-23T21:52:40.185142,category/bags-&-footwear,meesho_complete_dataset_20250902_215240.json
MEESHO_1000779,Sangria Hair Oil - Boys Clothing,Kids Clothing,Boys Clothing,Sangria,2139,1005,53,4.8,3422,Limited Stock,Seller_257,https://images.meesho.com/images/products/1000779/1_512.jpg,https://www.meesho.com/product/1000779,High quality hair oil from Sangria. Perfect for daily wear.,4,"28,30,32,34",Polyester,False,7 days,4 days,2025-09-02T21:52:40.185149,category/kids-clothing,meesho_complete_dataset_20250902_215240.json
MEESHO_1000780,Roadster Kids T-Shirt - Sandals,Bags & Footwear,Sandals,Roadster,2307,1638,29,3.5,1302,In Stock,Seller_819,https://images.meesho.com/images/products/1000780/1_512.jpg,https://www.meesho.com/product/1000780,High quality kids t-shirt from Roadster. Perfect for daily wear.,7,One Size,Polyester,False,15 days,6 days,2025-08-18T21:52:40.185155,category/bags-&-footwear,meesho_complete_dataset_20250902_215240.json
MEESHO_1000781,Mast & Harbour Casual Dress - Books,Books,Books,Mast & Harbour,2547,891,65,3.0,3827,Out of Stock,Seller_149,https://images.meesho.com/images/products/1000781/1_512.jpg,https://www.meesho.com/product/1000781,High quality casual dress from Mast & Harbour. Perfect for daily wear.,7,"S,M,L,XL",Cotton,False,7 days,5 days,2025-08-07T21:52:40.185160,category/books,meesho_complete_dataset_20250902_215240.json
MEESHO_1000782,GoSriKi Jewelry Set - Books,Books,Books,GoSriKi,1814,635,65,4.1,4786,Limited Stock,Seller_766,https://images.meesho.com/images/products/1000782/1_512.jpg,https://www.meesho.com/product/1000782,High quality jewelry set from GoSriKi. Perfect for daily wear.,1,"28,30,32,34",Polyester,False,7 days,5 days,2025-08-06T21:52:40.185166,category/books,meesho_complete_dataset_20250902_215240.json
MEESHO_1000783,Manthan Wall Clock - Books,Books,Books,Manthan,1119,839,25,3.7,1988,Limited Stock,Seller_115,https://images.meesho.com/images/products/1000783/1_512.jpg,https://www.meesho.com/product/1000783,High quality wall clock from Manthan. Perfect for daily wear.,4,One Size,Cotton,False,15 days,7 days,2025-08-09T21:52:40.185172,category/books,meesho_complete_dataset_20250902_215240.json
MEESHO_1000784,Aks Face Cream - Books,Books,Books,Aks,2419,1040,57,4.1,3175,In Stock,Seller_476,https://images.meesho.com/images/products/1000784/1_512.jpg,https://www.meesho.com/product/1000784,High quality face cream from Aks. Perfect for daily wear.,7,One Size,Polyester,False,No return,3 days,2025-08-24T21:52:40.185178,category/books,meesho_complete_dataset_20250902_215240.json
MEESHO_1000785,DressBerry Denim Jeans - Books,Books,Books,DressBerry,2619,1100,58,3.1,4987,Limited Stock,Seller_669,https://images.meesho.com/images/products/1000785/1_512.jpg,https://www.meesho.com/product/1000785,High quality denim jeans from DressBerry. Perfect for daily wear.,8,"S,M,L,XL",Rayon,False,15 days,4 days,2025-09-01T21:52:40.185184,category/books,meesho_complete_dataset_20250902_215240.json
MEESHO_1000786,Libas Printed Saree - Skincare,Beauty & Health,Skincare,Libas,872,427,51,3.8,3057,Out of Stock,Seller_450,https://images.meesho.com/images/products/1000786/1_512.jpg,https://www.meesho.com/product/1000786,High quality printed saree from Libas. Perfect for daily wear.,2,Free Size,Polyester,False,15 days,9 days,2025-08-29T21:52:40.185189,category/beauty-&-health,meesho_complete_dataset_20250902_215240.json
MEESHO_1000787,HERE&NOW Kids T-Shirt - Books,Books,Books,HERE&NOW,2096,1488,29,3.5,4709,Limited Stock,Seller_265,https://images.meesho.com/images/products/1000787/1_512.jpg,https://www.meesho.com/product/1000787,High quality kids t-shirt from HERE&NOW. Perfect for daily wear.,2,"28,30,32,34",Polyester,False,No return,8 days,2025-08-12T21:52:40.185195,category/books,meesho_complete_dataset_20250902_215240.json
MEESHO_1000788,Anouk Running Shoes - Girls Clothing,Kids Clothing,Girls Clothing,Anouk,2200,1078,51,3.2,2079,In Stock,Seller_155,https://images.meesho.com/images/products/1000788/1_512.jpg,https://www.meesho.com/product/1000788,High quality running shoes from Anouk. Perfect for daily wear.,2,"S,M,L,XL",Cotton Blend,True,15 days,7 days,2025-08-14T21:52:40.185202,category/kids-clothing,meesho_complete_dataset_20250902_215240.json
MEESHO_1000789,MIMOSA Printed Saree - Backpacks,Bags & Footwear,Backpacks,MIMOSA,1979,613,69,4.6,4485,In Stock,Seller_461,https://images.meesho.com/images/products/1000789/1_512.jpg,https://www.meesho.com/product/1000789,High quality printed saree from MIMOSA. Perfect for daily wear.,3,"S,M,L,XL",Silk,False,No return,6 days,2025-08-20T21:52:40.185209,category/bags-&-footwear,meesho_complete_dataset_20250902_215240.json
MEESHO_1000790,SASSAFRAS Printed Saree - Gadgets,Electronics,Gadgets,SASSAFRAS,1566,595,62,3.4,3676,Out of Stock,Seller_150,https://images.meesho.com/images/products/1000790/1_512.jpg,https://www.meesho.com/product/1000790,High quality printed saree from SASSAFRAS. Perfect for daily wear.,1,"S,M,L,XL",Silk,False,No return,4 days,2025-08-17T21:52:40.185214,category/electronics,meesho_complete_dataset_20250902_215240.json
MEESHO_1000791,Anouk Formal Shirt - Hair Care,Beauty & Health,Hair Care,Anouk,1870,692,63,4.2,320,Limited Stock,Seller_936,https://images.meesho.com/images/products/1000791/1_512.jpg,https://www.meesho.com/product/1000791,High quality formal shirt from Anouk. Perfect for daily wear.,5,One Size,Rayon,True,15 days,6 days,2025-08-15T21:52:40.185222,category/beauty-&-health,meesho_complete_dataset_20250902_215240.json
MEESHO_1000792,Soch Running Shoes - Skincare,Beauty & Health,Skincare,Soch,538,323,40,3.3,1983,Out of Stock,Seller_806,https://images.meesho.com/images/products/1000792/1_512.jpg,https://www.meesho.com/product/1000792,High quality running shoes from Soch. Perfect for daily wear.,1,Free Size,Cotton,False,7 days,3 days,2025-08-08T21:52:40.185228,category/beauty-&-health,meesho_complete_dataset_20250902_215240.json
MEESHO_1000793,Roadster Wall Clock - Books,Books,Books,Roadster,168,50,70,3.8,4490,Out of Stock,Seller_716,https://images.meesho.com/images/products/1000793/1_512.jpg,https://www.meesho.com/product/1000793,High quality wall clock from Roadster. Perfect for daily wear.,7,"28,30,32,34",Silk,True,15 days,3 days,2025-08-14T21:52:40.185234,category/books,meesho_complete_dataset_20250902_215240.json
MEESHO_1000794,Libas Face Cream - Watches,Accessories,Watches,Libas,2522,1791,29,3.2,4509,Out of Stock,Seller_811,https://images.meesho.com/images/products/1000794/1_512.jpg,https://www.meesho.com/product/1000794,High quality face cream from Libas. Perfect for daily wear.,5,"28,30,32,34",Polyester,False,No return,5 days,2025-08-08T21:52:40.185240,category/accessories,meesho_complete_dataset_20250902_215240.json
MEESHO_1000795,Sangria Jewelry Set - Gadgets,Electronics,Gadgets,Sangria,608,347,43,4.0,4447,Out of Stock,Seller_596,https://images.meesho.com/images/products/1000795/1_512.jpg,https://www.meesho.com/product/1000795,High quality jewelry set from Sangria. Perfect for daily wear.,2,"S,M,L,XL",Polyester,False,7 days,7 days,2025-08-04T21:52:40.185246,category/electronics,meesho_complete_dataset_20250902_215240.json
MEESHO_1000796,HERE&NOW Kids T-Shirt - Jewelry,Accessories,Jewelry,HERE&NOW,756,227,70,4.4,798,In Stock,Seller_501,https://images.meesho.com/images/products/1000796/1_512.jpg,https://www.meesho.com/product/1000796,High quality kids t-shirt from HERE&NOW. Perfect for daily wear.,6,One Size,Polyester,True,15 days,7 days,2025-08-15T21:52:40.185252,category/accessories,meesho_complete_dataset_20250902_215240.json
MEESHO_1000797,DressBerry Kitchen Set - Mobile Accessories,Electronics,Mobile Accessories,DressBerry,1057,867,18,4.6,2356,Out of Stock,Seller_858,https://images.meesho.com/images/products/1000797/1_512.jpg,https://www.meesho.com/product/1000797,High quality kitchen set from DressBerry. Perfect for daily wear.,1,One Size,Silk,False,7 days,8 days,2025-09-02T21:52:40.185258,category/electronics,meesho_complete_dataset_20250902_215240.json
MEESHO_1000798,Aks Kids T-Shirt - Health Supplements,Beauty & Health,Health Supplements,Aks,347,111,68,3.5,2241,Out of Stock,Seller_552,https://images.meesho.com/images/products/1000798/1_512.jpg,https://www.meesho.com/product/1000798,High quality kids t-shirt from Aks. Perfect for daily wear.,4,Free Size,Rayon,False,No return,8 days,2025-08-07T21:52:40.185264,category/beauty-&-health,meesho_complete_dataset_20250902_215240.json
MEESHO_1000799,HERE&NOW Casual Dress - Books,Books,Books,HERE&NOW,224,177,21,3.4,1786,Limited Stock,Seller_91,https://images.meesho.com/images/products/1000799/1_512.jpg,https://www.meesho.com/product/1000799,High quality casual dress from HERE&NOW. Perfect for daily wear.,8,"S,M,L,XL",Polyester,True,7 days,10 days,2025-08-09T21:52:40.185270,category/books,meesho_complete_dataset_20250902_215240.json
MEESHO_1000800,MIMOSA Kitchen Set - Backpacks,Bags & Footwear,Backpacks,MIMOSA,1892,1362,28,3.7,2387,In Stock,Seller_478,https://images.meesho.com/images/products/1000800/1_512.jpg,https://www.meesho.com/product/1000800,High quality kitchen set from MIMOSA. Perfect for daily wear.,4,"28,30,32,34",Polyester,False,15 days,3 days,2025-09-01T21:52:40.185276,category/bags-&-footwear,meesho_complete_dataset_20250902_215240.json
MEESHO_1000801,MIMOSA Bedsheet Set - Bedding,Home & Kitchen,Bedding,MIMOSA,2330,1584,32,4.6,4500,Out of Stock,Seller_143,https://images.meesho.com/images/products/1000801/1_512.jpg,https://www.meesho.com/product/1000801,High quality bedsheet set from MIMOSA. Perfect for daily wear.,5,"S,M,L,XL",Silk,False,7 days,7 days,2025-08-22T21:52:40.185282,category/home-&-kitchen,meesho_complete_dataset_20250902_215240.json
MEESHO_1000802,GoSriKi Face Cream - Shirts,Men Clothing,Shirts,GoSriKi,1749,1329,24,3.5,1880,Out of Stock,Seller_35,https://images.meesho.com/images/products/1000802/1_512.jpg,https://www.meesho.com/product/1000802,High quality face cream from GoSriKi. Perfect for daily wear.,1,"28,30,32,34",Silk,False,No return,6 days,2025-08-11T21:52:40.185288,category/men-clothing,meesho_complete_dataset_20250902_215240.json
MEESHO_1000803,MIMOSA Hair Oil - Books,Books,Books,MIMOSA,1438,1122,22,3.7,4288,Out of Stock,Seller_321,https://images.meesho.com/images/products/1000803/1_512.jpg,https://www.meesho.com/product/1000803,High quality hair oil from MIMOSA. Perfect for daily wear.,7,"28,30,32,34",Cotton Blend,True,No return,9 days,2025-08-22T21:52:40.185294,category/books,meesho_complete_dataset_20250902_215240.json
MEESHO_1000804,Libas Jewelry Set - Sandals,Bags & Footwear,Sandals,Libas,2707,1895,30,4.1,1559,Limited Stock,Seller_879,https://images.meesho.com/images/products/1000804/1_512.jpg,https://www.meesho.com/product/1000804,High quality jewelry set from Libas. Perfect for daily wear.,3,"28,30,32,34",Silk,True,15 days,10 days,2025-08-16T21:52:40.185300,category/bags-&-footwear,meesho_complete_dataset_20250902_215240.json
MEESHO_1000805,Libas Face Cream - Books,Books,Books,Libas,857,591,31,4.5,67,Limited Stock,Seller_565,https://images.meesho.com/images/products/1000805/1_512.jpg,https://www.meesho.com/product/1000805,High quality face cream from Libas. Perfect for daily wear.,4,One Size,Cotton,False,7 days,5 days,2025-08-15T21:52:40.185306,category/books,meesho_complete_dataset_20250902_215240.json
MEESHO_1000806,Anouk Wall Clock - Handbags,Bags & Footwear,Handbags,Anouk,1758,1442,18,3.1,2986,Out of Stock,Seller_746,https://images.meesho.com/images/products/1000806/1_512.jpg,https://www.meesho.com/product/1000806,High quality wall clock from Anouk. Perfect for daily wear.,3,"S,M,L,XL",Silk,False,15 days,10 days,2025-08-07T21:52:40.185312,category/bags-&-footwear,meesho_complete_dataset_20250902_215240.json
MEESHO_1000807,Global Desi Wall Clock - Watches,Accessories,Watches,Global Desi,2339,748,68,3.9,2172,Limited Stock,Seller_621,https://images.meesho.com/images/products/1000807/1_512.jpg,https://www.meesho.com/product/1000807,High quality wall clock from Global Desi. Perfect for daily wear.,4,"S,M,L,XL",Polyester,True,7 days,7 days,2025-08-19T21:52:40.185317,category/accessories,meesho_complete_dataset_20250902_215240.json
MEESHO_1000808,Sangria Mobile Cover - Sports & Fitness,Sports & Fitness,Sports & Fitness,Sangria,1629,1401,14,3.5,2135,In Stock,Seller_206,https://images.meesho.com/images/products/1000808/1_512.jpg,https://www.meesho.com/product/1000808,High quality mobile cover from Sangria. Perfect for daily wear.,8,One Size,Cotton Blend,True,7 days,10 days,2025-09-01T21:52:40.185323,category/sports-&-fitness,meesho_complete_dataset_20250902_215240.json
MEESHO_1000809,Libas Casual Dress - Health Supplements,Beauty & Health,Health Supplements,Libas,1508,633,58,3.3,3978,Limited Stock,Seller_267,https://images.meesho.com/images/products/1000809/1_512.jpg,https://www.meesho.com/product/1000809,High quality casual dress from Libas. Perfect for daily wear.,5,"28,30,32,34",Polyester,False,7 days,6 days,2025-08-16T21:52:40.185329,category/beauty-&-health,meesho_complete_dataset_20250902_215240.json
MEESHO_1000810,Vishudh Casual Dress - Chargers,Electronics,Chargers,Vishudh,296,107,64,3.9,487,Limited Stock,Seller_174,https://images.meesho.com/images/products/1000810/1_512.jpg,https://www.meesho.com/product/1000810,High quality casual dress from Vishudh. Perfect for daily wear.,4,One Size,Cotton,True,7 days,5 days,2025-08-24T21:52:40.185335,category/electronics,meesho_complete_dataset_20250902_215240.json
MEESHO_1000811,HERE&NOW Wall Clock - Headphones,Electronics,Headphones,HERE&NOW,1892,738,61,4.6,4170,Limited Stock,Seller_957,https://images.meesho.com/images/products/1000811/1_512.jpg,https://www.meesho.com/product/1000811,High quality wall clock from HERE&NOW. Perfect for daily wear.,4,"28,30,32,34",Silk,False,7 days,4 days,2025-08-12T21:52:40.185340,category/electronics,meesho_complete_dataset_20250902_215240.json
MEESHO_1000812,Sangria Cotton Kurti - Suits,Women Clothing,Suits,Sangria,2998,1739,42,3.6,797,In Stock,Seller_149,https://images.meesho.com/images/products/1000812/1_512.jpg,https://www.meesho.com/product/1000812,High quality cotton kurti from Sangria. Perfect for daily wear.,6,One Size,Cotton Blend,False,No return,4 days,2025-09-02T21:52:40.185347,category/women-clothing,meesho_complete_dataset_20250902_215240.json
MEESHO_1000813,Mast & Harbour Bedsheet Set - Toys & Games,Toys & Games,Toys & Games,Mast & Harbour,1716,1321,23,4.2,1204,Out of Stock,Seller_235,https://images.meesho.com/images/products/1000813/1_512.jpg,https://www.meesho.com/product/1000813,High quality bedsheet set from Mast & Harbour. Perfect for daily wear.,4,Free Size,Silk,True,15 days,4 days,2025-08-30T21:52:40.185353,category/toys-&-games,meesho_complete_dataset_20250902_215240.json
MEESHO_1000814,Mast & Harbour Denim Jeans - Jewelry,Accessories,Jewelry,Mast & Harbour,304,164,46,3.7,1472,In Stock,Seller_319,https://images.meesho.com/images/products/1000814/1_512.jpg,https://www.meesho.com/product/1000814,High quality denim jeans from Mast & Harbour. Perfect for daily wear.,7,"S,M,L,XL",Rayon,False,7 days,4 days,2025-08-14T21:52:40.185360,category/accessories,meesho_complete_dataset_20250902_215240.json
MEESHO_1000815,Soch Kids T-Shirt - Toys & Games,Toys & Games,Toys & Games,Soch,2487,1691,32,3.8,1745,In Stock,Seller_950,https://images.meesho.com/images/products/1000815/1_512.jpg,https://www.meesho.com/product/1000815,High quality kids t-shirt from Soch. Perfect for daily wear.,1,Free Size,Cotton,False,No return,10 days,2025-08-06T21:52:40.185367,category/toys-&-games,meesho_complete_dataset_20250902_215240.json
MEESHO_1000816,Janasya Jewelry Set - School Uniforms,Kids Clothing,School Uniforms,Janasya,2487,1293,48,4.3,806,Out of Stock,Seller_315,https://images.meesho.com/images/products/1000816/1_512.jpg,https://www.meesho.com/product/1000816,High quality jewelry set from Janasya. Perfect for daily wear.,1,One Size,Rayon,False,15 days,3 days,2025-09-01T21:52:40.185372,category/kids-clothing,meesho_complete_dataset_20250902_215240.json
MEESHO_1000817,MIMOSA Handbag - Sports & Fitness,Sports & Fitness,Sports & Fitness,MIMOSA,239,96,60,3.1,397,Out of Stock,Seller_298,https://images.meesho.com/images/products/1000817/1_512.jpg,https://www.meesho.com/product/1000817,High quality handbag from MIMOSA. Perfect for daily wear.,1,Free Size,Silk,True,15 days,10 days,2025-08-18T21:52:40.185378,category/sports-&-fitness,meesho_complete_dataset_20250902_215240.json
MEESHO_1000818,Vishudh Wall Clock - Boys Clothing,Kids Clothing,Boys Clothing,Vishudh,701,224,68,3.7,2416,Out of Stock,Seller_727,https://images.meesho.com/images/products/1000818/1_512.jpg,https://www.meesho.com/product/1000818,High quality wall clock from Vishudh. Perfect for daily wear.,3,"28,30,32,34",Polyester,True,15 days,4 days,2025-08-29T21:52:40.185384,category/kids-clothing,meesho_complete_dataset_20250902_215240.json
MEESHO_1000819,Manthan Casual Dress - Bedding,Home & Kitchen,Bedding,Manthan,1524,1189,22,4.6,2468,In Stock,Seller_70,https://images.meesho.com/images/products/1000819/1_512.jpg,https://www.meesho.com/product/1000819,High quality casual dress from Manthan. Perfect for daily wear.,5,One Size,Silk,True,No return,3 days,2025-08-15T21:52:40.185390,category/home-&-kitchen,meesho_complete_dataset_20250902_215240.json
MEESHO_1000820,DressBerry Formal Shirt - Watches,Accessories,Watches,DressBerry,1157,486,58,4.7,852,In Stock,Seller_79,https://images.meesho.com/images/products/1000820/1_512.jpg,https://www.meesho.com/product/1000820,High quality formal shirt from DressBerry. Perfect for daily wear.,8,"S,M,L,XL",Cotton,False,7 days,4 days,2025-09-01T21:52:40.185395,category/accessories,meesho_complete_dataset_20250902_215240.json
MEESHO_1000821,Roadster Cotton Kurti - Mobile Accessories,Electronics,Mobile Accessories,Roadster,1749,682,61,3.9,4872,In Stock,Seller_830,https://images.meesho.com/images/products/1000821/1_512.jpg,https://www.meesho.com/product/1000821,High quality cotton kurti from Roadster. Perfect for daily wear.,3,Free Size,Silk,True,15 days,4 days,2025-08-03T21:52:40.185401,category/electronics,meesho_complete_dataset_20250902_215240.json
MEESHO_1000822,Janasya Ethnic Suit - Baby Clothing,Kids Clothing,Baby Clothing,Janasya,2169,803,63,4.6,3845,Limited Stock,Seller_805,https://images.meesho.com/images/products/1000822/1_512.jpg,https://www.meesho.com/product/1000822,High quality ethnic suit from Janasya. Perfect for daily wear.,8,"S,M,L,XL",Cotton,True,No return,9 days,2025-08-15T21:52:40.185408,category/kids-clothing,meesho_complete_dataset_20250902_215240.json
MEESHO_1000823,Anouk Ethnic Suit - Sandals,Bags & Footwear,Sandals,Anouk,1645,806,51,3.6,2721,Limited Stock,Seller_648,https://images.meesho.com/images/products/1000823/1_512.jpg,https://www.meesho.com/product/1000823,High quality ethnic suit from Anouk. Perfect for daily wear.,1,"28,30,32,34",Rayon,True,15 days,3 days,2025-08-08T21:52:40.185414,category/bags-&-footwear,meesho_complete_dataset_20250902_215240.json
MEESHO_1000824,MIMOSA Mobile Cover - Kitchen Appliances,Home & Kitchen,Kitchen Appliances,MIMOSA,1780,730,59,3.8,654,In Stock,Seller_601,https://images.meesho.com/images/products/1000824/1_512.jpg,https://www.meesho.com/product/1000824,High quality mobile cover from MIMOSA. Perfect for daily wear.,7,One Size,Cotton,False,15 days,8 days,2025-08-19T21:52:40.185421,category/home-&-kitchen,meesho_complete_dataset_20250902_215240.json
MEESHO_1000825,Global Desi Kids T-Shirt - Handbags,Bags & Footwear,Handbags,Global Desi,1213,1055,13,4.2,4711,Out of Stock,Seller_17,https://images.meesho.com/images/products/1000825/1_512.jpg,https://www.meesho.com/product/1000825,High quality kids t-shirt from Global Desi. Perfect for daily wear.,8,Free Size,Cotton Blend,True,No return,7 days,2025-08-18T21:52:40.185427,category/bags-&-footwear,meesho_complete_dataset_20250902_215240.json
MEESHO_1000826,Manthan Cotton Kurti - Sunglasses,Accessories,Sunglasses,Manthan,1032,485,53,3.7,3160,Out of Stock,Seller_367,https://images.meesho.com/images/products/1000826/1_512.jpg,https://www.meesho.com/product/1000826,High quality cotton kurti from Manthan. Perfect for daily wear.,1,"28,30,32,34",Polyester,True,No return,3 days,2025-08-16T21:52:40.185433,category/accessories,meesho_complete_dataset_20250902_215240.json
MEESHO_1000827,MIMOSA Denim Jeans - Hair Accessories,Accessories,Hair Accessories,MIMOSA,1084,531,51,4.4,3803,Out of Stock,Seller_860,https://images.meesho.com/images/products/1000827/1_512.jpg,https://www.meesho.com/product/1000827,High quality denim jeans from MIMOSA. Perfect for daily wear.,1,One Size,Cotton Blend,False,15 days,9 days,2025-08-27T21:52:40.185439,category/accessories,meesho_complete_dataset_20250902_215240.json
MEESHO_1000828,Janasya Jewelry Set - Automotive,Automotive,Automotive,Janasya,787,252,68,3.5,934,Limited Stock,Seller_636,https://images.meesho.com/images/products/1000828/1_512.jpg,https://www.meesho.com/product/1000828,High quality jewelry set from Janasya. Perfect for daily wear.,7,One Size,Silk,False,15 days,8 days,2025-09-02T21:52:40.185445,category/automotive,meesho_complete_dataset_20250902_215240.json
MEESHO_1000829,Global Desi Casual Dress - Home Decor,Home & Kitchen,Home Decor,Global Desi,1382,926,33,3.7,1605,Out of Stock,Seller_562,https://images.meesho.com/images/products/1000829/1_512.jpg,https://www.meesho.com/product/1000829,High quality casual dress from Global Desi. Perfect for daily wear.,5,One Size,Polyester,True,7 days,8 days,2025-08-24T21:52:40.185451,category/home-&-kitchen,meesho_complete_dataset_20250902_215240.json
MEESHO_1000830,Vishudh Ethnic Suit - Books,Books,Books,Vishudh,926,602,35,4.5,1559,Limited Stock,Seller_340,https://images.meesho.com/images/products/1000830/1_512.jpg,https://www.meesho.com/product/1000830,High quality ethnic suit from Vishudh. Perfect for daily wear.,1,One Size,Silk,False,15 days,10 days,2025-08-22T21:52:40.185456,category/books,meesho_complete_dataset_20250902_215240.json
MEESHO_1000831,Indya Ethnic Suit - Headphones,Electronics,Headphones,Indya,1878,732,61,3.8,3516,Limited Stock,Seller_763,https://images.meesho.com/images/products/1000831/1_512.jpg,https://www.meesho.com/product/1000831,High quality ethnic suit from Indya. Perfect for daily wear.,6,"28,30,32,34",Rayon,True,7 days,6 days,2025-08-15T21:52:40.185462,category/electronics,meesho_complete_dataset_20250902_215240.json
MEESHO_1000832,Mast & Harbour Ethnic Suit - Sports & Fitness,Sports & Fitness,Sports & Fitness,Mast & Harbour,374,236,37,4.5,3674,In Stock,Seller_563,https://images.meesho.com/images/products/1000832/1_512.jpg,https://www.meesho.com/product/1000832,High quality ethnic suit from Mast & Harbour. Perfect for daily wear.,5,Free Size,Cotton Blend,True,7 days,6 days,2025-08-26T21:52:40.185468,category/sports-&-fitness,meesho_complete_dataset_20250902_215240.json
MEESHO_1000833,MIMOSA Denim Jeans - Handbags,Bags & Footwear,Handbags,MIMOSA,264,180,32,3.2,4070,In Stock,Seller_661,https://images.meesho.com/images/products/1000833/1_512.jpg,https://www.meesho.com/product/1000833,High quality denim jeans from MIMOSA. Perfect for daily wear.,3,One Size,Silk,False,15 days,9 days,2025-08-03T21:52:40.185475,category/bags-&-footwear,meesho_complete_dataset_20250902_215240.json
MEESHO_1000834,Vishudh Mobile Cover - Sandals,Bags & Footwear,Sandals,Vishudh,2684,1745,35,4.3,4152,Limited Stock,Seller_429,https://images.meesho.com/images/products/1000834/1_512.jpg,https://www.meesho.com/product/1000834,High quality mobile cover from Vishudh. Perfect for daily wear.,8,Free Size,Rayon,False,15 days,6 days,2025-08-28T21:52:40.185481,category/bags-&-footwear,meesho_complete_dataset_20250902_215240.json
MEESHO_1000835,Indya Ethnic Suit - Backpacks,Bags & Footwear,Backpacks,Indya,745,492,34,3.8,2266,In Stock,Seller_14,https://images.meesho.com/images/products/1000835/1_512.jpg,https://www.meesho.com/product/1000835,High quality ethnic suit from Indya. Perfect for daily wear.,8,"28,30,32,34",Rayon,False,No return,9 days,2025-08-27T21:52:40.185487,category/bags-&-footwear,meesho_complete_dataset_20250902_215240.json
MEESHO_1000836,Soch Jewelry Set - Toys & Games,Toys & Games,Toys & Games,Soch,1645,724,56,3.0,1138,Out of Stock,Seller_252,https://images.meesho.com/images/products/1000836/1_512.jpg,https://www.meesho.com/product/1000836,High quality jewelry set from Soch. Perfect for daily wear.,6,"28,30,32,34",Silk,True,No return,8 days,2025-08-18T21:52:40.185493,category/toys-&-games,meesho_complete_dataset_20250902_215240.json
MEESHO_1000837,Anouk Bedsheet Set - Home Decor,Home & Kitchen,Home Decor,Anouk,2120,1166,45,4.6,1576,In Stock,Seller_283,https://images.meesho.com/images/products/1000837/1_512.jpg,https://www.meesho.com/product/1000837,High quality bedsheet set from Anouk. Perfect for daily wear.,1,One Size,Rayon,False,No return,6 days,2025-08-21T21:52:40.185499,category/home-&-kitchen,meesho_complete_dataset_20250902_215240.json
MEESHO_1000838,Mast & Harbour Handbag - Books,Books,Books,Mast & Harbour,2535,1394,45,4.3,1998,Limited Stock,Seller_970,https://images.meesho.com/images/products/1000838/1_512.jpg,https://www.meesho.com/product/1000838,High quality handbag from Mast & Harbour. Perfect for daily wear.,5,One Size,Cotton,True,No return,5 days,2025-08-30T21:52:40.185506,category/books,meesho_complete_dataset_20250902_215240.json
MEESHO_1000839,GoSriKi Ethnic Suit - School Uniforms,Kids Clothing,School Uniforms,GoSriKi,2019,1474,27,4.5,2221,Out of Stock,Seller_604,https://images.meesho.com/images/products/1000839/1_512.jpg,https://www.meesho.com/product/1000839,High quality ethnic suit from GoSriKi. Perfect for daily wear.,2,"28,30,32,34",Polyester,True,No return,7 days,2025-08-06T21:52:40.185511,category/kids-clothing,meesho_complete_dataset_20250902_215240.json
MEESHO_1000840,Mast & Harbour Kitchen Set - Tops,Women Clothing,Tops,Mast & Harbour,562,416,26,4.6,536,Out of Stock,Seller_486,https://images.meesho.com/images/products/1000840/1_512.jpg,https://www.meesho.com/product/1000840,High quality kitchen set from Mast & Harbour. Perfect for daily wear.,5,One Size,Cotton Blend,False,15 days,3 days,2025-08-28T21:52:40.185517,category/women-clothing,meesho_complete_dataset_20250902_215240.json
MEESHO_1000841,Sangria Mobile Cover - Toys & Games,Toys & Games,Toys & Games,Sangria,726,399,45,4.4,1864,Out of Stock,Seller_915,https://images.meesho.com/images/products/1000841/1_512.jpg,https://www.meesho.com/product/1000841,High quality mobile cover from Sangria. Perfect for daily wear.,6,Free Size,Silk,True,7 days,3 days,2025-08-27T21:52:40.185523,category/toys-&-games,meesho_complete_dataset_20250902_215240.json
MEESHO_1000842,Vishudh Wall Clock - Sports & Fitness,Sports & Fitness,Sports & Fitness,Vishudh,1808,542,70,4.8,4049,Out of Stock,Seller_581,https://images.meesho.com/images/products/1000842/1_512.jpg,https://www.meesho.com/product/1000842,High quality wall clock from Vishudh. Perfect for daily wear.,7,Free Size,Cotton Blend,True,15 days,6 days,2025-08-30T21:52:40.185529,category/sports-&-fitness,meesho_complete_dataset_20250902_215240.json
MEESHO_1000843,Mast & Harbour Formal Shirt - Hair Care,Beauty & Health,Hair Care,Mast & Harbour,2160,1814,16,4.7,4283,Limited Stock,Seller_338,https://images.meesho.com/images/products/1000843/1_512.jpg,https://www.meesho.com/product/1000843,High quality formal shirt from Mast & Harbour. Perfect for daily wear.,3,Free Size,Silk,False,15 days,3 days,2025-08-22T21:52:40.185535,category/beauty-&-health,meesho_complete_dataset_20250902_215240.json
MEESHO_1000844,DressBerry Handbag - Skincare,Beauty & Health,Skincare,DressBerry,2458,1549,37,4.6,4321,Limited Stock,Seller_210,https://images.meesho.com/images/products/1000844/1_512.jpg,https://www.meesho.com/product/1000844,High quality handbag from DressBerry. Perfect for daily wear.,1,One Size,Cotton,False,15 days,3 days,2025-08-23T21:52:40.185542,category/beauty-&-health,meesho_complete_dataset_20250902_215240.json
MEESHO_1000845,Aks Cotton Kurti - Storage,Home & Kitchen,Storage,Aks,2798,1091,61,3.7,1008,Limited Stock,Seller_156,https://images.meesho.com/images/products/1000845/1_512.jpg,https://www.meesho.com/product/1000845,High quality cotton kurti from Aks. Perfect for daily wear.,7,"S,M,L,XL",Silk,False,No return,4 days,2025-09-01T21:52:40.185548,category/home-&-kitchen,meesho_complete_dataset_20250902_215240.json
MEESHO_1000846,Janasya Casual Dress - Dresses,Women Clothing,Dresses,Janasya,423,376,11,3.3,2325,In Stock,Seller_540,https://images.meesho.com/images/products/1000846/1_512.jpg,https://www.meesho.com/product/1000846,High quality casual dress from Janasya. Perfect for daily wear.,1,One Size,Polyester,True,No return,4 days,2025-08-23T21:52:40.185554,category/women-clothing,meesho_complete_dataset_20250902_215240.json
MEESHO_1000847,Anouk Cotton Kurti - Toys & Games,Toys & Games,Toys & Games,Anouk,2669,1762,34,4.2,4641,In Stock,Seller_815,https://images.meesho.com/images/products/1000847/1_512.jpg,https://www.meesho.com/product/1000847,High quality cotton kurti from Anouk. Perfect for daily wear.,3,One Size,Cotton,False,No return,4 days,2025-08-30T21:52:40.185560,category/toys-&-games,meesho_complete_dataset_20250902_215240.json
MEESHO_1000848,Roadster Bedsheet Set - Backpacks,Bags & Footwear,Backpacks,Roadster,1693,965,43,3.1,2213,Limited Stock,Seller_987,https://images.meesho.com/images/products/1000848/1_512.jpg,https://www.meesho.com/product/1000848,High quality bedsheet set from Roadster. Perfect for daily wear.,1,Free Size,Silk,False,No return,5 days,2025-08-15T21:52:40.185566,category/bags-&-footwear,meesho_complete_dataset_20250902_215240.json
MEESHO_1000849,HERE&NOW Formal Shirt - Personal Care,Beauty & Health,Personal Care,HERE&NOW,378,155,59,3.9,4819,Limited Stock,Seller_444,https://images.meesho.com/images/products/1000849/1_512.jpg,https://www.meesho.com/product/1000849,High quality formal shirt from HERE&NOW. Perfect for daily wear.,3,"S,M,L,XL",Cotton,True,15 days,7 days,2025-09-01T21:52:40.185572,category/beauty-&-health,meesho_complete_dataset_20250902_215240.json
MEESHO_1000850,SASSAFRAS Handbag - Girls Clothing,Kids Clothing,Girls Clothing,SASSAFRAS,2061,1731,16,3.4,2879,In Stock,Seller_718,https://images.meesho.com/images/products/1000850/1_512.jpg,https://www.meesho.com/product/1000850,High quality handbag from SASSAFRAS. Perfect for daily wear.,5,"S,M,L,XL",Silk,True,No return,3 days,2025-08-16T21:52:40.185578,category/kids-clothing,meesho_complete_dataset_20250902_215240.json
MEESHO_1000851,Mast & Harbour Bedsheet Set - Books,Books,Books,Mast & Harbour,827,447,46,4.5,4256,Limited Stock,Seller_200,https://images.meesho.com/images/products/1000851/1_512.jpg,https://www.meesho.com/product/1000851,High quality bedsheet set from Mast & Harbour. Perfect for daily wear.,8,One Size,Silk,True,15 days,9 days,2025-08-22T21:52:40.185584,category/books,meesho_complete_dataset_20250902_215240.json
MEESHO_1000852,Varanga Running Shoes - Dresses,Women Clothing,Dresses,Varanga,2138,1903,11,3.3,2039,In Stock,Seller_329,https://images.meesho.com/images/products/1000852/1_512.jpg,https://www.meesho.com/product/1000852,High quality running shoes from Varanga. Perfect for daily wear.,2,Free Size,Cotton Blend,True,15 days,7 days,2025-08-24T21:52:40.185590,category/women-clothing,meesho_complete_dataset_20250902_215240.json
MEESHO_1000853,MIMOSA Kids T-Shirt - Books,Books,Books,MIMOSA,1054,569,46,4.1,1412,Limited Stock,Seller_842,https://images.meesho.com/images/products/1000853/1_512.jpg,https://www.meesho.com/product/1000853,High quality kids t-shirt from MIMOSA. Perfect for daily wear.,6,One Size,Rayon,True,No return,6 days,2025-08-24T21:52:40.185596,category/books,meesho_complete_dataset_20250902_215240.json
MEESHO_1000854,Varanga Face Cream - Books,Books,Books,Varanga,399,144,64,4.2,575,Limited Stock,Seller_4,https://images.meesho.com/images/products/1000854/1_512.jpg,https://www.meesho.com/product/1000854,High quality face cream from Varanga. Perfect for daily wear.,5,"28,30,32,34",Rayon,True,7 days,8 days,2025-08-17T21:52:40.185602,category/books,meesho_complete_dataset_20250902_215240.json
MEESHO_1000855,Aks Printed Saree - Toys & Games,Toys & Games,Toys & Games,Aks,2395,1724,28,4.3,320,Limited Stock,Seller_953,https://images.meesho.com/images/products/1000855/1_512.jpg,https://www.meesho.com/product/1000855,High quality printed saree from Aks. Perfect for daily wear.,5,"S,M,L,XL",Cotton,False,7 days,6 days,2025-08-07T21:52:40.185609,category/toys-&-games,meesho_complete_dataset_20250902_215240.json
MEESHO_1000856,Sangria Cotton Kurti - Kurtas,Women Clothing,Kurtas,Sangria,1927,1060,45,4.8,1417,In Stock,Seller_920,https://images.meesho.com/images/products/1000856/1_512.jpg,https://www.meesho.com/product/1000856,High quality cotton kurti from Sangria. Perfect for daily wear.,4,"28,30,32,34",Cotton,True,No return,10 days,2025-08-20T21:52:40.185615,category/women-clothing,meesho_complete_dataset_20250902_215240.json
MEESHO_1000857,Varanga Mobile Cover - Jeans,Men Clothing,Jeans,Varanga,2903,1945,33,4.6,4189,Out of Stock,Seller_400,https://images.meesho.com/images/products/1000857/1_512.jpg,https://www.meesho.com/product/1000857,High quality mobile cover from Varanga. Perfect for daily wear.,4,"S,M,L,XL",Silk,False,7 days,5 days,2025-08-06T21:52:40.185620,category/men-clothing,meesho_complete_dataset_20250902_215240.json
MEESHO_1000858,Libas Kitchen Set - Toys & Games,Toys & Games,Toys & Games,Libas,1198,443,63,3.9,2879,Limited Stock,Seller_979,https://images.meesho.com/images/products/1000858/1_512.jpg,https://www.meesho.com/product/1000858,High quality kitchen set from Libas. Perfect for daily wear.,2,Free Size,Polyester,True,No return,9 days,2025-08-29T21:52:40.185626,category/toys-&-games,meesho_complete_dataset_20250902_215240.json
MEESHO_1000859,MIMOSA Ethnic Suit - Home Decor,Home & Kitchen,Home Decor,MIMOSA,155,138,11,3.7,3274,In Stock,Seller_923,https://images.meesho.com/images/products/1000859/1_512.jpg,https://www.meesho.com/product/1000859,High quality ethnic suit from MIMOSA. Perfect for daily wear.,3,"S,M,L,XL",Cotton,True,No return,4 days,2025-08-15T21:52:40.185632,category/home-&-kitchen,meesho_complete_dataset_20250902_215240.json
MEESHO_1000860,MIMOSA Face Cream - Toys & Games,Toys & Games,Toys & Games,MIMOSA,2261,769,66,4.4,4155,Out of Stock,Seller_739,https://images.meesho.com/images/products/1000860/1_512.jpg,https://www.meesho.com/product/1000860,High quality face cream from MIMOSA. Perfect for daily wear.,7,Free Size,Polyester,True,7 days,7 days,2025-08-29T21:52:40.185639,category/toys-&-games,meesho_complete_dataset_20250902_215240.json
MEESHO_1000861,GoSriKi Kitchen Set - Wallets,Bags & Footwear,Wallets,GoSriKi,121,94,22,3.2,94,In Stock,Seller_704,https://images.meesho.com/images/products/1000861/1_512.jpg,https://www.meesho.com/product/1000861,High quality kitchen set from GoSriKi. Perfect for daily wear.,6,"28,30,32,34",Cotton Blend,True,No return,6 days,2025-09-02T21:52:40.185645,category/bags-&-footwear,meesho_complete_dataset_20250902_215240.json
MEESHO_1000862,Global Desi Face Cream - Sports & Fitness,Sports & Fitness,Sports & Fitness,Global Desi,751,518,31,3.9,2765,Out of Stock,Seller_221,https://images.meesho.com/images/products/1000862/1_512.jpg,https://www.meesho.com/product/1000862,High quality face cream from Global Desi. Perfect for daily wear.,4,"S,M,L,XL",Cotton Blend,False,15 days,3 days,2025-08-13T21:52:40.185651,category/sports-&-fitness,meesho_complete_dataset_20250902_215240.json
MEESHO_1000863,Manthan Hair Oil - School Uniforms,Kids Clothing,School Uniforms,Manthan,1916,1629,15,4.7,3955,In Stock,Seller_785,https://images.meesho.com/images/products/1000863/1_512.jpg,https://www.meesho.com/product/1000863,High quality hair oil from Manthan. Perfect for daily wear.,1,"S,M,L,XL",Rayon,False,7 days,3 days,2025-08-17T21:52:40.185657,category/kids-clothing,meesho_complete_dataset_20250902_215240.json
MEESHO_1000864,Aks Wall Clock - Toys & Games,Toys & Games,Toys & Games,Aks,1756,1457,17,3.8,1071,In Stock,Seller_198,https://images.meesho.com/images/products/1000864/1_512.jpg,https://www.meesho.com/product/1000864,High quality wall clock from Aks. Perfect for daily wear.,8,"28,30,32,34",Cotton Blend,False,7 days,7 days,2025-08-28T21:52:40.185663,category/toys-&-games,meesho_complete_dataset_20250902_215240.json
MEESHO_1000865,Anouk Kids T-Shirt - Hair Accessories,Accessories,Hair Accessories,Anouk,2406,2069,14,3.8,3029,Limited Stock,Seller_2,https://images.meesho.com/images/products/1000865/1_512.jpg,https://www.meesho.com/product/1000865,High quality kids t-shirt from Anouk. Perfect for daily wear.,6,One Size,Cotton Blend,True,15 days,9 days,2025-08-19T21:52:40.185668,category/accessories,meesho_complete_dataset_20250902_215240.json
MEESHO_1000866,Manthan Kitchen Set - Health Supplements,Beauty & Health,Health Supplements,Manthan,2972,1486,50,4.8,4390,In Stock,Seller_982,https://images.meesho.com/images/products/1000866/1_512.jpg,https://www.meesho.com/product/1000866,High quality kitchen set from Manthan. Perfect for daily wear.,4,"S,M,L,XL",Rayon,True,No return,6 days,2025-08-18T21:52:40.185674,category/beauty-&-health,meesho_complete_dataset_20250902_215240.json
MEESHO_1000867,SASSAFRAS Casual Dress - Handbags,Bags & Footwear,Handbags,SASSAFRAS,1087,554,49,4.0,2817,Out of Stock,Seller_284,https://images.meesho.com/images/products/1000867/1_512.jpg,https://www.meesho.com/product/1000867,High quality casual dress from SASSAFRAS. Perfect for daily wear.,1,"28,30,32,34",Cotton,True,No return,5 days,2025-08-11T21:52:40.185680,category/bags-&-footwear,meesho_complete_dataset_20250902_215240.json
MEESHO_1000868,Mast & Harbour Casual Dress - Kitchen Appliances,Home & Kitchen,Kitchen Appliances,Mast & Harbour,110,54,51,4.4,225,Out of Stock,Seller_322,https://images.meesho.com/images/products/1000868/1_512.jpg,https://www.meesho.com/product/1000868,High quality casual dress from Mast & Harbour. Perfect for daily wear.,1,Free Size,Rayon,False,No return,4 days,2025-08-25T21:52:40.185686,category/home-&-kitchen,meesho_complete_dataset_20250902_215240.json
MEESHO_1000869,SASSAFRAS Kids T-Shirt - Toys & Games,Toys & Games,Toys & Games,SASSAFRAS,224,195,13,3.9,4564,Limited Stock,Seller_527,https://images.meesho.com/images/products/1000869/1_512.jpg,https://www.meesho.com/product/1000869,High quality kids t-shirt from SASSAFRAS. Perfect for daily wear.,7,"S,M,L,XL",Cotton,True,15 days,4 days,2025-08-10T21:52:40.185692,category/toys-&-games,meesho_complete_dataset_20250902_215240.json
MEESHO_1000870,GoSriKi Bedsheet Set - Automotive,Automotive,Automotive,GoSriKi,2852,2225,22,3.0,3495,In Stock,Seller_223,https://images.meesho.com/images/products/1000870/1_512.jpg,https://www.meesho.com/product/1000870,High quality bedsheet set from GoSriKi. Perfect for daily wear.,7,Free Size,Cotton Blend,False,7 days,6 days,2025-08-24T21:52:40.185699,category/automotive,meesho_complete_dataset_20250902_215240.json
MEESHO_1000871,Janasya Hair Oil - Kitchen Appliances,Home & Kitchen,Kitchen Appliances,Janasya,2631,2236,15,4.3,1338,Out of Stock,Seller_670,https://images.meesho.com/images/products/1000871/1_512.jpg,https://www.meesho.com/product/1000871,High quality hair oil from Janasya. Perfect for daily wear.,1,"28,30,32,34",Cotton Blend,False,7 days,7 days,2025-08-24T21:52:40.185704,category/home-&-kitchen,meesho_complete_dataset_20250902_215240.json
MEESHO_1000872,Anouk Ethnic Suit - Jewelry,Accessories,Jewelry,Anouk,1262,517,59,3.0,3326,Out of Stock,Seller_549,https://images.meesho.com/images/products/1000872/1_512.jpg,https://www.meesho.com/product/1000872,High quality ethnic suit from Anouk. Perfect for daily wear.,1,One Size,Silk,False,No return,5 days,2025-08-12T21:52:40.185711,category/accessories,meesho_complete_dataset_20250902_215240.json
MEESHO_1000873,Aks Formal Shirt - Backpacks,Bags & Footwear,Backpacks,Aks,2012,1710,15,3.2,464,Limited Stock,Seller_977,https://images.meesho.com/images/products/1000873/1_512.jpg,https://www.meesho.com/product/1000873,High quality formal shirt from Aks. Perfect for daily wear.,3,"28,30,32,34",Cotton,True,No return,8 days,2025-08-30T21:52:40.185716,category/bags-&-footwear,meesho_complete_dataset_20250902_215240.json
MEESHO_1000874,Libas Running Shoes - Health Supplements,Beauty & Health,Health Supplements,Libas,1211,690,43,3.9,727,In Stock,Seller_954,https://images.meesho.com/images/products/1000874/1_512.jpg,https://www.meesho.com/product/1000874,High quality running shoes from Libas. Perfect for daily wear.,5,Free Size,Cotton,False,7 days,4 days,2025-08-20T21:52:40.185722,category/beauty-&-health,meesho_complete_dataset_20250902_215240.json
MEESHO_1000875,Mast & Harbour Cotton Kurti - Kurtas,Men Clothing,Kurtas,Mast & Harbour,2824,1243,56,4.4,1496,In Stock,Seller_964,https://images.meesho.com/images/products/1000875/1_512.jpg,https://www.meesho.com/product/1000875,High quality cotton kurti from Mast & Harbour. Perfect for daily wear.,7,"S,M,L,XL",Cotton Blend,False,No return,7 days,2025-08-23T21:52:40.185728,category/men-clothing,meesho_complete_dataset_20250902_215240.json
MEESHO_1000876,Manthan Bedsheet Set - School Uniforms,Kids Clothing,School Uniforms,Manthan,1288,425,67,3.4,2425,Limited Stock,Seller_936,https://images.meesho.com/images/products/1000876/1_512.jpg,https://www.meesho.com/product/1000876,High quality bedsheet set from Manthan. Perfect for daily wear.,5,"28,30,32,34",Polyester,True,15 days,5 days,2025-08-04T21:52:40.185735,category/kids-clothing,meesho_complete_dataset_20250902_215240.json
MEESHO_1000877,Janasya Running Shoes - Toys & Games,Toys & Games,Toys & Games,Janasya,360,115,68,4.5,4176,In Stock,Seller_617,https://images.meesho.com/images/products/1000877/1_512.jpg,https://www.meesho.com/product/1000877,High quality running shoes from Janasya. Perfect for daily wear.,8,"28,30,32,34",Rayon,False,15 days,10 days,2025-08-30T21:52:40.185741,category/toys-&-games,meesho_complete_dataset_20250902_215240.json
MEESHO_1000878,Aks Face Cream - Shirts,Men Clothing,Shirts,Aks,680,313,54,3.1,1498,Out of Stock,Seller_789,https://images.meesho.com/images/products/1000878/1_512.jpg,https://www.meesho.com/product/1000878,High quality face cream from Aks. Perfect for daily wear.,4,Free Size,Rayon,False,7 days,6 days,2025-08-17T21:52:40.185747,category/men-clothing,meesho_complete_dataset_20250902_215240.json
MEESHO_1000879,GoSriKi Formal Shirt - Shirts,Men Clothing,Shirts,GoSriKi,2647,794,70,3.3,3650,Out of Stock,Seller_191,https://images.meesho.com/images/products/1000879/1_512.jpg,https://www.meesho.com/product/1000879,High quality formal shirt from GoSriKi. Perfect for daily wear.,8,"28,30,32,34",Rayon,True,No return,3 days,2025-08-31T21:52:40.185754,category/men-clothing,meesho_complete_dataset_20250902_215240.json
MEESHO_1000880,GoSriKi Handbag - Wallets,Bags & Footwear,Wallets,GoSriKi,1781,1478,17,3.7,4404,Limited Stock,Seller_931,https://images.meesho.com/images/products/1000880/1_512.jpg,https://www.meesho.com/product/1000880,High quality handbag from GoSriKi. Perfect for daily wear.,2,Free Size,Rayon,False,15 days,9 days,2025-08-29T21:52:40.185760,category/bags-&-footwear,meesho_complete_dataset_20250902_215240.json
MEESHO_1000881,Libas Printed Saree - Mobile Accessories,Electronics,Mobile Accessories,Libas,182,109,40,4.2,2339,Out of Stock,Seller_655,https://images.meesho.com/images/products/1000881/1_512.jpg,https://www.meesho.com/product/1000881,High quality printed saree from Libas. Perfect for daily wear.,1,"28,30,32,34",Rayon,False,7 days,4 days,2025-09-01T21:52:40.185766,category/electronics,meesho_complete_dataset_20250902_215240.json
MEESHO_1000882,Manthan Denim Jeans - Ethnic Wear,Women Clothing,Ethnic Wear,Manthan,1441,1138,21,3.8,4836,In Stock,Seller_337,https://images.meesho.com/images/products/1000882/1_512.jpg,https://www.meesho.com/product/1000882,High quality denim jeans from Manthan. Perfect for daily wear.,3,"S,M,L,XL",Cotton Blend,True,No return,6 days,2025-08-18T21:52:40.185772,category/women-clothing,meesho_complete_dataset_20250902_215240.json
MEESHO_1000883,MIMOSA Casual Dress - Automotive,Automotive,Automotive,MIMOSA,987,839,15,4.6,1626,In Stock,Seller_705,https://images.meesho.com/images/products/1000883/1_512.jpg,https://www.meesho.com/product/1000883,High quality casual dress from MIMOSA. Perfect for daily wear.,4,One Size,Silk,True,7 days,9 days,2025-08-18T21:52:40.185778,category/automotive,meesho_complete_dataset_20250902_215240.json
MEESHO_1000884,DressBerry Formal Shirt - Hair Accessories,Accessories,Hair Accessories,DressBerry,1913,1645,14,3.2,1442,Limited Stock,Seller_645,https://images.meesho.com/images/products/1000884/1_512.jpg,https://www.meesho.com/product/1000884,High quality formal shirt from DressBerry. Perfect for daily wear.,2,"S,M,L,XL",Rayon,False,7 days,9 days,2025-08-18T21:52:40.185784,category/accessories,meesho_complete_dataset_20250902_215240.json
MEESHO_1000885,Roadster Wall Clock - Gadgets,Electronics,Gadgets,Roadster,269,183,32,4.4,1514,Limited Stock,Seller_518,https://images.meesho.com/images/products/1000885/1_512.jpg,https://www.meesho.com/product/1000885,High quality wall clock from Roadster. Perfect for daily wear.,3,"28,30,32,34",Rayon,False,15 days,4 days,2025-08-10T21:52:40.185789,category/electronics,meesho_complete_dataset_20250902_215240.json
MEESHO_1000886,Anouk Ethnic Suit - Chargers,Electronics,Chargers,Anouk,2544,789,69,4.3,427,In Stock,Seller_452,https://images.meesho.com/images/products/1000886/1_512.jpg,https://www.meesho.com/product/1000886,High quality ethnic suit from Anouk. Perfect for daily wear.,3,One Size,Silk,False,No return,7 days,2025-08-28T21:52:40.185795,category/electronics,meesho_complete_dataset_20250902_215240.json
MEESHO_1000887,Roadster Ethnic Suit - Tops,Women Clothing,Tops,Roadster,358,122,66,4.6,3787,Limited Stock,Seller_702,https://images.meesho.com/images/products/1000887/1_512.jpg,https://www.meesho.com/product/1000887,High quality ethnic suit from Roadster. Perfect for daily wear.,1,Free Size,Silk,False,No return,9 days,2025-09-01T21:52:40.185801,category/women-clothing,meesho_complete_dataset_20250902_215240.json
MEESHO_1000888,Roadster Wall Clock - School Uniforms,Kids Clothing,School Uniforms,Roadster,1095,515,53,4.7,1937,Limited Stock,Seller_957,https://images.meesho.com/images/products/1000888/1_512.jpg,https://www.meesho.com/product/1000888,High quality wall clock from Roadster. Perfect for daily wear.,2,Free Size,Cotton Blend,True,7 days,3 days,2025-08-17T21:52:40.185807,category/kids-clothing,meesho_complete_dataset_20250902_215240.json
MEESHO_1000889,Varanga Casual Dress - Watches,Accessories,Watches,Varanga,855,522,39,3.2,2709,Limited Stock,Seller_955,https://images.meesho.com/images/products/1000889/1_512.jpg,https://www.meesho.com/product/1000889,High quality casual dress from Varanga. Perfect for daily wear.,4,"28,30,32,34",Silk,True,7 days,9 days,2025-08-07T21:52:40.185813,category/accessories,meesho_complete_dataset_20250902_215240.json
MEESHO_1000890,Vishudh Kids T-Shirt - Automotive,Automotive,Automotive,Vishudh,1117,804,28,4.1,3671,Out of Stock,Seller_492,https://images.meesho.com/images/products/1000890/1_512.jpg,https://www.meesho.com/product/1000890,High quality kids t-shirt from Vishudh. Perfect for daily wear.,1,"28,30,32,34",Rayon,False,No return,5 days,2025-08-23T21:52:40.185819,category/automotive,meesho_complete_dataset_20250902_215240.json
MEESHO_1000891,DressBerry Hair Oil - Makeup,Beauty & Health,Makeup,DressBerry,679,340,50,3.6,3364,In Stock,Seller_133,https://images.meesho.com/images/products/1000891/1_512.jpg,https://www.meesho.com/product/1000891,High quality hair oil from DressBerry. Perfect for daily wear.,6,Free Size,Rayon,True,7 days,5 days,2025-08-03T21:52:40.185824,category/beauty-&-health,meesho_complete_dataset_20250902_215240.json
MEESHO_1000892,Indya Face Cream - Books,Books,Books,Indya,1287,952,26,4.0,4168,In Stock,Seller_982,https://images.meesho.com/images/products/1000892/1_512.jpg,https://www.meesho.com/product/1000892,High quality face cream from Indya. Perfect for daily wear.,2,"28,30,32,34",Silk,False,No return,3 days,2025-08-03T21:52:40.185831,category/books,meesho_complete_dataset_20250902_215240.json
MEESHO_1000893,Indya Running Shoes - Wallets,Bags & Footwear,Wallets,Indya,2378,1879,21,3.1,4731,In Stock,Seller_563,https://images.meesho.com/images/products/1000893/1_512.jpg,https://www.meesho.com/product/1000893,High quality running shoes from Indya. Perfect for daily wear.,4,"S,M,L,XL",Rayon,False,No return,8 days,2025-08-06T21:52:40.185837,category/bags-&-footwear,meesho_complete_dataset_20250902_215240.json
MEESHO_1000894,MIMOSA Running Shoes - Headphones,Electronics,Headphones,MIMOSA,465,339,27,4.8,3949,In Stock,Seller_371,https://images.meesho.com/images/products/1000894/1_512.jpg,https://www.meesho.com/product/1000894,High quality running shoes from MIMOSA. Perfect for daily wear.,4,"S,M,L,XL",Cotton,False,No return,5 days,2025-08-03T21:52:40.185844,category/electronics,meesho_complete_dataset_20250902_215240.json
MEESHO_1000895,DressBerry Ethnic Suit - Kurtas,Men Clothing,Kurtas,DressBerry,211,91,57,4.6,3955,In Stock,Seller_921,https://images.meesho.com/images/products/1000895/1_512.jpg,https://www.meesho.com/product/1000895,High quality ethnic suit from DressBerry. Perfect for daily wear.,1,"28,30,32,34",Silk,True,No return,4 days,2025-08-22T21:52:40.185849,category/men-clothing,meesho_complete_dataset_20250902_215240.json
MEESHO_1000896,Varanga Mobile Cover - Sports & Fitness,Sports & Fitness,Sports & Fitness,Varanga,1434,1004,30,4.7,1203,In Stock,Seller_183,https://images.meesho.com/images/products/1000896/1_512.jpg,https://www.meesho.com/product/1000896,High quality mobile cover from Varanga. Perfect for daily wear.,8,"28,30,32,34",Cotton,True,No return,7 days,2025-08-09T21:52:40.185855,category/sports-&-fitness,meesho_complete_dataset_20250902_215240.json
MEESHO_1000897,Janasya Printed Saree - Automotive,Automotive,Automotive,Janasya,1223,905,26,3.8,1414,Limited Stock,Seller_809,https://images.meesho.com/images/products/1000897/1_512.jpg,https://www.meesho.com/product/1000897,High quality printed saree from Janasya. Perfect for daily wear.,1,"S,M,L,XL",Silk,True,No return,4 days,2025-08-09T21:52:40.185862,category/automotive,meesho_complete_dataset_20250902_215240.json
MEESHO_1000898,SASSAFRAS Mobile Cover - Automotive,Automotive,Automotive,SASSAFRAS,1975,731,63,3.9,1337,In Stock,Seller_430,https://images.meesho.com/images/products/1000898/1_512.jpg,https://www.meesho.com/product/1000898,High quality mobile cover from SASSAFRAS. Perfect for daily wear.,6,Free Size,Polyester,False,15 days,6 days,2025-08-12T21:52:40.185868,category/automotive,meesho_complete_dataset_20250902_215240.json
MEESHO_1000899,Roadster Mobile Cover - Toys & Games,Toys & Games,Toys & Games,Roadster,1261,630,50,3.9,3995,Out of Stock,Seller_235,https://images.meesho.com/images/products/1000899/1_512.jpg,https://www.meesho.com/product/1000899,High quality mobile cover from Roadster. Perfect for daily wear.,4,One Size,Rayon,False,No return,4 days,2025-08-28T21:52:40.185874,category/toys-&-games,meesho_complete_dataset_20250902_215240.json
MEESHO_1000900,Libas Kids T-Shirt - Gadgets,Electronics,Gadgets,Libas,452,231,49,4.6,1313,Out of Stock,Seller_847,https://images.meesho.com/images/products/1000900/1_512.jpg,https://www.meesho.com/product/1000900,High quality kids t-shirt from Libas. Perfect for daily wear.,3,One Size,Cotton Blend,False,No return,10 days,2025-08-30T21:52:40.185880,category/electronics,meesho_complete_dataset_20250902_215240.json
MEESHO_1000901,HERE&NOW Running Shoes - Health Supplements,Beauty & Health,Health Supplements,HERE&NOW,958,843,12,4.0,3531,Limited Stock,Seller_112,https://images.meesho.com/images/products/1000901/1_512.jpg,https://www.meesho.com/product/1000901,High quality running shoes from HERE&NOW. Perfect for daily wear.,7,One Size,Cotton Blend,True,7 days,10 days,2025-08-30T21:52:40.185886,category/beauty-&-health,meesho_complete_dataset_20250902_215240.json
MEESHO_1000902,Varanga Face Cream - Sports & Fitness,Sports & Fitness,Sports & Fitness,Varanga,977,586,40,4.6,791,Limited Stock,Seller_71,https://images.meesho.com/images/products/1000902/1_512.jpg,https://www.meesho.com/product/1000902,High quality face cream from Varanga. Perfect for daily wear.,3,"28,30,32,34",Rayon,False,No return,6 days,2025-08-28T21:52:40.185892,category/sports-&-fitness,meesho_complete_dataset_20250902_215240.json
MEESHO_1000903,Manthan Running Shoes - Storage,Home & Kitchen,Storage,Manthan,2269,1520,33,4.6,2532,Limited Stock,Seller_21,https://images.meesho.com/images/products/1000903/1_512.jpg,https://www.meesho.com/product/1000903,High quality running shoes from Manthan. Perfect for daily wear.,8,Free Size,Polyester,True,15 days,7 days,2025-08-11T21:52:40.185898,category/home-&-kitchen,meesho_complete_dataset_20250902_215240.json
MEESHO_1000904,HERE&NOW Face Cream - Automotive,Automotive,Automotive,HERE&NOW,785,683,13,4.2,1244,Out of Stock,Seller_723,https://images.meesho.com/images/products/1000904/1_512.jpg,https://www.meesho.com/product/1000904,High quality face cream from HERE&NOW. Perfect for daily wear.,7,Free Size,Rayon,True,7 days,5 days,2025-08-03T21:52:40.185904,category/automotive,meesho_complete_dataset_20250902_215240.json
MEESHO_1000905,Global Desi Handbag - Toys & Games,Toys & Games,Toys & Games,Global Desi,167,55,67,3.4,1939,Out of Stock,Seller_180,https://images.meesho.com/images/products/1000905/1_512.jpg,https://www.meesho.com/product/1000905,High quality handbag from Global Desi. Perfect for daily wear.,8,"28,30,32,34",Cotton,True,No return,10 days,2025-08-16T21:52:40.185910,category/toys-&-games,meesho_complete_dataset_20250902_215240.json
MEESHO_1000906,HERE&NOW Casual Dress - Headphones,Electronics,Headphones,HERE&NOW,597,209,65,4.6,782,In Stock,Seller_944,https://images.meesho.com/images/products/1000906/1_512.jpg,https://www.meesho.com/product/1000906,High quality casual dress from HERE&NOW. Perfect for daily wear.,3,One Size,Rayon,True,7 days,4 days,2025-09-01T21:52:40.185916,category/electronics,meesho_complete_dataset_20250902_215240.json
MEESHO_1000907,MIMOSA Jewelry Set - Tops,Women Clothing,Tops,MIMOSA,2250,1058,53,3.9,3434,In Stock,Seller_148,https://images.meesho.com/images/products/1000907/1_512.jpg,https://www.meesho.com/product/1000907,High quality jewelry set from MIMOSA. Perfect for daily wear.,2,"28,30,32,34",Rayon,True,15 days,10 days,2025-08-15T21:52:40.185922,category/women-clothing,meesho_complete_dataset_20250902_215240.json
MEESHO_1000908,Varanga Cotton Kurti - Toys & Games,Toys & Games,Toys & Games,Varanga,2053,883,57,4.0,414,Limited Stock,Seller_134,https://images.meesho.com/images/products/1000908/1_512.jpg,https://www.meesho.com/product/1000908,High quality cotton kurti from Varanga. Perfect for daily wear.,5,Free Size,Rayon,True,15 days,9 days,2025-08-08T21:52:40.185928,category/toys-&-games,meesho_complete_dataset_20250902_215240.json
MEESHO_1000909,Soch Running Shoes - Sports & Fitness,Sports & Fitness,Sports & Fitness,Soch,2061,680,67,3.3,2344,Out of Stock,Seller_535,https://images.meesho.com/images/products/1000909/1_512.jpg,https://www.meesho.com/product/1000909,High quality running shoes from Soch. Perfect for daily wear.,3,"S,M,L,XL",Rayon,False,15 days,6 days,2025-09-02T21:52:40.185934,category/sports-&-fitness,meesho_complete_dataset_20250902_215240.json
MEESHO_1000910,Manthan Jewelry Set - Sandals,Bags & Footwear,Sandals,Manthan,2838,1646,42,4.5,2229,Limited Stock,Seller_849,https://images.meesho.com/images/products/1000910/1_512.jpg,https://www.meesho.com/product/1000910,High quality jewelry set from Manthan. Perfect for daily wear.,1,Free Size,Polyester,True,15 days,5 days,2025-08-29T21:52:40.185940,category/bags-&-footwear,meesho_complete_dataset_20250902_215240.json
MEESHO_1000911,Anouk Casual Dress - Sandals,Bags & Footwear,Sandals,Anouk,1636,1129,31,3.1,3815,In Stock,Seller_860,https://images.meesho.com/images/products/1000911/1_512.jpg,https://www.meesho.com/product/1000911,High quality casual dress from Anouk. Perfect for daily wear.,4,"S,M,L,XL",Cotton,False,7 days,8 days,2025-08-22T21:52:40.185946,category/bags-&-footwear,meesho_complete_dataset_20250902_215240.json
MEESHO_1000912,Mast & Harbour Casual Dress - Hair Accessories,Accessories,Hair Accessories,Mast & Harbour,784,533,32,3.1,2814,Limited Stock,Seller_266,https://images.meesho.com/images/products/1000912/1_512.jpg,https://www.meesho.com/product/1000912,High quality casual dress from Mast & Harbour. Perfect for daily wear.,5,One Size,Cotton,True,No return,8 days,2025-08-06T21:52:40.185952,category/accessories,meesho_complete_dataset_20250902_215240.json
MEESHO_1000913,Mast & Harbour Kitchen Set - Toys & Games,Toys & Games,Toys & Games,Mast & Harbour,1780,1264,29,4.2,4491,Out of Stock,Seller_574,https://images.meesho.com/images/products/1000913/1_512.jpg,https://www.meesho.com/product/1000913,High quality kitchen set from Mast & Harbour. Perfect for daily wear.,5,"S,M,L,XL",Cotton Blend,True,15 days,7 days,2025-08-17T21:52:40.185958,category/toys-&-games,meesho_complete_dataset_20250902_215240.json
MEESHO_1000914,HERE&NOW Casual Dress - Skincare,Beauty & Health,Skincare,HERE&NOW,2597,1117,57,3.9,456,In Stock,Seller_711,https://images.meesho.com/images/products/1000914/1_512.jpg,https://www.meesho.com/product/1000914,High quality casual dress from HERE&NOW. Perfect for daily wear.,1,"28,30,32,34",Silk,True,15 days,7 days,2025-08-21T21:52:40.185964,category/beauty-&-health,meesho_complete_dataset_20250902_215240.json
MEESHO_1000915,Manthan Mobile Cover - Books,Books,Books,Manthan,2255,744,67,4.7,1465,In Stock,Seller_737,https://images.meesho.com/images/products/1000915/1_512.jpg,https://www.meesho.com/product/1000915,High quality mobile cover from Manthan. Perfect for daily wear.,4,Free Size,Silk,True,7 days,4 days,2025-08-25T21:52:40.185970,category/books,meesho_complete_dataset_20250902_215240.json
MEESHO_1000916,Mast & Harbour Printed Saree - T-Shirts,Men Clothing,T-Shirts,Mast & Harbour,422,139,67,3.7,1735,Out of Stock,Seller_493,https://images.meesho.com/images/products/1000916/1_512.jpg,https://www.meesho.com/product/1000916,High quality printed saree from Mast & Harbour. Perfect for daily wear.,7,One Size,Cotton Blend,True,7 days,4 days,2025-08-17T21:52:40.185976,category/men-clothing,meesho_complete_dataset_20250902_215240.json
MEESHO_1000917,Roadster Running Shoes - Toys & Games,Toys & Games,Toys & Games,Roadster,901,541,40,3.8,4818,In Stock,Seller_839,https://images.meesho.com/images/products/1000917/1_512.jpg,https://www.meesho.com/product/1000917,High quality running shoes from Roadster. Perfect for daily wear.,3,"S,M,L,XL",Cotton Blend,False,7 days,10 days,2025-08-07T21:52:40.185982,category/toys-&-games,meesho_complete_dataset_20250902_215240.json
MEESHO_1000918,Mast & Harbour Hair Oil - Wallets,Bags & Footwear,Wallets,Mast & Harbour,842,682,19,3.3,2355,Out of Stock,Seller_928,https://images.meesho.com/images/products/1000918/1_512.jpg,https://www.meesho.com/product/1000918,High quality hair oil from Mast & Harbour. Perfect for daily wear.,5,Free Size,Cotton,False,7 days,10 days,2025-08-19T21:52:40.185988,category/bags-&-footwear,meesho_complete_dataset_20250902_215240.json
MEESHO_1000919,Soch Face Cream - Automotive,Automotive,Automotive,Soch,2843,2331,18,3.0,4309,In Stock,Seller_613,https://images.meesho.com/images/products/1000919/1_512.jpg,https://www.meesho.com/product/1000919,High quality face cream from Soch. Perfect for daily wear.,8,Free Size,Silk,False,7 days,5 days,2025-08-09T21:52:40.185995,category/automotive,meesho_complete_dataset_20250902_215240.json
MEESHO_1000920,HERE&NOW Bedsheet Set - Ethnic Wear,Women Clothing,Ethnic Wear,HERE&NOW,2527,1921,24,4.1,1450,Limited Stock,Seller_95,https://images.meesho.com/images/products/1000920/1_512.jpg,https://www.meesho.com/product/1000920,High quality bedsheet set from HERE&NOW. Perfect for daily wear.,3,One Size,Polyester,False,No return,9 days,2025-08-29T21:52:40.186001,category/women-clothing,meesho_complete_dataset_20250902_215240.json
MEESHO_1000921,SASSAFRAS Running Shoes - Hair Care,Beauty & Health,Hair Care,SASSAFRAS,793,349,56,4.3,838,Limited Stock,Seller_5,https://images.meesho.com/images/products/1000921/1_512.jpg,https://www.meesho.com/product/1000921,High quality running shoes from SASSAFRAS. Perfect for daily wear.,1,One Size,Polyester,True,7 days,8 days,2025-08-23T21:52:40.186007,category/beauty-&-health,meesho_complete_dataset_20250902_215240.json
MEESHO_1000922,Anouk Bedsheet Set - School Uniforms,Kids Clothing,School Uniforms,Anouk,1337,1056,21,4.5,3294,Limited Stock,Seller_645,https://images.meesho.com/images/products/1000922/1_512.jpg,https://www.meesho.com/product/1000922,High quality bedsheet set from Anouk. Perfect for daily wear.,5,"28,30,32,34",Cotton,False,No return,8 days,2025-08-03T21:52:40.186013,category/kids-clothing,meesho_complete_dataset_20250902_215240.json
MEESHO_1000923,Manthan Casual Dress - Bedding,Home & Kitchen,Bedding,Manthan,1430,901,37,4.6,2315,Limited Stock,Seller_456,https://images.meesho.com/images/products/1000923/1_512.jpg,https://www.meesho.com/product/1000923,High quality casual dress from Manthan. Perfect for daily wear.,2,"S,M,L,XL",Rayon,True,No return,7 days,2025-08-21T21:52:40.186018,category/home-&-kitchen,meesho_complete_dataset_20250902_215240.json
MEESHO_1000924,Aks Hair Oil - Watches,Accessories,Watches,Aks,1057,772,27,4.8,1753,In Stock,Seller_395,https://images.meesho.com/images/products/1000924/1_512.jpg,https://www.meesho.com/product/1000924,High quality hair oil from Aks. Perfect for daily wear.,2,"28,30,32,34",Rayon,True,7 days,8 days,2025-08-27T21:52:40.186024,category/accessories,meesho_complete_dataset_20250902_215240.json
MEESHO_1000925,Soch Ethnic Suit - Chargers,Electronics,Chargers,Soch,1053,548,48,4.1,4089,In Stock,Seller_141,https://images.meesho.com/images/products/1000925/1_512.jpg,https://www.meesho.com/product/1000925,High quality ethnic suit from Soch. Perfect for daily wear.,6,"28,30,32,34",Rayon,True,No return,3 days,2025-08-15T21:52:40.186031,category/electronics,meesho_complete_dataset_20250902_215240.json
MEESHO_1000926,Sangria Face Cream - Books,Books,Books,Sangria,2191,1315,40,4.5,1370,In Stock,Seller_280,https://images.meesho.com/images/products/1000926/1_512.jpg,https://www.meesho.com/product/1000926,High quality face cream from Sangria. Perfect for daily wear.,3,Free Size,Cotton,True,7 days,9 days,2025-08-29T21:52:40.186037,category/books,meesho_complete_dataset_20250902_215240.json
MEESHO_1000927,Sangria Bedsheet Set - Wallets,Bags & Footwear,Wallets,Sangria,610,518,15,4.4,265,Out of Stock,Seller_3,https://images.meesho.com/images/products/1000927/1_512.jpg,https://www.meesho.com/product/1000927,High quality bedsheet set from Sangria. Perfect for daily wear.,1,"S,M,L,XL",Rayon,False,No return,3 days,2025-08-22T21:52:40.186043,category/bags-&-footwear,meesho_complete_dataset_20250902_215240.json
MEESHO_1000928,Janasya Running Shoes - Backpacks,Bags & Footwear,Backpacks,Janasya,1874,1612,14,4.7,1814,Limited Stock,Seller_29,https://images.meesho.com/images/products/1000928/1_512.jpg,https://www.meesho.com/product/1000928,High quality running shoes from Janasya. Perfect for daily wear.,3,Free Size,Rayon,False,No return,5 days,2025-08-04T21:52:40.186048,category/bags-&-footwear,meesho_complete_dataset_20250902_215240.json
MEESHO_1000929,Aks Hair Oil - Skincare,Beauty & Health,Skincare,Aks,2594,1946,25,4.5,2372,Limited Stock,Seller_234,https://images.meesho.com/images/products/1000929/1_512.jpg,https://www.meesho.com/product/1000929,High quality hair oil from Aks. Perfect for daily wear.,6,One Size,Polyester,False,No return,5 days,2025-08-09T21:52:40.186054,category/beauty-&-health,meesho_complete_dataset_20250902_215240.json
MEESHO_1000930,Varanga Formal Shirt - Watches,Accessories,Watches,Varanga,2706,1597,41,3.2,3723,Limited Stock,Seller_594,https://images.meesho.com/images/products/1000930/1_512.jpg,https://www.meesho.com/product/1000930,High quality formal shirt from Varanga. Perfect for daily wear.,3,One Size,Silk,True,15 days,8 days,2025-08-15T21:52:40.186060,category/accessories,meesho_complete_dataset_20250902_215240.json
MEESHO_1000931,Janasya Bedsheet Set - Bedding,Home & Kitchen,Bedding,Janasya,1216,450,63,3.6,1746,Limited Stock,Seller_123,https://images.meesho.com/images/products/1000931/1_512.jpg,https://www.meesho.com/product/1000931,High quality bedsheet set from Janasya. Perfect for daily wear.,8,One Size,Rayon,False,7 days,8 days,2025-08-24T21:52:40.186066,category/home-&-kitchen,meesho_complete_dataset_20250902_215240.json
MEESHO_1000932,Vishudh Cotton Kurti - Chargers,Electronics,Chargers,Vishudh,2489,2141,14,4.0,495,In Stock,Seller_460,https://images.meesho.com/images/products/1000932/1_512.jpg,https://www.meesho.com/product/1000932,High quality cotton kurti from Vishudh. Perfect for daily wear.,4,"28,30,32,34",Cotton,True,15 days,4 days,2025-08-27T21:52:40.186072,category/electronics,meesho_complete_dataset_20250902_215240.json
MEESHO_1000933,Vishudh Ethnic Suit - Toys & Games,Toys & Games,Toys & Games,Vishudh,1883,866,54,4.6,443,Out of Stock,Seller_774,https://images.meesho.com/images/products/1000933/1_512.jpg,https://www.meesho.com/product/1000933,High quality ethnic suit from Vishudh. Perfect for daily wear.,2,One Size,Cotton Blend,False,15 days,3 days,2025-08-04T21:52:40.186094,category/toys-&-games,meesho_complete_dataset_20250902_215240.json
MEESHO_1000934,HERE&NOW Bedsheet Set - Boys Clothing,Kids Clothing,Boys Clothing,HERE&NOW,1006,483,52,3.9,3412,Out of Stock,Seller_189,https://images.meesho.com/images/products/1000934/1_512.jpg,https://www.meesho.com/product/1000934,High quality bedsheet set from HERE&NOW. Perfect for daily wear.,4,"S,M,L,XL",Cotton Blend,False,No return,9 days,2025-08-13T21:52:40.186124,category/kids-clothing,meesho_complete_dataset_20250902_215240.json
MEESHO_1000935,Varanga Formal Shirt - Sports & Fitness,Sports & Fitness,Sports & Fitness,Varanga,908,518,43,4.0,3887,Limited Stock,Seller_818,https://images.meesho.com/images/products/1000935/1_512.jpg,https://www.meesho.com/product/1000935,High quality formal shirt from Varanga. Perfect for daily wear.,5,Free Size,Cotton,False,No return,4 days,2025-09-02T21:52:40.186131,category/sports-&-fitness,meesho_complete_dataset_20250902_215240.json
MEESHO_1000936,Aks Denim Jeans - Personal Care,Beauty & Health,Personal Care,Aks,1486,1055,29,3.5,4782,In Stock,Seller_838,https://images.meesho.com/images/products/1000936/1_512.jpg,https://www.meesho.com/product/1000936,High quality denim jeans from Aks. Perfect for daily wear.,3,"S,M,L,XL",Rayon,False,No return,6 days,2025-08-30T21:52:40.186137,category/beauty-&-health,meesho_complete_dataset_20250902_215240.json
MEESHO_1000937,Indya Face Cream - Books,Books,Books,Indya,1976,1403,29,4.5,563,Limited Stock,Seller_550,https://images.meesho.com/images/products/1000937/1_512.jpg,https://www.meesho.com/product/1000937,High quality face cream from Indya. Perfect for daily wear.,7,"S,M,L,XL",Silk,False,7 days,8 days,2025-08-06T21:52:40.186143,category/books,meesho_complete_dataset_20250902_215240.json
MEESHO_1000938,Indya Running Shoes - Kitchen Appliances,Home & Kitchen,Kitchen Appliances,Indya,874,586,33,3.2,2534,Limited Stock,Seller_369,https://images.meesho.com/images/products/1000938/1_512.jpg,https://www.meesho.com/product/1000938,High quality running shoes from Indya. Perfect for daily wear.,6,"28,30,32,34",Rayon,False,7 days,7 days,2025-08-22T21:52:40.186149,category/home-&-kitchen,meesho_complete_dataset_20250902_215240.json
MEESHO_1000939,Indya Mobile Cover - Books,Books,Books,Indya,1476,1004,32,3.8,4663,Out of Stock,Seller_70,https://images.meesho.com/images/products/1000939/1_512.jpg,https://www.meesho.com/product/1000939,High quality mobile cover from Indya. Perfect for daily wear.,7,One Size,Rayon,False,No return,5 days,2025-08-06T21:52:40.186155,category/books,meesho_complete_dataset_20250902_215240.json
MEESHO_1000940,Manthan Ethnic Suit - Books,Books,Books,Manthan,230,166,28,3.5,562,Out of Stock,Seller_164,https://images.meesho.com/images/products/1000940/1_512.jpg,https://www.meesho.com/product/1000940,High quality ethnic suit from Manthan. Perfect for daily wear.,7,"28,30,32,34",Silk,False,7 days,7 days,2025-08-28T21:52:40.186162,category/books,meesho_complete_dataset_20250902_215240.json
MEESHO_1000941,HERE&NOW Ethnic Suit - Storage,Home & Kitchen,Storage,HERE&NOW,587,411,30,4.8,1008,In Stock,Seller_618,https://images.meesho.com/images/products/1000941/1_512.jpg,https://www.meesho.com/product/1000941,High quality ethnic suit from HERE&NOW. Perfect for daily wear.,5,One Size,Cotton Blend,True,15 days,9 days,2025-08-13T21:52:40.186168,category/home-&-kitchen,meesho_complete_dataset_20250902_215240.json
MEESHO_1000942,Mast & Harbour Cotton Kurti - Books,Books,Books,Mast & Harbour,831,524,37,3.3,4666,Limited Stock,Seller_611,https://images.meesho.com/images/products/1000942/1_512.jpg,https://www.meesho.com/product/1000942,High quality cotton kurti from Mast & Harbour. Perfect for daily wear.,2,Free Size,Rayon,False,15 days,7 days,2025-08-31T21:52:40.186174,category/books,meesho_complete_dataset_20250902_215240.json
MEESHO_1000943,Indya Handbag - Kurtas,Women Clothing,Kurtas,Indya,758,470,38,3.9,1881,Out of Stock,Seller_237,https://images.meesho.com/images/products/1000943/1_512.jpg,https://www.meesho.com/product/1000943,High quality handbag from Indya. Perfect for daily wear.,6,"28,30,32,34",Cotton Blend,True,No return,10 days,2025-08-25T21:52:40.186180,category/women-clothing,meesho_complete_dataset_20250902_215240.json
MEESHO_1000944,HERE&NOW Cotton Kurti - Books,Books,Books,HERE&NOW,626,451,28,3.4,2688,In Stock,Seller_542,https://images.meesho.com/images/products/1000944/1_512.jpg,https://www.meesho.com/product/1000944,High quality cotton kurti from HERE&NOW. Perfect for daily wear.,1,"S,M,L,XL",Cotton,False,15 days,4 days,2025-08-12T21:52:40.186186,category/books,meesho_complete_dataset_20250902_215240.json
MEESHO_1000945,Sangria Running Shoes - Girls Clothing,Kids Clothing,Girls Clothing,Sangria,482,415,14,4.6,3554,In Stock,Seller_48,https://images.meesho.com/images/products/1000945/1_512.jpg,https://www.meesho.com/product/1000945,High quality running shoes from Sangria. Perfect for daily wear.,3,"S,M,L,XL",Cotton,True,15 days,8 days,2025-08-28T21:52:40.186194,category/kids-clothing,meesho_complete_dataset_20250902_215240.json
MEESHO_1000946,Vishudh Face Cream - Boys Clothing,Kids Clothing,Boys Clothing,Vishudh,2476,1981,20,3.6,3929,Limited Stock,Seller_306,https://images.meesho.com/images/products/1000946/1_512.jpg,https://www.meesho.com/product/1000946,High quality face cream from Vishudh. Perfect for daily wear.,8,One Size,Silk,False,15 days,10 days,2025-08-17T21:52:40.186200,category/kids-clothing,meesho_complete_dataset_20250902_215240.json
MEESHO_1000947,GoSriKi Casual Dress - Toys & Games,Toys & Games,Toys & Games,GoSriKi,2747,1016,63,3.1,1751,Out of Stock,Seller_649,https://images.meesho.com/images/products/1000947/1_512.jpg,https://www.meesho.com/product/1000947,High quality casual dress from GoSriKi. Perfect for daily wear.,3,"S,M,L,XL",Rayon,False,No return,3 days,2025-08-25T21:52:40.186222,category/toys-&-games,meesho_complete_dataset_20250902_215240.json
MEESHO_1000948,Janasya Face Cream - Girls Clothing,Kids Clothing,Girls Clothing,Janasya,2057,1152,44,3.2,1470,In Stock,Seller_20,https://images.meesho.com/images/products/1000948/1_512.jpg,https://www.meesho.com/product/1000948,High quality face cream from Janasya. Perfect for daily wear.,2,"S,M,L,XL",Cotton,True,7 days,3 days,2025-08-20T21:52:40.186228,category/kids-clothing,meesho_complete_dataset_20250902_215240.json
MEESHO_1000949,Global Desi Formal Shirt - Ethnic Wear,Men Clothing,Ethnic Wear,Global Desi,1836,1414,23,4.4,1873,Out of Stock,Seller_616,https://images.meesho.com/images/products/1000949/1_512.jpg,https://www.meesho.com/product/1000949,High quality formal shirt from Global Desi. Perfect for daily wear.,5,"28,30,32,34",Cotton,False,7 days,9 days,2025-08-21T21:52:40.186234,category/men-clothing,meesho_complete_dataset_20250902_215240.json
MEESHO_1000950,Sangria Jewelry Set - Chargers,Electronics,Chargers,Sangria,2366,1751,26,3.6,879,In Stock,Seller_835,https://images.meesho.com/images/products/1000950/1_512.jpg,https://www.meesho.com/product/1000950,High quality jewelry set from Sangria. Perfect for daily wear.,6,Free Size,Polyester,True,15 days,8 days,2025-08-09T21:52:40.186239,category/electronics,meesho_complete_dataset_20250902_215240.json
MEESHO_1000951,Indya Running Shoes - Sports & Fitness,Sports & Fitness,Sports & Fitness,Indya,1925,962,50,3.4,1092,Out of Stock,Seller_887,https://images.meesho.com/images/products/1000951/1_512.jpg,https://www.meesho.com/product/1000951,High quality running shoes from Indya. Perfect for daily wear.,6,One Size,Cotton,True,15 days,4 days,2025-08-24T21:52:40.186245,category/sports-&-fitness,meesho_complete_dataset_20250902_215240.json
MEESHO_1000952,Anouk Face Cream - Toys & Games,Toys & Games,Toys & Games,Anouk,2877,1007,65,3.7,4400,In Stock,Seller_952,https://images.meesho.com/images/products/1000952/1_512.jpg,https://www.meesho.com/product/1000952,High quality face cream from Anouk. Perfect for daily wear.,5,"28,30,32,34",Silk,False,7 days,7 days,2025-08-07T21:52:40.186251,category/toys-&-games,meesho_complete_dataset_20250902_215240.json
MEESHO_1000953,Global Desi Face Cream - Books,Books,Books,Global Desi,2393,909,62,4.5,815,In Stock,Seller_999,https://images.meesho.com/images/products/1000953/1_512.jpg,https://www.meesho.com/product/1000953,High quality face cream from Global Desi. Perfect for daily wear.,2,Free Size,Silk,True,15 days,4 days,2025-08-28T21:52:40.186257,category/books,meesho_complete_dataset_20250902_215240.json
MEESHO_1000954,HERE&NOW Handbag - Dresses,Women Clothing,Dresses,HERE&NOW,758,675,11,3.8,2911,In Stock,Seller_80,https://images.meesho.com/images/products/1000954/1_512.jpg,https://www.meesho.com/product/1000954,High quality handbag from HERE&NOW. Perfect for daily wear.,2,"28,30,32,34",Polyester,False,7 days,4 days,2025-08-29T21:52:40.186263,category/women-clothing,meesho_complete_dataset_20250902_215240.json
MEESHO_1000955,Global Desi Face Cream - Tops,Women Clothing,Tops,Global Desi,610,415,32,3.2,2671,Limited Stock,Seller_717,https://images.meesho.com/images/products/1000955/1_512.jpg,https://www.meesho.com/product/1000955,High quality face cream from Global Desi. Perfect for daily wear.,3,Free Size,Silk,False,No return,10 days,2025-08-17T21:52:40.186269,category/women-clothing,meesho_complete_dataset_20250902_215240.json
MEESHO_1000956,Soch Face Cream - Wallets,Bags & Footwear,Wallets,Soch,547,410,25,4.0,2717,Out of Stock,Seller_976,https://images.meesho.com/images/products/1000956/1_512.jpg,https://www.meesho.com/product/1000956,High quality face cream from Soch. Perfect for daily wear.,1,"28,30,32,34",Rayon,False,No return,6 days,2025-08-15T21:52:40.186275,category/bags-&-footwear,meesho_complete_dataset_20250902_215240.json
MEESHO_1000957,MIMOSA Formal Shirt - Ethnic Wear,Men Clothing,Ethnic Wear,MIMOSA,1407,1126,20,4.5,2524,In Stock,Seller_198,https://images.meesho.com/images/products/1000957/1_512.jpg,https://www.meesho.com/product/1000957,High quality formal shirt from MIMOSA. Perfect for daily wear.,2,"28,30,32,34",Silk,True,15 days,9 days,2025-08-19T21:52:40.186281,category/men-clothing,meesho_complete_dataset_20250902_215240.json
MEESHO_1000958,HERE&NOW Kitchen Set - Wallets,Bags & Footwear,Wallets,HERE&NOW,1021,592,42,4.5,891,Limited Stock,Seller_793,https://images.meesho.com/images/products/1000958/1_512.jpg,https://www.meesho.com/product/1000958,High quality kitchen set from HERE&NOW. Perfect for daily wear.,2,One Size,Polyester,True,15 days,8 days,2025-08-21T21:52:40.186287,category/bags-&-footwear,meesho_complete_dataset_20250902_215240.json
MEESHO_1000959,Vishudh Mobile Cover - Tops,Women Clothing,Tops,Vishudh,2659,2313,13,3.0,4158,In Stock,Seller_725,https://images.meesho.com/images/products/1000959/1_512.jpg,https://www.meesho.com/product/1000959,High quality mobile cover from Vishudh. Perfect for daily wear.,1,"S,M,L,XL",Cotton Blend,False,15 days,4 days,2025-08-25T21:52:40.186293,category/women-clothing,meesho_complete_dataset_20250902_215240.json
MEESHO_1000960,Mast & Harbour Mobile Cover - Toys & Games,Toys & Games,Toys & Games,Mast & Harbour,855,359,58,3.7,4742,In Stock,Seller_331,https://images.meesho.com/images/products/1000960/1_512.jpg,https://www.meesho.com/product/1000960,High quality mobile cover from Mast & Harbour. Perfect for daily wear.,7,Free Size,Polyester,True,No return,7 days,2025-08-29T21:52:40.186300,category/toys-&-games,meesho_complete_dataset_20250902_215240.json
MEESHO_1000961,GoSriKi Bedsheet Set - Shoes,Bags & Footwear,Shoes,GoSriKi,2285,1988,13,3.1,695,In Stock,Seller_868,https://images.meesho.com/images/products/1000961/1_512.jpg,https://www.meesho.com/product/1000961,High quality bedsheet set from GoSriKi. Perfect for daily wear.,7,Free Size,Polyester,True,15 days,3 days,2025-08-09T21:52:40.186308,category/bags-&-footwear,meesho_complete_dataset_20250902_215240.json
MEESHO_1000962,Janasya Formal Shirt - Girls Clothing,Kids Clothing,Girls Clothing,Janasya,773,649,16,4.2,4990,Out of Stock,Seller_866,https://images.meesho.com/images/products/1000962/1_512.jpg,https://www.meesho.com/product/1000962,High quality formal shirt from Janasya. Perfect for daily wear.,7,One Size,Cotton,True,15 days,4 days,2025-08-16T21:52:40.186313,category/kids-clothing,meesho_complete_dataset_20250902_215240.json
MEESHO_1000963,Sangria Denim Jeans - Storage,Home & Kitchen,Storage,Sangria,1680,857,49,3.4,771,In Stock,Seller_251,https://images.meesho.com/images/products/1000963/1_512.jpg,https://www.meesho.com/product/1000963,High quality denim jeans from Sangria. Perfect for daily wear.,1,Free Size,Polyester,False,No return,4 days,2025-08-31T21:52:40.186320,category/home-&-kitchen,meesho_complete_dataset_20250902_215240.json
MEESHO_1000964,GoSriKi Handbag - Backpacks,Bags & Footwear,Backpacks,GoSriKi,2698,1349,50,4.1,3383,Out of Stock,Seller_830,https://images.meesho.com/images/products/1000964/1_512.jpg,https://www.meesho.com/product/1000964,High quality handbag from GoSriKi. Perfect for daily wear.,3,"S,M,L,XL",Rayon,True,15 days,3 days,2025-08-12T21:52:40.186325,category/bags-&-footwear,meesho_complete_dataset_20250902_215240.json
MEESHO_1000965,Mast & Harbour Denim Jeans - Chargers,Electronics,Chargers,Mast & Harbour,1142,822,28,4.4,4173,Limited Stock,Seller_546,https://images.meesho.com/images/products/1000965/1_512.jpg,https://www.meesho.com/product/1000965,High quality denim jeans from Mast & Harbour. Perfect for daily wear.,8,"28,30,32,34",Rayon,False,No return,6 days,2025-08-24T21:52:40.186331,category/electronics,meesho_complete_dataset_20250902_215240.json
MEESHO_1000966,GoSriKi Wall Clock - Sports & Fitness,Sports & Fitness,Sports & Fitness,GoSriKi,1375,811,41,3.9,3085,In Stock,Seller_951,https://images.meesho.com/images/products/1000966/1_512.jpg,https://www.meesho.com/product/1000966,High quality wall clock from GoSriKi. Perfect for daily wear.,6,"S,M,L,XL",Rayon,False,15 days,7 days,2025-08-05T21:52:40.186337,category/sports-&-fitness,meesho_complete_dataset_20250902_215240.json
MEESHO_1000967,SASSAFRAS Wall Clock - Ethnic Wear,Men Clothing,Ethnic Wear,SASSAFRAS,187,99,47,4.5,2671,Limited Stock,Seller_602,https://images.meesho.com/images/products/1000967/1_512.jpg,https://www.meesho.com/product/1000967,High quality wall clock from SASSAFRAS. Perfect for daily wear.,1,"28,30,32,34",Silk,False,7 days,9 days,2025-08-22T21:52:40.186343,category/men-clothing,meesho_complete_dataset_20250902_215240.json
MEESHO_1000968,Sangria Jewelry Set - Casual Wear,Men Clothing,Casual Wear,Sangria,853,341,60,3.6,4313,Out of Stock,Seller_131,https://images.meesho.com/images/products/1000968/1_512.jpg,https://www.meesho.com/product/1000968,High quality jewelry set from Sangria. Perfect for daily wear.,7,One Size,Polyester,True,No return,3 days,2025-08-16T21:52:40.186349,category/men-clothing,meesho_complete_dataset_20250902_215240.json
MEESHO_1000969,Global Desi Printed Saree - Chargers,Electronics,Chargers,Global Desi,1679,1242,26,4.6,2618,Out of Stock,Seller_471,https://images.meesho.com/images/products/1000969/1_512.jpg,https://www.meesho.com/product/1000969,High quality printed saree from Global Desi. Perfect for daily wear.,2,Free Size,Cotton Blend,True,No return,9 days,2025-08-25T21:52:40.186355,category/electronics,meesho_complete_dataset_20250902_215240.json
MEESHO_1000970,HERE&NOW Handbag - Toys & Games,Toys & Games,Toys & Games,HERE&NOW,2182,1833,16,4.4,2221,In Stock,Seller_169,https://images.meesho.com/images/products/1000970/1_512.jpg,https://www.meesho.com/product/1000970,High quality handbag from HERE&NOW. Perfect for daily wear.,4,"S,M,L,XL",Cotton,True,No return,3 days,2025-08-25T21:52:40.186360,category/toys-&-games,meesho_complete_dataset_20250902_215240.json
MEESHO_1000971,Manthan Hair Oil - Headphones,Electronics,Headphones,Manthan,1377,413,70,4.1,2810,In Stock,Seller_681,https://images.meesho.com/images/products/1000971/1_512.jpg,https://www.meesho.com/product/1000971,High quality hair oil from Manthan. Perfect for daily wear.,2,"S,M,L,XL",Polyester,True,No return,10 days,2025-08-03T21:52:40.186366,category/electronics,meesho_complete_dataset_20250902_215240.json
MEESHO_1000972,Janasya Kids T-Shirt - Hair Care,Beauty & Health,Hair Care,Janasya,392,243,38,3.9,4166,Out of Stock,Seller_172,https://images.meesho.com/images/products/1000972/1_512.jpg,https://www.meesho.com/product/1000972,High quality kids t-shirt from Janasya. Perfect for daily wear.,3,One Size,Rayon,False,No return,5 days,2025-08-11T21:52:40.186372,category/beauty-&-health,meesho_complete_dataset_20250902_215240.json
MEESHO_1000973,Libas Kids T-Shirt - Sports & Fitness,Sports & Fitness,Sports & Fitness,Libas,498,334,33,3.5,370,In Stock,Seller_623,https://images.meesho.com/images/products/1000973/1_512.jpg,https://www.meesho.com/product/1000973,High quality kids t-shirt from Libas. Perfect for daily wear.,1,"28,30,32,34",Cotton,True,15 days,6 days,2025-08-26T21:52:40.186378,category/sports-&-fitness,meesho_complete_dataset_20250902_215240.json
MEESHO_1000974,Roadster Hair Oil - Automotive,Automotive,Automotive,Roadster,308,213,31,4.1,3703,Out of Stock,Seller_320,https://images.meesho.com/images/products/1000974/1_512.jpg,https://www.meesho.com/product/1000974,High quality hair oil from Roadster. Perfect for daily wear.,8,Free Size,Polyester,False,7 days,6 days,2025-08-28T21:52:40.186384,category/automotive,meesho_complete_dataset_20250902_215240.json
MEESHO_1000975,Anouk Jewelry Set - Dresses,Women Clothing,Dresses,Anouk,626,363,42,4.7,2776,Out of Stock,Seller_582,https://images.meesho.com/images/products/1000975/1_512.jpg,https://www.meesho.com/product/1000975,High quality jewelry set from Anouk. Perfect for daily wear.,8,"28,30,32,34",Polyester,True,15 days,5 days,2025-08-05T21:52:40.186390,category/women-clothing,meesho_complete_dataset_20250902_215240.json
MEESHO_1000976,DressBerry Kitchen Set - Personal Care,Beauty & Health,Personal Care,DressBerry,2320,1508,35,3.7,2461,Limited Stock,Seller_170,https://images.meesho.com/images/products/1000976/1_512.jpg,https://www.meesho.com/product/1000976,High quality kitchen set from DressBerry. Perfect for daily wear.,7,"28,30,32,34",Cotton Blend,True,15 days,3 days,2025-08-20T21:52:40.186396,category/beauty-&-health,meesho_complete_dataset_20250902_215240.json
MEESHO_1000977,Roadster Cotton Kurti - Automotive,Automotive,Automotive,Roadster,1938,1318,32,3.2,1824,Out of Stock,Seller_270,https://images.meesho.com/images/products/1000977/1_512.jpg,https://www.meesho.com/product/1000977,High quality cotton kurti from Roadster. Perfect for daily wear.,2,"S,M,L,XL",Cotton,False,No return,6 days,2025-08-28T21:52:40.186402,category/automotive,meesho_complete_dataset_20250902_215240.json
MEESHO_1000978,HERE&NOW Handbag - Toys & Games,Toys & Games,Toys & Games,HERE&NOW,1195,765,36,4.2,2444,Limited Stock,Seller_676,https://images.meesho.com/images/products/1000978/1_512.jpg,https://www.meesho.com/product/1000978,High quality handbag from HERE&NOW. Perfect for daily wear.,1,"28,30,32,34",Cotton Blend,False,7 days,6 days,2025-09-02T21:52:40.186407,category/toys-&-games,meesho_complete_dataset_20250902_215240.json
MEESHO_1000979,Mast & Harbour Mobile Cover - Toys & Games,Toys & Games,Toys & Games,Mast & Harbour,821,681,17,3.3,1266,Out of Stock,Seller_619,https://images.meesho.com/images/products/1000979/1_512.jpg,https://www.meesho.com/product/1000979,High quality mobile cover from Mast & Harbour. Perfect for daily wear.,2,"S,M,L,XL",Cotton,False,No return,9 days,2025-09-01T21:52:40.186415,category/toys-&-games,meesho_complete_dataset_20250902_215240.json
MEESHO_1000980,Mast & Harbour Mobile Cover - Boys Clothing,Kids Clothing,Boys Clothing,Mast & Harbour,2728,846,69,3.5,2870,Out of Stock,Seller_916,https://images.meesho.com/images/products/1000980/1_512.jpg,https://www.meesho.com/product/1000980,High quality mobile cover from Mast & Harbour. Perfect for daily wear.,1,One Size,Cotton Blend,True,15 days,5 days,2025-08-09T21:52:40.186420,category/kids-clothing,meesho_complete_dataset_20250902_215240.json
MEESHO_1000981,Indya Jewelry Set - Sports & Fitness,Sports & Fitness,Sports & Fitness,Indya,1172,434,63,3.3,4609,In Stock,Seller_665,https://images.meesho.com/images/products/1000981/1_512.jpg,https://www.meesho.com/product/1000981,High quality jewelry set from Indya. Perfect for daily wear.,3,"28,30,32,34",Silk,False,No return,3 days,2025-08-24T21:52:40.186426,category/sports-&-fitness,meesho_complete_dataset_20250902_215240.json
MEESHO_1000982,SASSAFRAS Printed Saree - Books,Books,Books,SASSAFRAS,2967,1157,61,3.3,878,In Stock,Seller_801,https://images.meesho.com/images/products/1000982/1_512.jpg,https://www.meesho.com/product/1000982,High quality printed saree from SASSAFRAS. Perfect for daily wear.,8,"S,M,L,XL",Rayon,False,No return,10 days,2025-08-11T21:52:40.186432,category/books,meesho_complete_dataset_20250902_215240.json
MEESHO_1000983,Indya Face Cream - Cleaning,Home & Kitchen,Cleaning,Indya,1261,1097,13,4.5,1529,Out of Stock,Seller_417,https://images.meesho.com/images/products/1000983/1_512.jpg,https://www.meesho.com/product/1000983,High quality face cream from Indya. Perfect for daily wear.,2,"S,M,L,XL",Rayon,False,15 days,7 days,2025-08-27T21:52:40.186439,category/home-&-kitchen,meesho_complete_dataset_20250902_215240.json
MEESHO_1000984,Aks Mobile Cover - Sunglasses,Accessories,Sunglasses,Aks,1547,634,59,3.4,545,In Stock,Seller_989,https://images.meesho.com/images/products/1000984/1_512.jpg,https://www.meesho.com/product/1000984,High quality mobile cover from Aks. Perfect for daily wear.,6,One Size,Rayon,False,15 days,10 days,2025-08-27T21:52:40.186446,category/accessories,meesho_complete_dataset_20250902_215240.json
MEESHO_1000985,Mast & Harbour Hair Oil - Suits,Women Clothing,Suits,Mast & Harbour,2034,1648,19,3.5,3342,Out of Stock,Seller_226,https://images.meesho.com/images/products/1000985/1_512.jpg,https://www.meesho.com/product/1000985,High quality hair oil from Mast & Harbour. Perfect for daily wear.,8,One Size,Silk,True,15 days,9 days,2025-08-09T21:52:40.186452,category/women-clothing,meesho_complete_dataset_20250902_215240.json
MEESHO_1000986,Roadster Hair Oil - Sarees,Women Clothing,Sarees,Roadster,2112,1309,38,3.6,1559,In Stock,Seller_899,https://images.meesho.com/images/products/1000986/1_512.jpg,https://www.meesho.com/product/1000986,High quality hair oil from Roadster. Perfect for daily wear.,2,One Size,Silk,True,No return,6 days,2025-08-10T21:52:40.186458,category/women-clothing,meesho_complete_dataset_20250902_215240.json
MEESHO_1000987,Janasya Hair Oil - Hair Care,Beauty & Health,Hair Care,Janasya,2420,1258,48,4.4,348,Limited Stock,Seller_966,https://images.meesho.com/images/products/1000987/1_512.jpg,https://www.meesho.com/product/1000987,High quality hair oil from Janasya. Perfect for daily wear.,8,"28,30,32,34",Polyester,True,No return,5 days,2025-08-15T21:52:40.186463,category/beauty-&-health,meesho_complete_dataset_20250902_215240.json
MEESHO_1000988,HERE&NOW Running Shoes - Headphones,Electronics,Headphones,HERE&NOW,1947,1051,46,3.5,1704,In Stock,Seller_712,https://images.meesho.com/images/products/1000988/1_512.jpg,https://www.meesho.com/product/1000988,High quality running shoes from HERE&NOW. Perfect for daily wear.,2,Free Size,Rayon,True,15 days,4 days,2025-08-16T21:52:40.186469,category/electronics,meesho_complete_dataset_20250902_215240.json
MEESHO_1000989,DressBerry Casual Dress - Books,Books,Books,DressBerry,851,587,31,3.8,2100,In Stock,Seller_24,https://images.meesho.com/images/products/1000989/1_512.jpg,https://www.meesho.com/product/1000989,High quality casual dress from DressBerry. Perfect for daily wear.,6,One Size,Rayon,False,No return,7 days,2025-09-02T21:52:40.186475,category/books,meesho_complete_dataset_20250902_215240.json
MEESHO_1000990,Janasya Mobile Cover - Hair Care,Beauty & Health,Hair Care,Janasya,2689,2232,17,4.5,1553,Out of Stock,Seller_238,https://images.meesho.com/images/products/1000990/1_512.jpg,https://www.meesho.com/product/1000990,High quality mobile cover from Janasya. Perfect for daily wear.,3,"28,30,32,34",Cotton,False,7 days,4 days,2025-08-17T21:52:40.186481,category/beauty-&-health,meesho_complete_dataset_20250902_215240.json
MEESHO_1000991,Global Desi Cotton Kurti - Personal Care,Beauty & Health,Personal Care,Global Desi,213,64,70,3.3,3571,In Stock,Seller_464,https://images.meesho.com/images/products/1000991/1_512.jpg,https://www.meesho.com/product/1000991,High quality cotton kurti from Global Desi. Perfect for daily wear.,3,Free Size,Polyester,True,No return,10 days,2025-08-18T21:52:40.186487,category/beauty-&-health,meesho_complete_dataset_20250902_215240.json
MEESHO_1000992,Varanga Face Cream - Books,Books,Books,Varanga,2022,829,59,4.6,2237,Out of Stock,Seller_248,https://images.meesho.com/images/products/1000992/1_512.jpg,https://www.meesho.com/product/1000992,High quality face cream from Varanga. Perfect for daily wear.,1,"S,M,L,XL",Silk,True,No return,3 days,2025-08-09T21:52:40.186493,category/books,meesho_complete_dataset_20250902_215240.json
MEESHO_1000993,Mast & Harbour Cotton Kurti - Toys & Games,Toys & Games,Toys & Games,Mast & Harbour,1177,1036,12,3.1,1560,In Stock,Seller_677,https://images.meesho.com/images/products/1000993/1_512.jpg,https://www.meesho.com/product/1000993,High quality cotton kurti from Mast & Harbour. Perfect for daily wear.,6,"S,M,L,XL",Cotton,False,No return,5 days,2025-08-25T21:52:40.186499,category/toys-&-games,meesho_complete_dataset_20250902_215240.json
MEESHO_1000994,Indya Kitchen Set - Toys & Games,Toys & Games,Toys & Games,Indya,1867,1512,19,4.4,494,Out of Stock,Seller_875,https://images.meesho.com/images/products/1000994/1_512.jpg,https://www.meesho.com/product/1000994,High quality kitchen set from Indya. Perfect for daily wear.,1,Free Size,Polyester,True,7 days,6 days,2025-08-31T21:52:40.186505,category/toys-&-games,meesho_complete_dataset_20250902_215240.json
MEESHO_1000995,Indya Casual Dress - Makeup,Beauty & Health,Makeup,Indya,2791,1563,44,3.8,2021,Out of Stock,Seller_781,https://images.meesho.com/images/products/1000995/1_512.jpg,https://www.meesho.com/product/1000995,High quality casual dress from Indya. Perfect for daily wear.,5,"28,30,32,34",Polyester,True,15 days,10 days,2025-08-03T21:52:40.186511,category/beauty-&-health,meesho_complete_dataset_20250902_215240.json
MEESHO_1000996,Soch Denim Jeans - Kitchen Appliances,Home & Kitchen,Kitchen Appliances,Soch,201,173,14,4.0,357,Limited Stock,Seller_935,https://images.meesho.com/images/products/1000996/1_512.jpg,https://www.meesho.com/product/1000996,High quality denim jeans from Soch. Perfect for daily wear.,2,"28,30,32,34",Cotton,False,15 days,9 days,2025-08-25T21:52:40.186517,category/home-&-kitchen,meesho_complete_dataset_20250902_215240.json
MEESHO_1000997,Varanga Handbag - Tops,Women Clothing,Tops,Varanga,2072,891,57,4.6,548,Limited Stock,Seller_861,https://images.meesho.com/images/products/1000997/1_512.jpg,https://www.meesho.com/product/1000997,High quality handbag from Varanga. Perfect for daily wear.,8,"S,M,L,XL",Rayon,True,15 days,3 days,2025-08-22T21:52:40.186523,category/women-clothing,meesho_complete_dataset_20250902_215240.json
MEESHO_1000998,SASSAFRAS Jewelry Set - Bedding,Home & Kitchen,Bedding,SASSAFRAS,2499,1774,29,3.4,1553,Out of Stock,Seller_719,https://images.meesho.com/images/products/1000998/1_512.jpg,https://www.meesho.com/product/1000998,High quality jewelry set from SASSAFRAS. Perfect for daily wear.,5,One Size,Silk,False,15 days,9 days,2025-08-11T21:52:40.186529,category/home-&-kitchen,meesho_complete_dataset_20250902_215240.json
MEESHO_1000999,Global Desi Casual Dress - Kitchen Appliances,Home & Kitchen,Kitchen Appliances,Global Desi,1877,1239,34,3.8,1141,In Stock,Seller_557,https://images.meesho.com/images/products/1000999/1_512.jpg,https://www.meesho.com/product/1000999,High quality casual dress from Global Desi. Perfect for daily wear.,8,One Size,Silk,False,15 days,9 days,2025-09-02T21:52:40.186535,category/home-&-kitchen,meesho_complete_dataset_20250902_215240.json
